userName,content,score,thumbsUpCount,reviewCreatedVersion,at,cleaned_content,sentiment_score,sentiment_label,review_length
Peter Pröscholdt,"Given that they intend to heavily rely on AI for voicing, I would rather shove a chainsaw inbetween my legs, rather than continueing to use this app.",1,157,,2025-04-30 07:43:59,given that they intend to heavily rely on ai for voicing i would rather shove a chainsaw inbetween my legs rather than continueing to use this app,0.0,neutral,27
Zack Grenig,"I just want to learn Estonian, Serbian, and Khmer and have the block button actually mean something. I'm sorry for having standards.",1,54,6.27.4,2025-04-30 04:15:44,i just want to learn estonian serbian and khmer and have the block button actually mean something im sorry for having standards,-0.4404,negative,22
Victoria Åström (Biku),"""AI-first""... They removed some really useful features, like the sentence discussions where you could ask questions if you were unsure of why a sentence was structured in a specific way. In some case removing years of good advice to help you actually learn the language. And now they've implemented AI into the app. Language learning is way too complex for an AI to handle. Languages are constantly changing, and there's so much cultural context that a machine wont get the way native speakers will",1,180,5.80.4,2025-04-30 04:11:41,aifirst they removed some really useful features like the sentence discussions where you could ask questions if you were unsure of why a sentence was structured in a specific way in some case removing years of good advice to help you actually learn the language and now theyve implemented ai into the app language learning is way too complex for an ai to handle languages are constantly changing and theres so much cultural context that a machine wont get the way native speakers will,0.8795,positive,84
lnstaII [ CASHPIRATE ] App And Earn,"After using Duolingo for over a year to study German, the experience has been positive overall. The app is user-friendly, motivating with its streak system, and covers fundamental vocabulary and grammar well. Listening and speaking exercises help with pronunciation, and spaced repetition reinforces learning effectively. However, it lacks depth for advanced grammar and can feel repetitive over time. Speech recognition can be hit or miss.",5,1,5.65.14,2025-04-30 01:25:53,after using duolingo for over a year to study german the experience has been positive overall the app is userfriendly motivating with its streak system and covers fundamental vocabulary and grammar well listening and speaking exercises help with pronunciation and spaced repetition reinforces learning effectively however it lacks depth for advanced grammar and can feel repetitive over time speech recognition can be hit or miss,0.9169,positive,65
Walt Disney,"threw a random high level trick question that took all my hearts that I don't understand. Music lessons are reading the notes from storage every time a note is played, resulting in, on some phones, lag at the start of every note, which also desyncs the song causing it to occasionally jump forward when the next note is playing.",1,36,6.27.4,2025-04-29 20:12:26,threw a random high level trick question that took all my hearts that i dont understand music lessons are reading the notes from storage every time a note is played resulting in on some phones lag at the start of every note which also desyncs the song causing it to occasionally jump forward when the next note is playing,0.1531,positive,59
Cha Hida,"Duolingo is just gonna make us pay, day by day. 1st, they changed Lingots to Gems. Then, put 5 Hearth for mistakes. They quibbled that they just wanna make us learn better by reviewing past lessons (we got heart by reviewing lessons). Now they removed it & completely want us to pay with Gems if we want to continue to learn without waiting for hours for 1 heart-live. Which is? Gems cost money! *sure we could gain gems by watching ads. I'm tired of those cheap and low quality T*mu ads!",1,55,6.27.4,2025-04-29 18:15:52,duolingo is just gonna make us pay day by day 1st they changed lingots to gems then put 5 hearth for mistakes they quibbled that they just wanna make us learn better by reviewing past lessons we got heart by reviewing lessons now they removed it completely want us to pay with gems if we want to continue to learn without waiting for hours for 1 heartlive which is gems cost money sure we could gain gems by watching ads im tired of those cheap and low quality tmu ads,0.3582,positive,90
Daniel Kanchev,"I don't want AI in a learning app, bring back contract workers. AI-first, customer and worker - last.",1,242,,2025-04-29 15:48:08,i dont want ai in a learning app bring back contract workers aifirst customer and worker last,-0.0572,negative,17
Kendell Ragsdale,ai slop,1,270,,2025-04-29 09:18:05,ai slop,0.0,neutral,2
Menge habesha መንጌ ሐበሻ,thanks good,5,4,6.25.4,2025-04-28 15:10:56,thanks good,0.7003,positive,2
Ahmad Gamal,not good at all the ads are insane,1,81,6.27.4,2025-04-28 15:10:27,not good at all the ads are insane,-0.6256,negative,8
Ahmed Kano58,its really good for learning English,5,0,6.27.4,2025-04-28 15:09:19,its really good for learning english,0.4927,positive,6
dallas winslow,I love Duolingo so so much I know Japanese🇯🇵 now!!!,5,0,6.27.4,2025-04-28 15:05:08,i love duolingo so so much i know japanese now,0.6369,positive,10
Paniz AASG,its so good,5,0,6.27.4,2025-04-28 15:02:57,its so good,0.4927,positive,3
Rosalinda Bass,Really enjoyed learning new languages!,5,0,6.27.4,2025-04-28 15:02:29,really enjoyed learning new languages,0.5563,positive,5
Lucas Kean,love it!!,5,0,,2025-04-28 15:02:02,love it,0.6369,positive,2
Blackbeautygirl,nice and easy,5,0,6.27.4,2025-04-28 15:01:05,nice and easy,0.6908,positive,3
Pizza,"one day, I used up all of my streak freezes and broke my streak. well, that made Duolingo very mad. I tried to flee to Mexico, but on the plane, everyone started coming to me and said ""Spanish or vanish?"" they didn't let me choose spanish.. so now here i am, chained up to do 3 decades of spanish lessons, only then will I get sent back... please help... (it's a joke if you live under a rock and don't know)",1,33,6.27.4,2025-04-28 15:01:04,one day i used up all of my streak freezes and broke my streak well that made duolingo very mad i tried to flee to mexico but on the plane everyone started coming to me and said spanish or vanish they didnt let me choose spanish so now here i am chained up to do 3 decades of spanish lessons only then will i get sent back please help its a joke if you live under a rock and dont know,0.7686,positive,81
Gold Ayodele,it's a really good app for beginners,5,0,6.27.4,2025-04-28 14:57:50,its a really good app for beginners,0.4927,positive,7
亗Abd el moumene,انه افضل تطبيق من حيث تعلم اللغات و مرح في تعلم,5,0,6.27.4,2025-04-28 14:57:30,,0.0,neutral,0
dream gallery,this app work like a game that is fun and challenging ton of easy waay to learn and when somone pass you in rank a quick adrenaline hitting energy pops up i like this because this already showed good result,5,0,6.27.4,2025-04-28 14:57:18,this app work like a game that is fun and challenging ton of easy waay to learn and when somone pass you in rank a quick adrenaline hitting energy pops up i like this because this already showed good result,0.9413,positive,40
Matthew & Katherine Bryson,Very fun to learn new languages with duolingo!,4,0,6.27.4,2025-04-28 14:57:05,very fun to learn new languages with duolingo,0.5563,positive,8
m mamun,it's too cool,5,0,6.27.4,2025-04-28 14:56:15,its too cool,0.3182,positive,3
Toys and Girls,amazing 👏,5,0,6.27.4,2025-04-28 14:55:24,amazing,0.5859,positive,1
aman kebkab,It's amazing 😋😀😀😀,5,0,6.21.3,2025-04-28 14:50:32,its amazing,0.5859,positive,2
Monica Arusei,I think it is the best on learning wether for learning or pleasure,5,0,6.27.4,2025-04-28 14:49:59,i think it is the best on learning wether for learning or pleasure,0.836,positive,13
sayad 26b,একেবারে অসাধারণ একটি App ja sotti ki bolan apnara hmm kon daki,5,0,6.27.4,2025-04-28 14:48:10,app ja sotti ki bolan apnara hmm kon daki,0.0,neutral,9
Radosław Baryś,"Simply great, keep on learning peeps",5,0,6.27.4,2025-04-28 14:46:26,simply great keep on learning peeps,0.6249,positive,6
Phemelo Mantai,it is a ncaa app am learning Spanish and I am very much understanding understanding understanding understanding understanding the words or knowing some alphabets I now wanna learn sign language the prob is idh time to learn I only got around 5 min a day and that's disturbing for my liking😩😩😭😭,5,0,6.27.4,2025-04-28 14:46:02,it is a ncaa app am learning spanish and i am very much understanding understanding understanding understanding understanding the words or knowing some alphabets i now wanna learn sign language the prob is idh time to learn i only got around 5 min a day and thats disturbing for my liking,-0.1531,negative,51
Ashwin Raj,I downloaded this app to learn Hindi for only speaking & listening but they can't just do it separately. I would appreciate it if they give some options just to learn how to communicate.(and not include reading & writing),1,16,,2025-04-28 14:45:46,i downloaded this app to learn hindi for only speaking listening but they cant just do it separately i would appreciate it if they give some options just to learn how to communicateand not include reading writing,0.5499,positive,37
Mikhaella Perolina,"Excellent,for own experience! it's easy for go learn .",5,0,6.27.4,2025-04-28 14:43:28,excellentfor own experience its easy for go learn,0.4404,positive,8
Christine Cartlidge,fun and educational,5,0,6.27.4,2025-04-28 14:41:56,fun and educational,0.5106,positive,3
Ioan,if I break my streak my family will be executed by duo plz help,5,0,6.27.4,2025-04-28 14:41:28,if i break my streak my family will be executed by duo plz help,0.4588,positive,14
Dareen Almughrabi,perfect,5,0,6.27.4,2025-04-28 14:40:45,perfect,0.5719,positive,1
Hira Sarfraz,need alphabets to teach first,2,7,6.27.4,2025-04-28 14:39:49,need alphabets to teach first,0.0,neutral,5
Adriel dylan,Very good for first time learners and also for on the go learning,5,0,6.27.4,2025-04-28 14:38:38,very good for first time learners and also for on the go learning,0.4927,positive,13
Md Asaduzzaman,very good,5,0,,2025-04-28 14:37:49,very good,0.4927,positive,2
Eckszielxylo Jerriccus Gutierrez,doulingo is very interesting it's easy to understand the language and words by listening or typing. this app teach me how to speak any language.,5,0,6.27.4,2025-04-28 14:37:47,doulingo is very interesting its easy to understand the language and words by listening or typing this app teach me how to speak any language,0.7316,positive,25
Maame Esi Benyiwa Anquandah,"I love, love, love, LOVE this app. And it shows less ad's than other apps do",5,0,5.141.7,2025-04-28 14:36:30,i love love love love this app and it shows less ads than other apps do,0.9571,positive,16
Quinter,Nice reminders and learning experiences A 10/10,5,0,6.27.4,2025-04-28 14:35:34,nice reminders and learning experiences a 1010,0.4215,positive,7
صادق خزایی,its amaising,5,0,6.26.2,2025-04-28 14:33:52,its amaising,0.0,neutral,2
Raiziel Anne Corral,"i hate how the ""correct"" answer is actually incorrect it was:17+3+1 I did 21 and the ""correct"" answer was 26",4,1,6.27.4,2025-04-28 14:33:44,i hate how the correct answer is actually incorrect it was1731 i did 21 and the correct answer was 26,-0.5719,negative,20
Shivanarayan Yadav,Duolingo apps very nice,4,0,6.27.4,2025-04-28 14:32:09,duolingo apps very nice,0.4754,positive,4
Allen Fick,Helps me learn German so much,5,0,6.27.4,2025-04-28 14:26:45,helps me learn german so much,0.3818,positive,6
ANTIMA SHARMA,It's a best app to learn many languages 👍👍,5,0,6.27.4,2025-04-28 14:25:57,its a best app to learn many languages,0.6369,positive,8
Kareem Colors,very helpful,5,0,6.27.4,2025-04-28 14:25:21,very helpful,0.4754,positive,2
teferi tegegn,loved it!!!!,5,0,,2025-04-28 14:23:59,loved it,0.5994,positive,2
Elizabeth Aryee,it's very good I like it but don't love it it's teaching me though very well so 4 stars,4,0,6.27.4,2025-04-28 14:22:20,its very good i like it but dont love it its teaching me though very well so 4 stars,0.1339,positive,19
Kyla Keona margate,it's a good app but... my widget says my streak is 1 but it's actually 113 can you pls restore it again it's bothering me but like it much,4,0,6.27.4,2025-04-28 14:21:42,its a good app but my widget says my streak is 1 but its actually 113 can you pls restore it again its bothering me but like it much,0.6187,positive,29
Henry Von Drehle,it is great! I just wish you had more heart without paying,5,0,6.27.4,2025-04-28 14:21:39,it is great i just wish you had more heart without paying,0.7783,positive,12
Ebtaheem Ahmed,رائع جدا,5,0,5.141.7,2025-04-28 14:21:22,,0.0,neutral,0
Leess Leess,I can many Language speak and now I learned already Japanese🇯🇵.that soooo cool👍🥳,5,0,6.27.4,2025-04-28 14:20:50,i can many language speak and now i learned already japanesethat soooo cool,0.3182,positive,13
Babs Thorne,not sure how to repeat phrases to practice,4,0,6.27.4,2025-04-28 14:20:41,not sure how to repeat phrases to practice,-0.2411,negative,8
Riya rishi raj Riya kutty,very nice app I ever seen but my problem is when I ender my email address this would say wrong I don't know that do and only this is my problem and other things is nice ❤️❤️ I would recommend this is best learning app in the world ❤️❤️,5,0,6.24.2,2025-04-28 14:18:58,very nice app i ever seen but my problem is when i ender my email address this would say wrong i dont know that do and only this is my problem and other things is nice i would recommend this is best learning app in the world,0.6106,positive,47
astatix (thestaticemote),very good and easy to learn with duolingo,5,0,6.27.4,2025-04-28 14:18:50,very good and easy to learn with duolingo,0.7474,positive,8
Jo Hall,easy to access and navigate,5,0,6.27.4,2025-04-28 14:18:23,easy to access and navigate,0.4404,positive,5
Jamal Dawe,Easy to learn. Always improving.,5,0,6.27.4,2025-04-28 14:17:15,easy to learn always improving,0.6908,positive,5
Rajkumar Vishwas Rajkumar,das ist gut💗,4,0,6.27.4,2025-04-28 14:16:36,das ist gut,0.0,neutral,3
Bella Victoria Nepomuceno,"It's difficult sometimes, but once I was able to do it and found out my friends also learned languages on Duolingo it became more fun. It was also fun without them, but I think it became more fun with them along :)",5,0,6.27.4,2025-04-28 14:15:27,its difficult sometimes but once i was able to do it and found out my friends also learned languages on duolingo it became more fun it was also fun without them but i think it became more fun with them along,0.9641,positive,41
Autumn Williams,"Exceptional language learning, diverse and sometimes customized ads, very encouraging, although a bit in your face with excess information",4,0,6.27.4,2025-04-28 14:14:50,exceptional language learning diverse and sometimes customized ads very encouraging although a bit in your face with excess information,0.5709,positive,19
FFC Naruto,This app is very helpful to learn any language from basic to beginners.,5,0,6.27.4,2025-04-28 14:14:43,this app is very helpful to learn any language from basic to beginners,0.4754,positive,13
Isaac Evans,really good learning and the scheduling is really good,5,0,6.27.4,2025-04-28 14:14:24,really good learning and the scheduling is really good,0.7496,positive,9
Nena Jordan,"this app is incredible. It helped me learn Russian, and I love how u have to try the next day and it makes the Duolingo bird push u and tell u to do it and it does dramatic faces which that surprisingly helps. Anyways it's amazing that should be it's name and yeah try it out yourself.",5,0,6.27.4,2025-04-28 14:11:43,this app is incredible it helped me learn russian and i love how u have to try the next day and it makes the duolingo bird push u and tell u to do it and it does dramatic faces which that surprisingly helps anyways its amazing that should be its name and yeah try it out yourself,0.9325,positive,57
Mamello Moeketsi,This is the best app to teach you a different language i learnt Korean from this app it's legit and so patient I highly recommend this app I give it a five star I learnt Korean in a month,5,0,6.27.4,2025-04-28 14:10:50,this is the best app to teach you a different language i learnt korean from this app its legit and so patient i highly recommend this app i give it a five star i learnt korean in a month,0.8051,positive,39
Jossy Tedx,the best language teaching app ever,4,0,6.8.3,2025-04-28 14:10:43,the best language teaching app ever,0.6369,positive,6
Vibha Patel,I can learn english but there are ads in it,4,0,6.27.4,2025-04-28 14:09:44,i can learn english but there are ads in it,0.0,neutral,10
Ashish Debnath,great job,5,0,6.27.4,2025-04-28 14:08:47,great job,0.6249,positive,2
Amtul Moiz,i love it,5,0,5.121.10,2025-04-28 14:08:24,i love it,0.6369,positive,3
Ali Murtoza,they use network 😴🥲,3,1,6.25.4,2025-04-28 14:08:14,they use network,0.0,neutral,3
nayan miah,very good,5,0,6.26.2,2025-04-28 14:07:05,very good,0.4927,positive,2
Robert Darrow,easy to learn and the free version doesn't bombard you with adverts. it's a fair balance,5,0,6.27.4,2025-04-28 14:06:45,easy to learn and the free version doesnt bombard you with adverts its a fair balance,0.8176,positive,16
Conor Grogan,amazing for learning languages,5,0,6.27.4,2025-04-28 14:05:54,amazing for learning languages,0.5859,positive,4
ROKON KHAN,"that,s good",5,0,6.27.4,2025-04-28 14:05:26,thats good,0.4404,positive,2
Hong MeyMey,I wish they make chess a course. I would love that.,5,0,6.26.2,2025-04-28 14:04:20,i wish they make chess a course i would love that,0.7845,positive,11
Sunita Vishwakarma,good 👍👍,5,0,6.27.4,2025-04-28 14:01:20,good,0.4404,positive,1
Joyce Njagi,this app help alot,5,0,6.27.4,2025-04-28 14:00:34,this app help alot,0.4019,positive,4
Joan Mora,I love it,4,0,6.27.4,2025-04-28 14:00:20,i love it,0.6369,positive,3
Somtochukwu Ekobay,It's entertaining and fun but works better when paired with other apps.,5,0,6.26.2,2025-04-28 13:59:15,its entertaining and fun but works better when paired with other apps,0.7876,positive,12
Klara Ceka,Duolingo is super cool.But it has a problem when clicking. WHEN I WAS DOING MY 6 DAY STREAK I CLICK THE PIANO BUTTON IT DOES NOT WORK I CLICK IT HARD AGAIN IT DOES NOT WORK.IDK WHAT IS THE PROBLEM BUT...PLSSS FIX THAT,4,0,6.27.4,2025-04-28 13:57:21,duolingo is super coolbut it has a problem when clicking when i was doing my 6 day streak i click the piano button it does not work i click it hard again it does not workidk what is the problem butplsss fix that,-0.2263,negative,43
ام عبودي,perfect,5,0,6.27.4,2025-04-28 13:55:43,perfect,0.5719,positive,1
Prayme Rosario,kiitos,5,0,6.27.4,2025-04-28 13:54:36,kiitos,0.0,neutral,1
Arnab Ekka,Nice language learning app,5,0,6.27.4,2025-04-28 13:53:00,nice language learning app,0.4215,positive,4
Ylac Verdadero,helped me learn other langue that I don't know,5,0,6.27.4,2025-04-28 13:52:53,helped me learn other langue that i dont know,0.0,neutral,9
Sanj R,"Great app to learn, really well structured for people of all abilities to build confidence and keep the grey cells ticking over. Ads on display are super difficult to try and navigate away from, almost aggressive advertising.",4,0,6.27.4,2025-04-28 13:51:35,great app to learn really well structured for people of all abilities to build confidence and keep the grey cells ticking over ads on display are super difficult to try and navigate away from almost aggressive advertising,0.9199,positive,37
Shabnam Usman,I am learning english it's very useful app,5,0,6.25.4,2025-04-28 13:51:01,i am learning english its very useful app,0.4927,positive,8
Aditi Rasam,Good results 👍,5,0,6.27.4,2025-04-28 13:50:41,good results,0.4404,positive,2
Jayni shah,super app,5,0,6.27.4,2025-04-28 13:50:09,super app,0.5994,positive,2
Taruna Chouhan,very nice,5,0,6.26.2,2025-04-28 13:49:24,very nice,0.4754,positive,2
Gaynor Degabriele,I love it,5,0,6.27.4,2025-04-28 13:48:37,i love it,0.6369,positive,3
Connie Van Valkenburgh,"it's easy and fun, and is also really cute.",4,0,6.27.4,2025-04-28 13:47:08,its easy and fun and is also really cute,0.8588,positive,9
Asibuse Sikhosana,It's a good app and its even reminds you to learn. i love it ❤️,5,0,6.26.2,2025-04-28 13:46:47,its a good app and its even reminds you to learn i love it,0.7964,positive,14
A Google user,"makes learning fun. That was what I used to think, I now have uninstalled it. I will admit I wasn't paying for it, so maybe I expect to much for free. They recently changed the way you have to earn hearts to keep playing and it quickly became unbearable for me. It also doesn't actually teach you all that well after a certain point. I hard a 520 day streak so I was reluctant to remove it, but I've finally realised It wasn't teaching me in a useful way. my star rating is only for the free version.",2,9,6.27.4,2025-04-28 13:45:18,makes learning fun that was what i used to think i now have uninstalled it i will admit i wasnt paying for it so maybe i expect to much for free they recently changed the way you have to earn hearts to keep playing and it quickly became unbearable for me it also doesnt actually teach you all that well after a certain point i hard a 520 day streak so i was reluctant to remove it but ive finally realised it wasnt teaching me in a useful way my star rating is only for the free version,0.9282,positive,98
Mustafa “Helkot” Muhammed,This is a good app even my mom uses it,5,0,6.27.4,2025-04-28 13:45:14,this is a good app even my mom uses it,0.4404,positive,10
Emma Howard,"this app was really great, i cant get premium which makes the app actually work, wish they would add some premium features into the app so i could learn better",3,2,6.27.4,2025-04-28 13:44:48,this app was really great i cant get premium which makes the app actually work wish they would add some premium features into the app so i could learn better,0.8822,positive,30
Paras Tanwar,great App for learning Languages,5,0,6.27.4,2025-04-28 13:42:56,great app for learning languages,0.6249,positive,5
Ilma Islam,to well,4,0,6.27.4,2025-04-28 13:41:16,to well,0.2732,positive,2
Mukesh Mukeshwaran,good language leaning app very good app I steady Japanese language nice app,5,0,6.27.4,2025-04-28 13:40:30,good language leaning app very good app i steady japanese language nice app,0.8225,positive,13
Md. Abu Rayhan Prince,Great App for learning new languages. Super easy to use. 9 out of 10 for UI.,5,0,6.27.4,2025-04-28 13:40:09,great app for learning new languages super easy to use 9 out of 10 for ui,0.8979,positive,16
Rajuma Laskar,this app is very good. 👍 I am practicing English. i was able to learn English. thank you so much,5,0,6.27.4,2025-04-28 13:39:23,this app is very good i am practicing english i was able to learn english thank you so much,0.6901,positive,19
Oratile Khalo,It's such an amazing app to learn any language you want! it makes you learn at your own pace and time just make sure you keep track of that streak though because Duo is watching 👀,5,0,6.27.4,2025-04-28 13:39:20,its such an amazing app to learn any language you want it makes you learn at your own pace and time just make sure you keep track of that streak though because duo is watching,0.7506,positive,35
samson fregene,cool,5,0,6.27.4,2025-04-28 13:39:13,cool,0.3182,positive,1
subashdon subashpro,perfect consistent useful,5,0,6.26.2,2025-04-28 13:39:06,perfect consistent useful,0.765,positive,3
Bgg Hhgg,"I was learning very well with Duolingo and had built a strong 250-day streak. I practiced every day without missing even once. But when the chapters became more difficult, I made some mistakes and lost all my hearts (lives). After losing hearts, I was unable to complete my daily lessons. This continued for 3 days and my 250-day streak broke. I feel very disappointed because Duolingo is supposed to help people learn languages, not punish them for making mistakes. The heart system and the paid",1,8,,2025-04-28 13:34:44,i was learning very well with duolingo and had built a strong 250day streak i practiced every day without missing even once but when the chapters became more difficult i made some mistakes and lost all my hearts lives after losing hearts i was unable to complete my daily lessons this continued for 3 days and my 250day streak broke i feel very disappointed because duolingo is supposed to help people learn languages not punish them for making mistakes the heart system and the paid,-0.9363,negative,85
Aasheram Raj put,Good 😊😊😊😊😊😊😊😊👍👍👍......................,4,0,6.27.4,2025-04-28 13:34:10,good,0.4404,positive,1
Manju Bhattarai,it's quite good but when the new lesson starts it gives us plenty of new words which we don't know and if we do it wrong our heart will decrease.. that's it thanku Duolingo 🤍 for teaching me new things🤍,3,1,6.27.4,2025-04-28 13:32:19,its quite good but when the new lesson starts it gives us plenty of new words which we dont know and if we do it wrong our heart will decrease thats it thanku duolingo for teaching me new things,-0.4684,negative,39
H BC,"Los caractéres en mandarín y árabe son tan pequeños que no se distinguen, ponen más énfasis en las inútiles animaciones que en lo que deberían. La decadencia de Duolingo, no es lo que fue.",1,5,5.103.8,2025-04-28 13:31:02,los caractres en mandarn y rabe son tan pequeos que no se distinguen ponen ms nfasis en las intiles animaciones que en lo que deberan la decadencia de duolingo no es lo que fue,-0.5267,negative,34
T Jeevana Roshini,score keeps decreasing instead of increasing during xp boost.. so annoying,1,3,6.27.4,2025-04-28 13:29:44,score keeps decreasing instead of increasing during xp boost so annoying,0.3197,positive,11
Adrian Pateman,"Terrible. I've been using Duolingo for a couple of years and been progressing quite nicely. All of a sudden, they've changed the syllabus and dumped me in the middle of a course where 60 per cent of the vocabulary and grammatical concepts are unfamiliar. And they don't give you the option of going back to repeat lessons; just grope around by trial and error. Absolutely furious.",1,6,6.27.4,2025-04-28 13:29:30,terrible ive been using duolingo for a couple of years and been progressing quite nicely all of a sudden theyve changed the syllabus and dumped me in the middle of a course where 60 per cent of the vocabulary and grammatical concepts are unfamiliar and they dont give you the option of going back to repeat lessons just grope around by trial and error absolutely furious,-0.8519,negative,66
Alpa Dubey,this was intelligent app.,5,0,6.26.2,2025-04-28 13:27:33,this was intelligent app,0.4588,positive,4
Shobhit Chandra,I HONESTLY LOVE ITTTT!!!,5,0,6.27.4,2025-04-28 13:26:27,i honestly love itttt,0.802,positive,4
Krishna P,first afol I say iam very excited and now iam very happy because iam study german language and I studied german thanks very much💓✨✨✨😘😘😘😘😘😘😘😘😘😘💕💕💕💕😘😘😘😘😘😘😘😘😘❤️❤️❤️❤️❤️❤️❤️❤️❤️❤️thanks to Duolingo thanks very much iam proudly say this app is very helpful to everyone,5,0,5.121.10,2025-04-28 13:25:54,first afol i say iam very excited and now iam very happy because iam study german language and i studied german thanks very muchthanks to duolingo thanks very much iam proudly say this app is very helpful to everyone,0.9609,positive,39
Jamal Anjum,this is a very good app I use this app everyday and my streak in this app is 183 with this app I m learning the languages like - spanish and English words- come estas means- how are you moubean - I'm fine sentence - puedas hablar mas lento por favor english - miscellaneous mischievous sentence - I have a mischievous plan i really like this app my id Muhammad khubaib khan ♥️♥️♥️♥️♥️♥️♥️♥️♥️♥️♥️♥️♥️♥️😊😊😊😊😊😊😊😊😊😊😊😊😊😊😄😄😄😄😄😄😄😄😄😄😄😄😄😄😁😁😁😁😁😁😁😁😁😁😁😁😁😀,5,0,6.18.3,2025-04-28 13:24:29,this is a very good app i use this app everyday and my streak in this app is 183 with this app i m learning the languages like spanish and english words come estas means how are you moubean im fine sentence puedas hablar mas lento por favor english miscellaneous mischievous sentence i have a mischievous plan i really like this app my id muhammad khubaib khan,0.9061,positive,67
Kristen Applegate,amazing work this is really helping me I'm la niná,5,0,6.27.4,2025-04-28 13:23:34,amazing work this is really helping me im la nin,0.7425,positive,10
parth kulkarni,nice,4,0,5.65.14,2025-04-28 13:23:11,nice,0.4215,positive,1
Shubhashree.V. Gujjar,please add Thai language also please,4,0,,2025-04-28 13:22:18,please add thai language also please,0.5574,positive,6
Barbara Obeng,love this app you can learn any language you want so I recommend it to anyone who wants to learn other languages.,5,0,6.25.4,2025-04-28 13:21:24,love this app you can learn any language you want so i recommend it to anyone who wants to learn other languages,0.829,positive,22
dee,best to learn for the entire family. enjoing it,5,0,6.27.4,2025-04-28 13:18:11,best to learn for the entire family enjoing it,0.6369,positive,9
khader basha,it's really useful to everyone even a kid will learn any language they want it's the best and fastest way to be learned,5,0,6.27.4,2025-04-28 13:18:01,its really useful to everyone even a kid will learn any language they want its the best and fastest way to be learned,0.8268,positive,23
A Google user,"If you do well with positive and negative reinforcement but no explanation as to why or what you did wrong, or right, great, this app is for you. Also, I'll get a stray lesson that is more advanced than I am currently. Again, no explanation. If I didn't already pay for a year in advance, I would have deleted the app already. My bad for not researching it more ahead of time.",1,7,6.27.4,2025-04-28 13:16:42,if you do well with positive and negative reinforcement but no explanation as to why or what you did wrong or right great this app is for you also ill get a stray lesson that is more advanced than i am currently again no explanation if i didnt already pay for a year in advance i would have deleted the app already my bad for not researching it more ahead of time,-0.8256,negative,72
Sayantika Das,This is a really very good app for Japanese...,5,0,,2025-04-28 13:16:38,this is a really very good app for japanese,0.5379,positive,9
Majid Sadaqat,This app is amazing for learning any language. One annoying thing is that there are too much ads and sometimes you have to watch two ads in a row. Besides that every lesson is amazing. Love you Duolingo.,5,0,6.27.4,2025-04-28 13:16:12,this app is amazing for learning any language one annoying thing is that there are too much ads and sometimes you have to watch two ads in a row besides that every lesson is amazing love you duolingo,0.8779,positive,38
Ervin Totoro,it helps a lot with my dutch thank you duolingo,4,0,6.27.4,2025-04-28 13:15:59,it helps a lot with my dutch thank you duolingo,0.6249,positive,10
Cameron Marshal,I deleted it and duo didn't kill me 🔥🔥🔥🔥,5,0,5.139.5,2025-04-28 13:15:58,i deleted it and duo didnt kill me,0.5773,positive,8
Heather Watters,meh 283,3,1,6.27.4,2025-04-28 13:15:32,meh 283,-0.0772,negative,2
Zahraa Hajhassan,super good,5,0,6.27.4,2025-04-28 13:14:33,super good,0.7783,positive,2
Anamika SEn,nice,3,0,6.27.4,2025-04-28 13:13:40,nice,0.4215,positive,1
Umesh Srivastava,perfect for me,5,0,6.27.4,2025-04-28 13:11:12,perfect for me,0.5719,positive,3
Malarselvi Aravind,"In daily streak challenges, the Hindi lesson tests are having repetitive questions and it's so boring.",3,1,6.27.4,2025-04-28 13:08:33,in daily streak challenges the hindi lesson tests are having repetitive questions and its so boring,-0.5706,negative,16
iman fatima,its making me smarter,5,0,6.27.4,2025-04-28 13:08:00,its making me smarter,0.4588,positive,4
Belum Hemalatha,this app is very useful to us who will learn a new lanuage..tq,4,0,6.27.4,2025-04-28 13:07:04,this app is very useful to us who will learn a new lanuagetq,0.4927,positive,13
JK JubaiR MiR (Evna Amin),ভালো App✨ Learning App,5,0,6.22.3,2025-04-28 13:06:43,app learning app,0.0,neutral,3
Vaishnav Chougale,very cute 🥺,5,0,6.27.4,2025-04-28 13:06:43,very cute,0.5095,positive,2
Fardin Ahmmed,it is the best learning app in the world,5,0,6.27.4,2025-04-28 13:05:50,it is the best learning app in the world,0.6369,positive,9
Parvin Khatun,Best One👍👍,5,0,6.27.4,2025-04-28 13:05:03,best one,0.6369,positive,2
FLASHFORM CHOAS,this app is lovely,5,0,,2025-04-28 13:03:47,this app is lovely,0.5859,positive,4
saroj kumari,best game for learning language,5,0,6.27.4,2025-04-28 13:03:41,best game for learning language,0.6369,positive,5
Diya Mazumder,Great app,5,0,6.27.4,2025-04-28 13:03:05,great app,0.6249,positive,2
Murshid Rahmani,One of the best,5,0,6.27.4,2025-04-28 13:01:24,one of the best,0.6369,positive,4
Landolsi Ahlem,"started off as great, but then it became more about winning awards and getting the free version, more than educational.",2,1,6.26.2,2025-04-28 13:01:11,started off as great but then it became more about winning awards and getting the free version more than educational,0.9546,positive,20
Tihomir Kolaric,Great and user friendly!,5,0,6.27.4,2025-04-28 13:00:56,great and user friendly,0.8074,positive,4
Kalifa Sidibe,great apps,4,0,6.26.2,2025-04-28 13:00:35,great apps,0.6249,positive,2
usha rani,good for kids,5,0,6.27.4,2025-04-28 13:00:22,good for kids,0.4404,positive,3
Achonma Zhema,"It's an interesting app, easy to understand, and you'll notice progress if you're consistent, I'm enjoying it so far",5,0,6.26.2,2025-04-28 13:00:18,its an interesting app easy to understand and youll notice progress if youre consistent im enjoying it so far,0.8957,positive,19
Raju Maile,best app✨👍,5,0,5.138.6,2025-04-28 12:58:39,best app,0.6369,positive,2
Satyajit Das,Very good for learning new languages,5,0,6.27.4,2025-04-28 12:58:10,very good for learning new languages,0.4927,positive,6
saranya sdnr,"in India only hind ahh no other language like tamil, Telugu and other where is not have sri lanka language shinala were",1,2,6.6.6,2025-04-28 12:57:00,in india only hind ahh no other language like tamil telugu and other where is not have sri lanka language shinala were,0.0772,positive,22
Md. Jubayer Rohoman Jitu,ভাল,5,0,6.27.4,2025-04-28 12:55:44,,0.0,neutral,0
Eli Chapman,I think this is a very good app I have started to learn Greek and this not only helps it makes it fun five out of five,5,0,,2025-04-28 12:53:24,i think this is a very good app i have started to learn greek and this not only helps it makes it fun five out of five,0.6496,positive,27
Hardik Desai,"Great way to learn language speaking, listening, writing Thank you Duolingo",5,0,6.27.4,2025-04-28 12:52:36,great way to learn language speaking listening writing thank you duolingo,0.765,positive,11
Maya Ali Maya,it's amazing app I can't describe it in words,4,0,6.27.4,2025-04-28 12:51:14,its amazing app i cant describe it in words,0.5859,positive,9
Sushil Tripathi,"its best 👍 In this app you can learn any language like Korean, Japanese, Thai etc. This is the best for kids and adults also .",5,0,6.23.2,2025-04-28 12:51:10,its best in this app you can learn any language like korean japanese thai etc this is the best for kids and adults also,0.8979,positive,24
antor hossain,"it's a good platform. But i'm not good at english. After i learn english properly, & I'm trying to give you a good review.",5,0,6.27.4,2025-04-28 12:49:45,its a good platform but im not good at english after i learn english properly im trying to give you a good review,0.8641,positive,23
Kanisha Dubey Gudiya,The app is nice but there are many languages which are not available to learn in the app. I wanted to learn filipino but the language is not available so overall my experience was not that good but if you want to learn other languages so you can definitely use this app,3,0,,2025-04-28 12:49:05,the app is nice but there are many languages which are not available to learn in the app i wanted to learn filipino but the language is not available so overall my experience was not that good but if you want to learn other languages so you can definitely use this app,0.4916,positive,52
Sreeyanshi Tripathy,I love the it teach to... 💟I love you dolingo...... but but there is something messing in teaching I hate little bit... 😢😡,4,0,,2025-04-28 12:48:35,i love the it teach to i love you dolingo but but there is something messing in teaching i hate little bit,-0.2144,negative,22
Padmaja Patil,very good 👍,5,0,6.27.4,2025-04-28 12:48:25,very good,0.4927,positive,2
Munna Kumar,excellent,5,0,6.27.4,2025-04-28 12:48:05,excellent,0.5719,positive,1
Rawan KARAKI,my dauter learned sooooo much in just two days!,5,0,6.27.4,2025-04-28 12:47:36,my dauter learned sooooo much in just two days,0.0,neutral,9
Ridhvir Gupta,sooo good love itttt!!!!!,5,0,6.27.4,2025-04-28 12:45:55,sooo good love itttt,0.7964,positive,4
Alex Bogov,"looks lire really useful application, i love it.",5,0,6.27.4,2025-04-28 12:45:46,looks lire really useful application i love it,0.8251,positive,8
Mohammed Shahbaz,i love this app,5,0,6.27.4,2025-04-28 12:44:28,i love this app,0.6369,positive,4
0131 Yousha,"it's really helpful 😁, Specially, U are so cute duo....",5,0,6.27.4,2025-04-28 12:43:40,its really helpful specially u are so cute duo,0.7881,positive,9
T Taylor,I like this app because the modules are quick and helpful,5,0,6.27.4,2025-04-28 12:42:39,i like this app because the modules are quick and helpful,0.6486,positive,11
Sujala Paleri,i like this app because it don't want money to learn and i like it,4,0,6.27.4,2025-04-28 12:42:04,i like this app because it dont want money to learn and i like it,0.5828,positive,15
P M,Nice app! Would really like to have expanded feature of drawing letters/symbols like in japanese hiragana/katakana. S pen works really good but it would really shine if you could practice drawing more than once and repetitively as well as without the automated guidelines so you coul draw it more crudely to practice form. Dropped it to 2 stars because Duo is interrupting every lesson 2 times with annoying sound. Kanji drawing is still broken,1,0,6.27.4,2025-04-28 12:42:03,nice app would really like to have expanded feature of drawing letterssymbols like in japanese hiraganakatakana s pen works really good but it would really shine if you could practice drawing more than once and repetitively as well as without the automated guidelines so you coul draw it more crudely to practice form dropped it to 2 stars because duo is interrupting every lesson 2 times with annoying sound kanji drawing is still broken,-0.743,negative,74
Sarmin Akter,this app is so so good . try this app . ciao,5,0,6.27.4,2025-04-28 12:41:23,this app is so so good try this app ciao,0.6236,positive,10
Theo Lock,More than 40 languages!,5,0,6.26.2,2025-04-28 12:40:52,more than 40 languages,0.0,neutral,4
Kristin Brown,Fun way to learn new languages,5,0,6.27.4,2025-04-28 12:40:08,fun way to learn new languages,0.5106,positive,6
Justin Thomas,"I used to love this app, the push for max and increase in ads disrupts the learning experience now.",3,2,6.27.4,2025-04-28 12:39:29,i used to love this app the push for max and increase in ads disrupts the learning experience now,0.7579,positive,19
Goob Dw,it helps me with Russian 🇷🇺🇷🇺🇷🇺,5,0,6.27.4,2025-04-28 12:38:44,it helps me with russian,0.3818,positive,5
MD ROBIUL,good,5,0,6.27.4,2025-04-28 12:38:39,good,0.4404,positive,1
Nazia Yasin,there are some languages missing that we need to learn,2,0,,2025-04-28 12:36:25,there are some languages missing that we need to learn,-0.296,negative,10
Ayub Muhammad,wanna learn new language? just downland this app!,5,0,,2025-04-28 12:35:12,wanna learn new language just downland this app,0.0,neutral,8
Jan Ceddy Minoza,awesome,5,0,,2025-04-28 12:34:44,awesome,0.6249,positive,1
raja SM,👍,5,0,6.27.4,2025-04-28 12:32:57,,0.0,neutral,0
Flaviana Amilya,it doesn't have Jamaican,4,0,,2025-04-28 12:32:15,it doesnt have jamaican,0.0,neutral,4
Nishu kumar Singh,can u give thai please 🙇,2,0,,2025-04-28 12:31:57,can u give thai please,0.3182,positive,5
hitarth,Very good language learning app,5,0,6.27.4,2025-04-28 12:31:56,very good language learning app,0.4927,positive,5
Diana Rached,it is soo useful and fun to help me learn a new language,5,0,6.27.4,2025-04-28 12:31:53,it is soo useful and fun to help me learn a new language,0.836,positive,13
el mehdi moumane,the app is so good 👍😊,5,0,6.27.4,2025-04-28 12:30:20,the app is so good,0.5777,positive,5
Emma Fidler,I have alot of free time so I wanted to try out duo and I love it try it it's fun,5,0,6.27.4,2025-04-28 12:30:17,i have alot of free time so i wanted to try out duo and i love it try it its fun,0.8957,positive,21
Pawan Sen,good 👍 👍 👍 👍 👍,5,0,6.27.4,2025-04-28 12:29:07,good,0.4404,positive,1
Lydia Chambers,it help me a lot it is amazing I now know how to speak French and Mexican it is so good I can not say a bad thing about it I love all of the free trials help metaly it told me where I went wrong and it is fun plus it gives a calm down time so I love it i recommend it is the best thing i download it is so good i love it is it amazing.,5,0,6.27.4,2025-04-28 12:28:25,it help me a lot it is amazing i now know how to speak french and mexican it is so good i can not say a bad thing about it i love all of the free trials help metaly it told me where i went wrong and it is fun plus it gives a calm down time so i love it i recommend it is the best thing i download it is so good i love it is it amazing,0.9938,positive,80
Oscar Agressott,Great,5,0,6.27.4,2025-04-28 12:28:19,great,0.6249,positive,1
mustafa abayomi,what a lovely app,5,0,6.27.4,2025-04-28 12:25:37,what a lovely app,0.5859,positive,4
shrikant ghodmare,great deal,5,0,6.21.3,2025-04-28 12:24:08,great deal,0.6249,positive,2
Ahammed Junaid P A Thasneem Abdullah,this is the best thing I have ever seen before,5,0,6.27.4,2025-04-28 12:24:08,this is the best thing i have ever seen before,0.6369,positive,10
Gertrude Akpale,"This app is great for all ages. I am on my Spanish course and it's so easy to learn! Duo needs an oscar. If this app had a Netfix channel, I would give it an ""I LOVE IT👍👍"" Anyways my review on Duolingo is complete. Spanish or Vanish?",5,0,6.27.4,2025-04-28 12:24:04,this app is great for all ages i am on my spanish course and its so easy to learn duo needs an oscar if this app had a netfix channel i would give it an i love it anyways my review on duolingo is complete spanish or vanish,0.9192,positive,48
Noy Wanriko,Abit boring but teaches me alot of things :) 😃,3,1,6.27.4,2025-04-28 12:23:33,abit boring but teaches me alot of things,-0.1655,negative,8
Mike Wolfe,"I really love this app, it's great for learning other languages very easy to use explains mistakes and doesn't overload you with multiple words at one time! I use it everyday!",5,0,6.27.4,2025-04-28 12:23:23,i really love this app its great for learning other languages very easy to use explains mistakes and doesnt overload you with multiple words at one time i use it everyday,0.908,positive,31
Salil Pawar,I was learning korean and now I can speak korean best app ever,5,0,6.27.4,2025-04-28 12:23:23,i was learning korean and now i can speak korean best app ever,0.6369,positive,13
Mohd Kaif,aap bhi seekho,5,0,6.23.2,2025-04-28 12:23:22,aap bhi seekho,0.0,neutral,3
Roger Mozingo,Fun and very intuitive,5,0,6.27.4,2025-04-28 12:22:30,fun and very intuitive,0.5106,positive,4
Royal Rattu,excellent,4,0,6.26.2,2025-04-28 12:22:04,excellent,0.5719,positive,1
Sridevy Ilayarajaa,I have learned many words in french because of duolingo thank you,5,0,6.27.4,2025-04-28 12:21:15,i have learned many words in french because of duolingo thank you,0.3612,positive,12
Jacklin Jerin,this is Very helpfully Apps i like this✌️,5,0,6.26.2,2025-04-28 12:20:11,this is very helpfully apps i like this,0.7474,positive,8
Arisa Afruj,is my favorite,5,0,6.27.4,2025-04-28 12:16:01,is my favorite,0.4588,positive,3
Ashok Sharma,nice,5,0,6.27.4,2025-04-28 12:15:56,nice,0.4215,positive,1
Evelyn Boamah,the best language learning app ever,5,0,6.27.4,2025-04-28 12:15:52,the best language learning app ever,0.6369,positive,6
PRATIK AUTADE,nice,4,0,6.27.4,2025-04-28 12:15:34,nice,0.4215,positive,1
Remya Mari,good,3,1,6.27.4,2025-04-28 12:15:11,good,0.4404,positive,1
Vaishnavi Handrale,good app to learn languages but yeah if you have time like plenty of time...,5,0,6.25.4,2025-04-28 12:14:50,good app to learn languages but yeah if you have time like plenty of time,0.7906,positive,15
Md Mukless,very good,5,0,6.27.4,2025-04-28 12:14:30,very good,0.4927,positive,2
Karimulla Sk,very useful app to students thanks,5,0,6.27.4,2025-04-28 12:13:16,very useful app to students thanks,0.7264,positive,6
Gaytri Yadav,all languages are available on Duolingo I like this app. now I can learn any language on Duolingo.,5,0,6.27.4,2025-04-28 12:11:45,all languages are available on duolingo i like this app now i can learn any language on duolingo,0.3612,positive,18
Priyanka Mandal,I thought this is for small children but every body can learn english in this app thank you Duolingo....,5,0,6.24.2,2025-04-28 12:10:57,i thought this is for small children but every body can learn english in this app thank you duolingo,0.5023,positive,19
Mind glow,excellent,5,0,6.27.4,2025-04-28 12:10:53,excellent,0.5719,positive,1
Nikita Chow,I love this app and have been using super Duolingo everyday for a few years now. Suddenly it refuses to open. I have tried reinstalling it again but it still won't open. Please help me,5,0,6.27.4,2025-04-28 12:10:22,i love this app and have been using super duolingo everyday for a few years now suddenly it refuses to open i have tried reinstalling it again but it still wont open please help me,-0.0721,negative,35
Roseline Mbonu,Duolingo is one of the best learning apps. The lessons are well structured and easy to comprehend.,5,0,6.27.4,2025-04-28 12:10:01,duolingo is one of the best learning apps the lessons are well structured and easy to comprehend,0.8481,positive,17
Pavel,"Great app, I love it. And love the owl, nice mascot.",5,0,6.27.4,2025-04-28 12:08:21,great app i love it and love the owl nice mascot,0.946,positive,11
Sm Sagor,amazing,5,0,6.27.4,2025-04-28 12:08:17,amazing,0.5859,positive,1
Makai Carter,Great app no ads and educational also fun game,5,0,6.27.4,2025-04-28 12:07:05,great app no ads and educational also fun game,0.7351,positive,9
Elavarasi Naresh,Really super I will improve my english in this app,5,0,6.27.4,2025-04-28 12:05:46,really super i will improve my english in this app,0.8104,positive,10
Arshraj Mishra,from Arsh raj Mishra This app is good for learning a new things And much more,5,0,6.27.4,2025-04-28 12:05:10,from arsh raj mishra this app is good for learning a new things and much more,0.4404,positive,16
John Nandu,yaaa it is very good to learn,5,0,6.27.4,2025-04-28 12:04:53,yaaa it is very good to learn,0.4927,positive,7
Yusuf Ahmed,"it's very efficient and makes sure you understand the section you're looking on and constantly reviews it, it may get a bit repetitive, but trust me it's better in the long run!",4,0,6.27.4,2025-04-28 12:04:50,its very efficient and makes sure you understand the section youre looking on and constantly reviews it it may get a bit repetitive but trust me its better in the long run,0.8884,positive,32
Fateh Kaur,It's amazing 🤩,5,0,6.27.4,2025-04-28 12:03:24,its amazing,0.5859,positive,2
Myo Mya Thandar,"Your app is super amazing and persuade me to keep learning Currently learning Chinese I'm from Myanmar,also wanna learn Eng But having language problem, Is there anything you can do? there's sound issues in mine. sounds isn't available",5,0,6.27.4,2025-04-28 12:03:20,your app is super amazing and persuade me to keep learning currently learning chinese im from myanmaralso wanna learn eng but having language problem is there anything you can do theres sound issues in mine sounds isnt available,0.0772,positive,38
Carla Candido,helps me learn french,5,0,6.27.4,2025-04-28 12:02:44,helps me learn french,0.3818,positive,4
Finley Symington,two words. HELL YEAH,5,0,6.27.4,2025-04-28 12:01:31,two words hell yeah,-0.5267,negative,4
Tanzina sultana,nice,5,0,6.26.2,2025-04-28 11:59:23,nice,0.4215,positive,1
Ruksana,this is best way to start learning english,5,0,6.25.4,2025-04-28 11:59:00,this is best way to start learning english,0.6369,positive,8
JESUS BLESS ALL “JBA”,good,3,0,6.27.4,2025-04-28 11:58:36,good,0.4404,positive,1
EEO Kurukathi,It is used to learn languages,5,0,6.26.2,2025-04-28 11:58:06,it is used to learn languages,0.0,neutral,6
Надежда Казаченко,Это приложение очень хорошее особенно если ты это и так хорошо знаешь язык который учишь но я написал этот отзыв потому что у меня случился баг иза которого у меня бесконечные жизни я не знаю почему но я не хочу так учиться да я понимаю то что (мол воспользуйся этим зачем говоришь) а что нравится?,5,0,6.27.4,2025-04-28 11:57:13,,0.0,neutral,0
S fff,you make a very nice app,4,0,6.27.4,2025-04-28 11:56:36,you make a very nice app,0.4754,positive,6
Lakshmi Nandha MS,This app need more improvement,3,0,6.26.2,2025-04-28 11:56:35,this app need more improvement,0.5095,positive,5
Kylah Causey,🎀it's so fun and I don't have to get out of the house to do this or get off of the couch 🙃 and it's something to do and take time and I learnethings and the duolingo bird is cute!🎀💓,5,0,6.26.2,2025-04-28 11:56:32,its so fun and i dont have to get out of the house to do this or get off of the couch and its something to do and take time and i learnethings and the duolingo bird is cute,0.7645,positive,39
thanhchuc duongthi,"học cũng oke, mới tải lại. tuy nhiên nó thì cứ mở mấy cái phần kiểm tra năng lực và đã 2 ngày rồi mà chưa được vào làm mấy bài khác.",2,1,5.141.7,2025-04-28 11:55:05,hc cng oke mi ti li tuy nhin n th c m my ci phn kim tra nng lc v 2 ngy ri m cha c vo lm my bi khc,0.0,neutral,31
Shaown Toma,nice app very well and very helpful,5,0,6.27.4,2025-04-28 11:55:05,nice app very well and very helpful,0.8067,positive,7
Seyhak Ly,more fn adds please,1,5,6.27.4,2025-04-28 11:54:48,more fn adds please,0.3744,positive,4
Rosemarie Wolf,so far very fun and I don't usually enjoy games on my phone alhumdililah,5,0,6.26.2,2025-04-28 11:54:11,so far very fun and i dont usually enjoy games on my phone alhumdililah,0.3024,positive,14
Jaid,this is a best app this is improve my English my English is a good me read the app for 5 stars Duolingo my favourite app,5,0,6.27.4,2025-04-28 11:54:05,this is a best app this is improve my english my english is a good me read the app for 5 stars duolingo my favourite app,0.875,positive,26
Vijay Shevale,Great,5,0,5.121.10,2025-04-28 11:53:07,great,0.6249,positive,1
umesh gaikawad,Thank you so much Duolingo in english fhastes karney ke liye,5,0,6.27.4,2025-04-28 11:49:40,thank you so much duolingo in english fhastes karney ke liye,0.3612,positive,11
Classes Vishal,cool very nice 🙂,5,0,6.27.4,2025-04-28 11:48:23,cool very nice,0.659,positive,3
رزان العبدالله,تطبيق جيد انصح بتنزيله علمني اكثر من 100 كلمة افضل تطبيق يعلمك اللغات تعلمت انجليزي,5,0,6.27.4,2025-04-28 11:47:47,100,0.0,neutral,1
Ahmad Ali,amazing 😍 🤩😍😍🤩😍🤩🤩😍🤩😍😍🤩🤩😍🤩🤩😍🤩🤩😍🤩🤩😍🤩🤩🤩😍😍🤩🤩🤩🤩🤩🤩🤩🤩🤩🤩🤩🤩🤩😍😍😍🤩😍🤩😍😍🤩😍😍😍😍😍😍😍😍😍😍😍😍😍😍😍😍😍😍😍😍😍😍😍😍😍😍😍😍😍😍😍😍😍😍😍😍😍😍😍😍😍😍😍😍 superb ☺️☺️☺️☺️☺️☺️👍👍👍😊❤️❤️❤️😊❤️😊❤️😊❤️❤️😊😊😊❤️😊😊❤️😊❤️❤️😊❤️❤️❤️😊❤️❤️❤️❤️❤️❤️❤️❤️❤️❤️❤️❤️😊❤️😊❤️😊❤️😊❤️😊❤️😊❤️❤️😊❤️❤️❤️❤️❤️❤️❤️❤️❤️❤️❤️❤️😊❤️😊❤️😊❤️ mind blowing 😊☺️😍🤩☺️☺️😍🤩😊😊😊☺️☺️😍☺️😊☺️😍☺️😊☺️☺️☺️😍☺️☺️☺️☺️☺️☺️☺️☺️☺️☺️☺️☺️☺️☺️☺️☺️☺️☺️☺️☺️☺️☺️☺️☺️☺️☺️☺️☺️☺️☺️☺️☺️☺️☺️☺️☺️☺,5,0,6.27.4,2025-04-28 11:47:09,amazing superb mind blowing,0.836,positive,4
Joey Thumbs,"Great teacher, patience is awesome",5,0,,2025-04-28 11:45:48,great teacher patience is awesome,0.8481,positive,5
Woon Woonyoung,"why do we have to use our heart to learn? this is very troublesome, we should learn for free so that we are smart, not like this, if it is like this it makes learning difficult If rich people can just subscribe to Duolingo Super or Duolingo Max, what about poor people like me? Can't learn easily..",2,2,,2025-04-28 11:45:27,why do we have to use our heart to learn this is very troublesome we should learn for free so that we are smart not like this if it is like this it makes learning difficult if rich people can just subscribe to duolingo super or duolingo max what about poor people like me cant learn easily,-0.2638,negative,57
Ali Sayyed,nice app very good app from this app I learned Japanese and English and other languages,5,0,6.27.4,2025-04-28 11:44:26,nice app very good app from this app i learned japanese and english and other languages,0.7178,positive,16
BBT BIKE,Perffeto,5,0,5.141.7,2025-04-28 11:44:00,perffeto,0.0,neutral,1
Alexander,the bird held me hostage and only let me go if i rated 5 stars,5,0,6.27.4,2025-04-28 11:43:46,the bird held me hostage and only let me go if i rated 5 stars,0.0,neutral,15
Ali,"when I tried to start a Spanish language the app just got into recycling on the start lesson, I did the first lesson maybe 20 times and keep going back to the same point",4,0,5.141.7,2025-04-28 11:42:57,when i tried to start a spanish language the app just got into recycling on the start lesson i did the first lesson maybe 20 times and keep going back to the same point,0.0,neutral,34
Bethany B,"THIS BUG IS STILL NOT FIXED! All I'm asking for is that my accurate high score record be reflected on the app. But it seems that isn't possible. I enjoy parts of this app. But after providing feedback multiple times, including screenshots, regarding a bug affecting my scores in the app and getting no help or response, I'm getting frustrated and disappointed. I like using this app, but also would like my performance to be accurately recorded. Not sure what else to try at this point.",2,2,6.27.4,2025-04-28 11:40:07,this bug is still not fixed all im asking for is that my accurate high score record be reflected on the app but it seems that isnt possible i enjoy parts of this app but after providing feedback multiple times including screenshots regarding a bug affecting my scores in the app and getting no help or response im getting frustrated and disappointed i like using this app but also would like my performance to be accurately recorded not sure what else to try at this point,-0.8118,negative,86
Ayush B,supper app . you need to download and learn . have a good day !,5,0,6.27.4,2025-04-28 11:39:00,supper app you need to download and learn have a good day,0.4404,positive,12
Sina Sami,best app for learning foreign languages😎,5,0,6.27.4,2025-04-28 11:38:35,best app for learning foreign languages,0.6369,positive,6
Pooja Bisht,it is a very good app where you can learn a language step by step with fun not like my french class🤣,5,0,6.27.4,2025-04-28 11:37:30,it is a very good app where you can learn a language step by step with fun not like my french class,0.6579,positive,22
Oldřich Kučera,"What a great idea for an app. I have really improved my language skills. I like how the lessons are structured. What I can't stand (especially as a paying customer) is how bugged the app is. Every second day the experience boosts ( which I spent considerable amount of time earning) just disappear or just change from x3 to x1.5 etc. No big deal if it happens once, but it's been ongoing for months now, and customer support basically doesn't exist. Not even for a paying customer",2,1,6.27.4,2025-04-28 11:35:38,what a great idea for an app i have really improved my language skills i like how the lessons are structured what i cant stand especially as a paying customer is how bugged the app is every second day the experience boosts which i spent considerable amount of time earning just disappear or just change from x3 to x15 etc no big deal if it happens once but its been ongoing for months now and customer support basically doesnt exist not even for a paying customer,0.8247,positive,86
kaviya chandka,this is so good,5,0,6.27.4,2025-04-28 11:31:39,this is so good,0.5777,positive,4
Shashi Tanwar,is the best learning game,5,0,6.27.4,2025-04-28 11:31:31,is the best learning game,0.6369,positive,5
Nandia Nandia,Amazing 👏,5,0,6.27.4,2025-04-28 11:28:30,amazing,0.5859,positive,1
Emrullah Boz,çok eğlenceli ve eğitici bi uygulama İngilizce yi eğlenerek öğreten tek uygulama,5,0,6.27.4,2025-04-28 11:27:28,ok elenceli ve eitici bi uygulama ngilizce yi elenerek reten tek uygulama,0.296,positive,12
Maksuda Parvin,"When I first started using Duolingo, I thought it was great. But over time, I noticed the app's AI system started getting weaker. Many times, it wrongly marks correct answers as incorrect.The same easy-level exercises keep repeating, which makes the learning process boring. What started as a fun learning journey eventually became repetitive and frustrating .It might not be bad for casual learners ,but it is not good option for serious learners in the long run . --- Duolingo Review (Negative)",1,14,6.27.4,2025-04-28 11:25:54,when i first started using duolingo i thought it was great but over time i noticed the apps ai system started getting weaker many times it wrongly marks correct answers as incorrectthe same easylevel exercises keep repeating which makes the learning process boring what started as a fun learning journey eventually became repetitive and frustrating it might not be bad for casual learners but it is not good option for serious learners in the long run duolingo review negative,-0.8684,negative,79
Chidinma Okwuosa,the best app to ever exist. very easy to learn,5,0,6.27.4,2025-04-28 11:25:21,the best app to ever exist very easy to learn,0.8122,positive,10
Sarah Azeem,this app is so helpful to learn a another language you should try it,5,0,6.27.4,2025-04-28 11:23:58,this app is so helpful to learn a another language you should try it,0.5598,positive,14
Kamala Lekshmi,guys it is good that u can enjoy it,5,0,6.27.4,2025-04-28 11:23:17,guys it is good that u can enjoy it,0.7269,positive,9
Vikash Singh,good,5,0,6.27.4,2025-04-28 11:22:43,good,0.4404,positive,1
Maheen Hashmi,its very good app and i learn many Korean language from it love from 🇵🇰🇵🇰❤️,5,0,6.27.4,2025-04-28 11:22:39,its very good app and i learn many korean language from it love from,0.8122,positive,14
Amena Islam,very good 👍😊,5,0,6.27.4,2025-04-28 11:22:39,very good,0.4927,positive,2
Asim Ali,this is very useful app,5,0,6.27.4,2025-04-28 11:22:33,this is very useful app,0.4927,positive,5
ECRIN SU ERTEM,varey. fun. an. it's. helps. us. leaning. a. new. lagwj,5,0,6.27.4,2025-04-28 11:21:58,varey fun an its helps us leaning a new lagwj,0.7096,positive,10
Asma Shahzad,"This app is really good. But need much improvement like grammer sentence, forms of verb etc. I hope will soon improve.",1,2,6.27.4,2025-04-28 11:21:30,this app is really good but need much improvement like grammer sentence forms of verb etc i hope will soon improve,0.9552,positive,21
Prophet /300,I was invited by my mother tthrew her family plan and couldnt be more satisfied with this application (:,5,0,6.27.4,2025-04-28 11:21:28,i was invited by my mother tthrew her family plan and couldnt be more satisfied with this application,-0.3713,negative,18
Crazy Boy,English sikhne ke liye best AAP,5,0,6.27.4,2025-04-28 11:20:18,english sikhne ke liye best aap,0.6369,positive,6
Jaden Elias,this app actually taught me japanese,5,0,6.27.4,2025-04-28 11:19:41,this app actually taught me japanese,0.0,neutral,6
Maunda Ng'andu,it's good app but sometimes it's stuck on loading and I can't play some levels other than that amazing app🤩🤩🤩,4,0,6.26.2,2025-04-28 11:18:48,its good app but sometimes its stuck on loading and i cant play some levels other than that amazing app,0.476,positive,20
Jinal Patni,osem,5,0,6.27.4,2025-04-28 11:18:35,osem,0.0,neutral,1
Vera de Groot,"I had a four star rating for years, but I'm downgrading it now. For a while now, the audio has been terrible on the Irish course. It is often not quite right and sometimes very wrong. Occasionally it doesn't even resemble the word it's supposed to be, and no not because of Irish spelling rules.",3,1,6.27.4,2025-04-28 11:17:45,i had a four star rating for years but im downgrading it now for a while now the audio has been terrible on the irish course it is often not quite right and sometimes very wrong occasionally it doesnt even resemble the word its supposed to be and no not because of irish spelling rules,-0.9107,negative,55
Daulat Lokhande,amezing,5,0,5.141.7,2025-04-28 11:16:52,amezing,0.0,neutral,1
Anjali,there best for children and adults,5,0,6.27.4,2025-04-28 11:16:47,there best for children and adults,0.6369,positive,6
AMRUTA RAJMANE,best app,5,0,6.27.4,2025-04-28 11:16:44,best app,0.6369,positive,2
Alan Oliveira Soares,muito bommmmmmmm,5,0,6.27.4,2025-04-28 11:16:42,muito bommmmmmmm,0.0,neutral,2
nour Draz,this is an amazing app,5,0,6.27.4,2025-04-28 11:16:18,this is an amazing app,0.5859,positive,5
Suryansh kumar,it's best for learning languages. I learned 30% Japanese by cute duolingo. its an easy game. but it's hanging my phone . but I done 86% progress in 1 day!!! it's best for learning languages,4,0,5.101.9,2025-04-28 11:15:32,its best for learning languages i learned 30 japanese by cute duolingo its an easy game but its hanging my phone but i done 86 progress in 1 day its best for learning languages,0.9127,positive,34
Harsh Kumar Nimesh,Amazing. No complains so far... ❤️,5,0,6.27.4,2025-04-28 11:15:32,amazing no complains so far,-0.0,neutral,5
Madhu Srivastava,it's nice easy and fun try it to learn language it's nice,4,0,6.27.4,2025-04-28 11:14:58,its nice easy and fun try it to learn language its nice,0.8957,positive,12
Maya D.souza,it's amazing. i think I'm improving.,5,0,6.27.4,2025-04-28 11:14:37,its amazing i think im improving,0.765,positive,6
Campossilva Katti,esto es una buenisima aplicacion,5,0,6.27.4,2025-04-28 11:11:57,esto es una buenisima aplicacion,0.0,neutral,5
neha Upadhayaya,great app for learning new languages,5,0,6.27.4,2025-04-28 11:11:41,great app for learning new languages,0.6249,positive,6
Nicholas Otto,"This is coming from someone with a 2 year learning streak. The heart system is kinda dumb. It's supposed to make learning more game like, but it just punishes you for learning. There should be a way to watch an ad to restore a heart. Additionally, there's no way to close the app and come back later in the day and resume the lesson you're on... you lose all your progress on closing the app.",3,3,6.27.4,2025-04-28 11:10:13,this is coming from someone with a 2 year learning streak the heart system is kinda dumb its supposed to make learning more game like but it just punishes you for learning there should be a way to watch an ad to restore a heart additionally theres no way to close the app and come back later in the day and resume the lesson youre on you lose all your progress on closing the app,-0.6266,negative,75
NAFIZUR RAHMAN,this is the best app for learning English or any other language without privet teacher!!! this is the teacher who is teaching us all language and increases talking English and singing.,5,0,6.27.4,2025-04-28 11:09:50,this is the best app for learning english or any other language without privet teacher this is the teacher who is teaching us all language and increases talking english and singing,0.6369,positive,31
Sepali Sepali,good,4,0,6.22.3,2025-04-28 11:09:08,good,0.4404,positive,1
Poonam Melage,it's a very good app,4,0,6.25.4,2025-04-28 11:07:49,its a very good app,0.4927,positive,5
Ramjeet Yadav ji,It is the one of one best plateform for learn English as like Game 🎮 it is the absolutely free 🆓🆓 and free all the best 🤠 good luck 🍀🤞,5,0,6.26.2,2025-04-28 11:07:45,it is the one of one best plateform for learn english as like game it is the absolutely free and free all the best good luck,0.975,positive,26
Sonu,this is very nice app,5,0,6.27.4,2025-04-28 11:07:38,this is very nice app,0.4754,positive,5
Jaweria Munir,it has been 5 days of me using it.it made the language so easy. I have a request.can you add sign language too.this would be helpful to many. thankyou,5,0,6.27.4,2025-04-28 11:06:58,it has been 5 days of me using itit made the language so easy i have a requestcan you add sign language toothis would be helpful to many thankyou,0.7609,positive,29
ND_Nahid _Khan 28,ভাইয়া app টি অনেক ভালো,5,0,6.27.4,2025-04-28 11:06:46,app,0.0,neutral,1
Apon Bhuiyan,very helpful for my japanese.,5,0,6.27.4,2025-04-28 11:06:39,very helpful for my japanese,0.4754,positive,5
Juan Pablo Gomez,"I don't feel comfortable with this app, it seems more competitions to gain tournaments than to learn🙄😒",1,8,5.121.10,2025-04-28 11:06:34,i dont feel comfortable with this app it seems more competitions to gain tournaments than to learn,0.241,positive,17
Fatimah Muslimah,Amazing App,5,0,5.141.7,2025-04-28 11:06:19,amazing app,0.5859,positive,2
Jennifer Cash,it is just gooder. it tell language,5,0,6.27.4,2025-04-28 11:05:23,it is just gooder it tell language,0.0,neutral,7
Purva Bhardwaj,"I have been using Duolingo from past four months. My experience is overall very good. But, two days back, there was an update in the aap, which promoted me from level 9 to 26. Because of that I missed all my lessons, there are a plenty of words that I don't know. In my lesson plan I have to go with like 5-6 lessons per level and I have been on the same level for last two days and I have done almost 10 lessons in that level... I don't know what's wrong with that update....fix it please",4,0,6.27.4,2025-04-28 11:05:14,i have been using duolingo from past four months my experience is overall very good but two days back there was an update in the aap which promoted me from level 9 to 26 because of that i missed all my lessons there are a plenty of words that i dont know in my lesson plan i have to go with like 56 lessons per level and i have been on the same level for last two days and i have done almost 10 lessons in that level i dont know whats wrong with that updatefix it please,0.9105,positive,98
Nafees Fatima,very good,4,0,6.27.4,2025-04-28 11:04:05,very good,0.4927,positive,2
praveenroshan praveenroshan,the best free language learning app is this only. I love to use it,5,0,6.9.5,2025-04-28 11:02:37,the best free language learning app is this only i love to use it,0.9136,positive,14
Marina Kawlni,I learn to improve myself and I can talk with people. this app really helps me travel from another country .... like I can't talk to people because I don't know their language but this app help me how to speak in their language. so I don't worry anymore,5,0,6.27.4,2025-04-28 11:02:23,i learn to improve myself and i can talk with people this app really helps me travel from another country like i cant talk to people because i dont know their language but this app help me how to speak in their language so i dont worry anymore,0.8939,positive,48
Deva Hindig,it is very nice,5,0,,2025-04-28 11:01:54,it is very nice,0.4754,positive,4
Jeneba Konneh,amazing,5,0,6.27.4,2025-04-28 11:01:44,amazing,0.5859,positive,1
Jaysingh Kumar,main dolingo app se bahut khush hun yah aap bhut aach hai,5,0,6.26.2,2025-04-28 11:01:41,main dolingo app se bahut khush hun yah aap bhut aach hai,0.0,neutral,12
Anupam Singh,Very good and intresting app.Thank you Duo,5,0,6.26.2,2025-04-28 11:00:56,very good and intresting appthank you duo,0.4927,positive,7
Kajal Kumari Kaja,"very useful for learning ,and speaking any language.... you must try it",5,0,,2025-04-28 11:00:54,very useful for learning and speaking any language you must try it,0.4927,positive,12
Nhlakanipho Mbelu,triple xp can get cancelled at any time for no reason,2,2,6.27.4,2025-04-28 11:00:47,triple xp can get cancelled at any time for no reason,-0.1531,negative,11
Kittu Raj,sikhne ke liye bahut achha app hai,5,0,6.25.4,2025-04-28 11:00:01,sikhne ke liye bahut achha app hai,0.0,neutral,7
Diya Biswas,I am not satisfied,1,2,5.121.10,2025-04-28 10:59:48,i am not satisfied,-0.3252,negative,4
aadi Patil7798,nice 🙂,5,0,6.27.4,2025-04-28 10:59:10,nice,0.4215,positive,1
Vison Official,FULL OF BUGS 🤔,1,2,,2025-04-28 10:57:29,full of bugs,0.0,neutral,3
itzluwii,very good very nice,5,0,6.27.4,2025-04-28 10:57:14,very good very nice,0.7615,positive,4
RAHUL GUPTA,nice,5,0,6.27.4,2025-04-28 10:57:01,nice,0.4215,positive,1
Reyhan keselek .,"[BUG] (On Android 15) No sounds from the chararters, Frequent crashes",2,1,6.27.4,2025-04-28 10:55:56,bug on android 15 no sounds from the chararters frequent crashes,-0.296,negative,11
Sharadchandra Raghav,best for learning English speaking,5,0,6.27.4,2025-04-28 10:55:10,best for learning english speaking,0.6369,positive,5
Samuel Darrah,I think it's great learning with Duolingo I wasn't good In English but when I started learning with Duolingo I'm now better than before I love Duolingo ☺️😊I recommend Duolingo to everyone who is good in English Within one month you'll be able to speak English confidently,5,0,6.19.2,2025-04-28 10:54:50,i think its great learning with duolingo i wasnt good in english but when i started learning with duolingo im now better than before i love duolingo i recommend duolingo to everyone who is good in english within one month youll be able to speak english confidently,0.95,positive,47
Sareef Mansuri,I give 100 💯 star ⭐ to Duolingo I love this app thanks for teach me,5,0,6.27.4,2025-04-28 10:54:20,i give 100 star to duolingo i love this app thanks for teach me,0.7964,positive,14
Reem Asaad,very useful app,5,0,6.26.2,2025-04-28 10:53:29,very useful app,0.4927,positive,3
Anil Raipur,very very very very the world best game,5,0,6.27.4,2025-04-28 10:52:51,very very very very the world best game,0.6666,positive,8
Amina Lak,it's a great app.It reminds you to do lessons everyday ex:a streak,5,0,6.27.4,2025-04-28 10:52:17,its a great appit reminds you to do lessons everyday exa streak,0.6249,positive,12
akilah mawuto,best learning app even and even better on my iphone because on iphone they have when you can talk and it doesn't have that on my android,5,0,6.27.4,2025-04-28 10:51:16,best learning app even and even better on my iphone because on iphone they have when you can talk and it doesnt have that on my android,0.7964,positive,27
Sajan Das,"the English accent is not good , improve the accent, even an expert can't understand that accent",2,2,,2025-04-28 10:51:16,the english accent is not good improve the accent even an expert cant understand that accent,-0.5875,negative,16
Thakur Sapna,good,5,0,6.27.4,2025-04-28 10:51:05,good,0.4404,positive,1
Justin Sims,Very easy to work into a busy schedule.,5,0,6.27.4,2025-04-28 10:49:00,very easy to work into a busy schedule,0.4927,positive,8
Poornima Sharma,it's good 😊,4,0,6.26.2,2025-04-28 10:48:05,its good,0.4404,positive,2
sandy Wesam,it reminds me of my German lessons and it like a game for you to play with Duolingo and now I learn German every day. ❤,5,0,6.27.4,2025-04-28 10:47:03,it reminds me of my german lessons and it like a game for you to play with duolingo and now i learn german every day,0.5994,positive,25
Brawly Sahab,"Very Good, Excellent.",5,0,6.27.4,2025-04-28 10:46:40,very good excellent,0.8004,positive,3
Rajalakshmi Janardhanan,it's good,5,0,5.65.14,2025-04-28 10:45:50,its good,0.4404,positive,2
Stefan B,"This app is so stressful, trying not to get demoted from your league.",1,4,6.27.4,2025-04-28 10:45:49,this app is so stressful trying not to get demoted from your league,-0.6418,negative,13
chandralekha sharma,excellent,5,0,6.27.4,2025-04-28 10:44:43,excellent,0.5719,positive,1
ruby kant,best language learning app must tryyy!!!,5,0,6.27.4,2025-04-28 10:44:38,best language learning app must tryyy,0.6369,positive,6
Jegundagma Jegundagma,good,5,0,6.27.4,2025-04-28 10:43:35,good,0.4404,positive,1
Hasitha Kodituwakku,hauska,5,0,6.27.4,2025-04-28 10:43:15,hauska,0.0,neutral,1
AMAAL,yes it's help me to improve my english language and my grammar same I was very poor in english now I am much better 🙂,5,0,6.13.5,2025-04-28 10:42:13,yes its help me to improve my english language and my grammar same i was very poor in english now i am much better,0.7787,positive,24
YÁSSER RODRÍGUEZ,Great app!,5,0,6.26.2,2025-04-28 10:40:38,great app,0.6249,positive,2
Gina Yeboah,"I love the app, after months now, I can read and understand some sentences in French. Awesome",5,0,6.27.4,2025-04-28 10:40:22,i love the app after months now i can read and understand some sentences in french awesome,0.8591,positive,17
Aditya Chaudhary,aditya chaudhary very good app,5,0,,2025-04-28 10:39:55,aditya chaudhary very good app,0.4927,positive,5
Rekha Mahore,I literally like this App,5,0,6.27.4,2025-04-28 10:38:24,i literally like this app,0.3612,positive,5
Jason Maggard,Fun short lessons,5,0,6.21.3,2025-04-28 10:36:44,fun short lessons,0.5106,positive,3
pallavi sinha,nice app for learning any language,5,0,6.27.4,2025-04-28 10:36:43,nice app for learning any language,0.4215,positive,6
Mahmood R,perfect!,5,0,6.26.2,2025-04-28 10:35:18,perfect,0.5719,positive,1
Banti Kumar,best,5,0,6.27.4,2025-04-28 10:33:17,best,0.6369,positive,1
Emmanuel Zenitzu,This is the best app for me I have learned a lot of language and had fun in it😁😁😁,5,0,6.27.4,2025-04-28 10:33:16,this is the best app for me i have learned a lot of language and had fun in it,0.8176,positive,19
Nondumiso Naledi,Excellent,5,0,5.86.3,2025-04-28 10:32:34,excellent,0.5719,positive,1
Raisul Hasan Rony,best app to Learn English,5,0,6.26.2,2025-04-28 10:30:17,best app to learn english,0.6369,positive,5
Iyanu Oluwa,Great learning app,5,0,6.24.2,2025-04-28 10:30:06,great learning app,0.6249,positive,3
Salma Akter,nice,5,0,6.26.2,2025-04-28 10:29:34,nice,0.4215,positive,1
Stephen Calunod,It's very nice duolingo,5,0,6.26.2,2025-04-28 10:29:16,its very nice duolingo,0.4754,positive,4
Ekanshi Chhipa,very nice 👍🏻🙂,5,0,,2025-04-28 10:29:04,very nice,0.4754,positive,2
Prem Narayan Tiwari,its good but ads for super duo and random ads keep popping up and tbh its cool and modern style,4,0,,2025-04-28 10:29:00,its good but ads for super duo and random ads keep popping up and tbh its cool and modern style,0.882,positive,20
Stefani Spencer,learning Romanian has never been easier to learn,5,0,6.27.4,2025-04-28 10:28:57,learning romanian has never been easier to learn,-0.3252,negative,8
Haroon Hasan,teach new words but daily otherwise this is the best,4,0,5.121.10,2025-04-28 10:28:09,teach new words but daily otherwise this is the best,0.7783,positive,10
Chatrina Deran,good,5,0,6.27.4,2025-04-28 10:27:58,good,0.4404,positive,1
Douglas Wilson,"Well I guess I'm all done with what Duolingo has to offer, I can always come back daily to ""not get rusty"" on the same 7 words 😂😂😂 or pay for super and still do the same 7 words over and over",1,4,6.27.4,2025-04-28 10:27:30,well i guess im all done with what duolingo has to offer i can always come back daily to not get rusty on the same 7 words or pay for super and still do the same 7 words over and over,0.6808,positive,41
한별,"this is a super great app like I can literally learn Japanese and other languages from this app, but when it's strike to 10 pm, duolingo face becomes scary😭 like he's literally mad at me for not learning early (for example 5pm or something) he's kinda scaring me sometimes😭 one time when I was swipping from my apps, I saw his angry face 😭 Duolingo's angry face is scary so advise to y'all please take your lesson early😭 I love duolingo😭🩷",5,0,6.27.4,2025-04-28 10:25:40,this is a super great app like i can literally learn japanese and other languages from this app but when its strike to 10 pm duolingo face becomes scary like hes literally mad at me for not learning early for example 5pm or something hes kinda scaring me sometimes one time when i was swipping from my apps i saw his angry face duolingos angry face is scary so advise to yall please take your lesson early i love duolingo,-0.881,negative,80
Doge Food,really useful,5,0,6.27.4,2025-04-28 10:25:39,really useful,0.4927,positive,2
Vetrivel M,i learned many new language,5,0,,2025-04-28 10:24:40,i learned many new language,0.0,neutral,5
Williams Jason,It's helping me and it is way much fun,4,0,6.27.4,2025-04-28 10:23:43,its helping me and it is way much fun,0.6705,positive,9
Turrgashiny Nana,Great for newbies,5,0,6.27.4,2025-04-28 10:23:06,great for newbies,0.6249,positive,3
Ritu pawan Goyal,best learning platform,5,0,6.27.4,2025-04-28 10:22:24,best learning platform,0.6369,positive,3
Karan Kumar,best app,4,0,6.26.2,2025-04-28 10:21:59,best app,0.6369,positive,2
Sourabh Kumar,very great application,5,0,6.27.4,2025-04-28 10:21:50,very great application,0.659,positive,3
dilder ibrahim,good,5,0,6.27.4,2025-04-28 10:21:36,good,0.4404,positive,1
Shaghayegh Zeraei,awesome,5,0,,2025-04-28 10:20:42,awesome,0.6249,positive,1
Nwike Ngene,perfect place to learn a new language,5,0,6.27.4,2025-04-28 10:19:31,perfect place to learn a new language,0.5719,positive,7
Stanley Geeko,simply wonderful and begginner friendly,5,0,6.27.4,2025-04-28 10:17:58,simply wonderful and begginner friendly,0.7845,positive,5
Matthew Hand,"It's a really fun way to learn another language, I'm learning Korean 🙂",5,0,6.26.2,2025-04-28 10:17:15,its a really fun way to learn another language im learning korean,0.5563,positive,12
Arjumand Arsh,its nice app to learn any language,5,0,6.27.4,2025-04-28 10:15:01,its nice app to learn any language,0.4215,positive,7
Joseph Djaguidi,C'est une application impressionnant,5,0,5.121.10,2025-04-28 10:14:25,cest une application impressionnant,0.0,neutral,4
Ram Loghre,This app is so awesome,5,0,6.27.4,2025-04-28 10:13:32,this app is so awesome,0.7384,positive,5
Teriyani Teriyani,"the Duolingo is that can choose another language and I choose the Chinese so, I can speak Chinese in China!",4,0,6.27.4,2025-04-28 10:12:46,the duolingo is that can choose another language and i choose the chinese so i can speak chinese in china,0.0,neutral,20
antanas jagminas,"quite great app, but temu ad design is terrible! The temu ads are the worst ones ever with terrible AI translation. Please better show normal ads like from network operators or shopping centers.",4,0,6.27.4,2025-04-28 10:10:40,quite great app but temu ad design is terrible the temu ads are the worst ones ever with terrible ai translation please better show normal ads like from network operators or shopping centers,-0.4945,negative,33
Haji The best,super,5,0,6.27.4,2025-04-28 10:10:18,super,0.5994,positive,1
Pearl Chuma,I love this app although there aren't all the languages most people would like it is very good,5,0,6.27.4,2025-04-28 10:09:47,i love this app although there arent all the languages most people would like it is very good,0.8795,positive,18
Rhurani Jennifer,duolingo is the best app to teach you how to speak other languages .,5,0,6.27.4,2025-04-28 10:09:47,duolingo is the best app to teach you how to speak other languages,0.6369,positive,13
Mhi Jakariya,this app is Very good,5,0,,2025-04-28 10:07:44,this app is very good,0.4927,positive,5
ishanka ellawala,i love it.😍😍😍it makes me happy time to practises it bye😀😀😀😉😉😉😉☺😃🙄😊😑🙄😎😂🙄😎🙄😉😍😘😎😂🤗😎😉🤗😍😏😊😎🙄😉😃😎🤗😉🤗😎🤗😋😆🤗😁😃😍😉😎🤗😉🤗😉😉😋🤗😉🤣🙄😆😋🤗😉☺🙄😉😉😎🤩😉☺😉😋🤗😉☺😆😚🤗😁😋😗😑🤔😎😉😎🤗😉☺🙄😉😎😍😉☺🙄😆🤣🤗😚☺🙄😙☺🤗😉☺🤗😁,5,0,6.27.4,2025-04-28 10:07:37,i love itit makes me happy time to practises it bye,0.836,positive,11
Erick Burkle,"Demasiados anuncios después de cada lección, deberían ser uno solo por cada bloque como era antes",1,2,6.27.4,2025-04-28 10:05:46,demasiados anuncios despus de cada leccin deberan ser uno solo por cada bloque como era antes,0.0,neutral,16
Theresa Neil,I wish it would tell you what the word ment before quizing me.,4,0,5.121.10,2025-04-28 10:05:40,i wish it would tell you what the word ment before quizing me,0.4019,positive,13
The Green Kids,"they removed Simple Gifts! ADD IT BACK! i,d add a half star if I could!!!!! and they removed Barbara Allen...AND FIGHT SONG!!!!!!!!!!!!!!!¡!",1,0,6.27.4,2025-04-28 10:05:18,they removed simple gifts add it back id add a half star if i could and they removed barbara allenand fight song,-0.3818,negative,22
Mathew Sunnyshine,The best language companion ever!,5,0,6.26.2,2025-04-28 10:05:01,the best language companion ever,0.6369,positive,5
Aman Basnet,nice app,5,0,6.27.4,2025-04-28 10:03:17,nice app,0.4215,positive,2
Priyadarshini Vignesh,very nice,5,0,6.27.4,2025-04-28 10:03:06,very nice,0.4754,positive,2
Nazim Uddin,nice,5,0,6.27.4,2025-04-28 10:02:47,nice,0.4215,positive,1
lovely Srivastava,it is the best app to learn languages,5,0,6.27.4,2025-04-28 10:02:42,it is the best app to learn languages,0.6369,positive,8
art obsession,It's absolutely great. I started today and I already know quite a bit of japanise! So happy with it.,5,0,6.27.4,2025-04-28 10:01:50,its absolutely great i started today and i already know quite a bit of japanise so happy with it,0.8788,positive,19
Solange Henry,This app is very informative and just the best for learning a new language.....the attitude from Lilliana always cracks me up 😅 download now!!!,5,0,6.27.4,2025-04-28 09:59:44,this app is very informative and just the best for learning a new languagethe attitude from lilliana always cracks me up download now,0.6369,positive,23
Urmila Beniwal,Urmila Beniwal the app is very amazing,5,0,6.27.4,2025-04-28 09:59:33,urmila beniwal the app is very amazing,0.624,positive,7
이지현,A perfect app for language learners!,5,0,6.27.4,2025-04-28 09:59:18,a perfect app for language learners,0.5719,positive,6
MOHAMMED AMMAR HUSSAIN,WOW !,5,0,,2025-04-28 09:57:35,wow,0.5859,positive,1
Kommu Praneeth,too much ads! Irritating,3,0,6.25.4,2025-04-28 09:57:35,too much ads irritating,-0.4588,negative,4
Chet Ram,good 👍👍❤☺,5,0,,2025-04-28 09:56:47,good,0.4404,positive,1
Favour Monday,splendidly awesome app,5,0,6.27.4,2025-04-28 09:56:27,splendidly awesome app,0.802,positive,3
Maria Castil,"TOO MANY ADS❗ This app should focus more on learning the language, please lessen the ads pop up. There are so many incorrect and unclear audio too (I chose hangul/korean lessons) so it gets really messed up sometimes. One time i woke up at 2am and checked my phone to see my duolingo icon on angry mode like wt?????? thats so creepy PLEASE PLEASE PLEASE stop doing that, it scared me to death 😭😭😭",1,2,,2025-04-28 09:56:02,too many ads this app should focus more on learning the language please lessen the ads pop up there are so many incorrect and unclear audio too i chose hangulkorean lessons so it gets really messed up sometimes one time i woke up at 2am and checked my phone to see my duolingo icon on angry mode like wt thats so creepy please please please stop doing that it scared me to death,-0.7425,negative,73
phạm Hiếu,Very Great!,5,0,5.141.7,2025-04-28 09:55:54,very great,0.659,positive,2
Andre Gauvin,"for a free app it can't be beat, instead of playing a game you can play this and learn a new language and of you want to fast track it, the subscriptions is more than reasonable. that was my 5 star, now it's 2 because the app locked up and won't open other than to a solid green screen that says duolingo. deleted it, re-downloaded and now I can't log in, even the online version won't allow log in. Going to lose my streak by no fault of my own.",2,0,6.27.4,2025-04-28 09:55:48,for a free app it cant be beat instead of playing a game you can play this and learn a new language and of you want to fast track it the subscriptions is more than reasonable that was my 5 star now its 2 because the app locked up and wont open other than to a solid green screen that says duolingo deleted it redownloaded and now i cant log in even the online version wont allow log in going to lose my streak by no fault of my own,0.0346,neutral,90
Geeta Devi,this app is very useful i love it so much,4,0,6.26.2,2025-04-28 09:54:45,this app is very useful i love it so much,0.8258,positive,10
Mayuri Shevate,it's cool and amazing app,5,0,6.27.4,2025-04-28 09:53:33,its cool and amazing app,0.7269,positive,5
Vasudha Vasudha,amazing app but they give us limited hearts and if we don't have enough hearts we have to start over the whole lesson which is frustrating,4,0,6.27.4,2025-04-28 09:53:24,amazing app but they give us limited hearts and if we dont have enough hearts we have to start over the whole lesson which is frustrating,-0.5859,negative,26
Manish Sukhadiya,good,5,0,6.27.4,2025-04-28 09:52:33,good,0.4404,positive,1
Devri Ansyah,worth it,5,0,6.27.4,2025-04-28 09:50:38,worth it,0.2263,positive,2
Richelle Tong Zhe Qing,I love Duolingo I am addicted to it,5,0,6.27.4,2025-04-28 09:49:53,i love duolingo i am addicted to it,0.6369,positive,8
Aslam Joiya,I absolutely love this app. its makes me learn so easy and fast :) <3,5,0,6.27.4,2025-04-28 09:49:36,i absolutely love this app its makes me learn so easy and fast 3,0.8494,positive,14
jayaraj nadarajan,Dulingo is a fun language learning app. This app help us to learn any language easily and fastly. I am enjoying and learning Italian well. This is the best language learning app I ever seen. All should try this app.,5,0,6.27.4,2025-04-28 09:49:08,dulingo is a fun language learning app this app help us to learn any language easily and fastly i am enjoying and learning italian well this is the best language learning app i ever seen all should try this app,0.9524,positive,40
Sifen Minasie,it teaches in a very good way and you can log in to your account any time even after a year i really enjoy learning on this app i appreciate it,5,0,5.121.10,2025-04-28 09:48:29,it teaches in a very good way and you can log in to your account any time even after a year i really enjoy learning on this app i appreciate it,0.855,positive,31
Misokuhle Ngcobo,It really do the best and I really and stand,5,0,,2025-04-28 09:47:50,it really do the best and i really and stand,0.6666,positive,10
Raju Raju,good,5,0,6.27.4,2025-04-28 09:46:39,good,0.4404,positive,1
Varughese,I am stuck in unit 1 lesson 1. And I really hate this. I started in learning from the scratch but it get repeated. Duo please solve this,1,0,,2025-04-28 09:45:53,i am stuck in unit 1 lesson 1 and i really hate this i started in learning from the scratch but it get repeated duo please solve this,0.2854,positive,28
Michael Salter,"Easy to use, good learning tool.",5,0,6.27.4,2025-04-28 09:45:49,easy to use good learning tool,0.7003,positive,6
Muthu Kumar,This is very encouraging for learning a language no ad problems,4,0,5.141.7,2025-04-28 09:44:01,this is very encouraging for learning a language no ad problems,-0.0534,negative,11
Saluk 5m Roy,Thankyou Duolingo,5,0,6.27.4,2025-04-28 09:44:00,thankyou duolingo,0.0,neutral,2
Sita Roat,"very nice 👍 , I like this app",5,0,6.24.2,2025-04-28 09:43:36,very nice i like this app,0.707,positive,6
Anderson Bataglini Nunes,"I paid for the most expensive plan because of the calls with Lily. But the experience is terrible, she says things that do not make sense, it seems she does not listen what I say and there are a lot of bugs. Do not pay for it!",2,1,6.27.4,2025-04-28 09:42:28,i paid for the most expensive plan because of the calls with lily but the experience is terrible she says things that do not make sense it seems she does not listen what i say and there are a lot of bugs do not pay for it,-0.5727,negative,47
MD. Sanib,i love this app very much 💗💗💗💗💗💗💗💗💗💗💗💗💗💗💗💗💗💗💗💗💗💗💗💗💗💗💗💗,5,0,6.27.4,2025-04-28 09:40:41,i love this app very much,0.6369,positive,6
Jismol. Sαɱυҽʅ,duo is very understanding,5,0,6.27.4,2025-04-28 09:35:55,duo is very understanding,0.0,neutral,4
Abrar Abdallah,the great and useful app to learn this way easy also Adventist l love it this app help me alot,5,0,6.26.2,2025-04-28 09:34:56,the great and useful app to learn this way easy also adventist l love it this app help me alot,0.9501,positive,20
Ashok Kumar,VERY GOOD APP IN CHILDERS FREE APP,5,0,,2025-04-28 09:31:55,very good app in childers free app,0.7574,positive,7
Shaun Johnson,👍🏻,5,0,6.27.4,2025-04-28 09:30:27,,0.0,neutral,0
Dowlwtgeldiyewaman,great app english ever 👏,5,0,6.27.4,2025-04-28 09:27:32,great app english ever,0.6249,positive,4
LONA LOLA,fantactico,5,0,6.26.2,2025-04-28 09:27:18,fantactico,0.0,neutral,1
John Sullivan,"April, 2025. Finally time to end the 1000+ plus streak. I'm sure you worked hard on the last update but it's going to take me so much longer to do this every day. I'm just too busy",1,5,6.27.4,2025-04-28 09:27:02,april 2025 finally time to end the 1000 plus streak im sure you worked hard on the last update but its going to take me so much longer to do this every day im just too busy,0.1154,positive,37
Trystalyn,It's awesome! But when it comes to ads when your lesson is done. It tells me to get super every single time! But it's great!,4,0,6.27.4,2025-04-28 09:26:39,its awesome but when it comes to ads when your lesson is done it tells me to get super every single time but its great,0.9387,positive,25
Elvedh Hugo Swan,meh cool app but theres some lag,3,0,6.27.4,2025-04-28 09:26:26,meh cool app but theres some lag,-0.3818,negative,7
Shez Campbell,Highly Recommended,4,0,6.27.4,2025-04-28 09:26:08,highly recommended,0.2716,positive,2
Katana,"YES, ITS GOOD",5,0,6.27.4,2025-04-28 09:23:14,yes its good,0.6808,positive,3
Munhjin Monhjin,so good 😊,5,0,,2025-04-28 09:22:19,so good,0.4927,positive,2
Sebastian,its a very good way to learn other languages,5,0,6.27.4,2025-04-28 09:22:04,its a very good way to learn other languages,0.4927,positive,9
neeraj shah,very good app,5,0,,2025-04-28 09:21:19,very good app,0.4927,positive,3
Neil Bryant,Streaks become boring,3,0,6.27.4,2025-04-28 09:21:18,streaks become boring,-0.3182,negative,3
Namita Chawla,a very useful app and it is making me learn French very easily and very quickly Duolingo max is more affected,5,0,6.27.4,2025-04-28 09:19:22,a very useful app and it is making me learn french very easily and very quickly duolingo max is more affected,0.6115,positive,21
Taym Abdel Khalek,real good I now know a lot of Spanish bc if this I wanted Spanish cuz of the duo memes and English or Spanish still a great app ads for super are kinda bad but the thing I hate most is lives imagine a learning app with lives what if I can't learn because I have 0 hearts I will lose my streak I haven't lost it yet good app just better if you remove lives ads for super aren't that annoying anyway,5,0,6.27.4,2025-04-28 09:15:38,real good i now know a lot of spanish bc if this i wanted spanish cuz of the duo memes and english or spanish still a great app ads for super are kinda bad but the thing i hate most is lives imagine a learning app with lives what if i cant learn because i have 0 hearts i will lose my streak i havent lost it yet good app just better if you remove lives ads for super arent that annoying anyway,0.9277,positive,83
Madhu Shah,preety good,4,0,6.27.4,2025-04-28 09:13:57,preety good,0.4404,positive,2
Adrian Soto,since yesterday the app is not working,5,0,6.27.4,2025-04-28 09:13:51,since yesterday the app is not working,0.0,neutral,7
Gagan Kumar,so good,3,0,6.27.4,2025-04-28 09:13:13,so good,0.4927,positive,2
Charleen Van,Duolingo is a fun way to learn another language,5,0,6.27.4,2025-04-28 09:12:49,duolingo is a fun way to learn another language,0.5106,positive,9
Eknath Kadam,good,4,0,6.27.4,2025-04-28 09:09:38,good,0.4404,positive,1
محمد عامر رشیدی سھارنپوری,fantastic And Beautiful Learning App,5,0,6.27.4,2025-04-28 09:06:22,fantastic and beautiful learning app,0.8176,positive,5
Aditi2009,every thing is good 👍,4,0,6.27.4,2025-04-28 09:06:16,every thing is good,0.4404,positive,4
Nuria Adem,Super good for learning new languages,5,0,6.27.4,2025-04-28 09:05:39,super good for learning new languages,0.7783,positive,6
Kumaran,nice app,4,0,6.27.4,2025-04-28 09:04:56,nice app,0.4215,positive,2
ilaha Rahma,first level l studied 8 word I was learning japanese as it very easy to learn 30 words in 3 days its very good app,4,0,6.26.2,2025-04-28 09:04:45,first level l studied 8 word i was learning japanese as it very easy to learn 30 words in 3 days its very good app,0.7496,positive,25
Gowreeswari M,"i really enjoying while I'm using this app,it was so enjoyable and I improve my English and my communication skills, Thank you Duolingo ❤️",4,0,6.27.4,2025-04-28 09:03:38,i really enjoying while im using this appit was so enjoyable and i improve my english and my communication skills thank you duolingo,0.9201,positive,23
raj sharma,Awesome,5,0,6.27.4,2025-04-28 09:02:52,awesome,0.6249,positive,1
Kim Pham,fantastic app!!!!,5,0,6.27.4,2025-04-28 09:02:36,fantastic app,0.5574,positive,2
Karun Kumar,very nice and interesting to learn and I am feeling that I am playing a game world best games by playing game we can learn English in it thank you world thank you,5,0,6.27.4,2025-04-28 09:01:48,very nice and interesting to learn and i am feeling that i am playing a game world best games by playing game we can learn english in it thank you world thank you,0.9542,positive,33
Sindhu Sindhu,this is a nice app to study languages,4,0,6.27.4,2025-04-28 09:01:12,this is a nice app to study languages,0.4215,positive,8
Rekha Kumari,this app make me IPS🔥,5,0,,2025-04-28 09:00:54,this app make me ips,0.0,neutral,5
Asma Akter Tisha,very nice app.love Duolingo up I think it need to more advanced in language we learn,4,0,6.27.4,2025-04-28 08:59:29,very nice applove duolingo up i think it need to more advanced in language we learn,0.6582,positive,16
Anjolajesu Fagbohun,Good for learning a language I love the app 🥰,5,0,6.16.1,2025-04-28 08:58:30,good for learning a language i love the app,0.7964,positive,9
Muhammad Bashir,This is very good and helpful.,5,0,6.27.4,2025-04-28 08:58:11,this is very good and helpful,0.7397,positive,6
Shafiqullah Arian,"It is really interesting program, I love it",5,0,,2025-04-28 08:56:07,it is really interesting program i love it,0.8155,positive,8
Sukh Dhaliwal,ads are irritating,3,0,6.27.4,2025-04-28 08:53:17,ads are irritating,-0.4588,negative,3
Sanyam Bagrecha,must do learning a little faster,4,0,,2025-04-28 08:52:45,must do learning a little faster,0.0,neutral,6
Hara,good,3,0,6.27.4,2025-04-28 08:52:11,good,0.4404,positive,1
Reeddhiman K Mitra,"A really good app to learn new languages, fun to use and free, to say the best app for learning",5,0,5.141.7,2025-04-28 08:50:52,a really good app to learn new languages fun to use and free to say the best app for learning,0.9324,positive,20
Dr.P. Krishnaraj,good,5,0,5.147.3,2025-04-28 08:50:14,good,0.4404,positive,1
Shantinath Chougule,this is very good for learning,5,0,6.27.4,2025-04-28 08:49:50,this is very good for learning,0.4927,positive,6
8A Lochan .V,A Good App but please avoid so many Ads. if not being avoided in few days then I will withdraw my stars,5,0,6.27.4,2025-04-28 08:46:38,a good app but please avoid so many ads if not being avoided in few days then i will withdraw my stars,0.5653,positive,22
Jubaira.M,easy to learn the language,5,0,6.27.4,2025-04-28 08:46:25,easy to learn the language,0.4404,positive,5
Will Harwell,I'm two years in and I still think one star is appropriate for the free version. Now they took away the practice for more hearts and I'm going to lose my two year streak.,1,4,6.27.4,2025-04-28 08:45:20,im two years in and i still think one star is appropriate for the free version now they took away the practice for more hearts and im going to lose my two year streak,0.1531,positive,34
Flax Gamer,perfect 👌,5,0,6.27.4,2025-04-28 08:44:39,perfect,0.5719,positive,1
MANICKAJOTHI JOTHI,good,5,0,5.141.7,2025-04-28 08:44:22,good,0.4404,positive,1
Amirah Aborro,very helpful kind and cute,5,0,6.27.4,2025-04-28 08:43:53,very helpful kind and cute,0.868,positive,5
Cubic Khant,great,5,0,6.27.4,2025-04-28 08:43:41,great,0.6249,positive,1
Leonardo Noblak,"It's an excellent app, fully featured and with interactions with other players! And I loved the latest addition to the weekly ranking bar (course flag and each person's level), encouraging everyone to increase their level and get an idea of ​​the other courses!",5,0,,2025-04-28 08:42:34,its an excellent app fully featured and with interactions with other players and i loved the latest addition to the weekly ranking bar course flag and each persons level encouraging everyone to increase their level and get an idea of the other courses,0.9231,positive,43
Anisha Khatun,wonderful,5,0,6.27.4,2025-04-28 08:42:21,wonderful,0.5719,positive,1
Michael Verdin,i learned so much,5,0,6.27.4,2025-04-28 08:42:05,i learned so much,0.0,neutral,4
Youssef Taouni,the ads are really wasting you're time. I mean after all lessons we get ad for getting super I will never get super happy,3,0,6.27.4,2025-04-28 08:39:47,the ads are really wasting youre time i mean after all lessons we get ad for getting super i will never get super happy,0.4232,positive,24
Tamir,"Well its good but the 1 star is gone because everytime i enter a promo code, it either says internet connection, expired or just not valid. But i learnt lots of new words in english and i learnt lots of chinese so the 4 stars are here just lke that.",4,0,6.27.4,2025-04-28 08:38:13,well its good but the 1 star is gone because everytime i enter a promo code it either says internet connection expired or just not valid but i learnt lots of new words in english and i learnt lots of chinese so the 4 stars are here just lke that,0.3612,positive,50
Jacklyn Sams,"what would be fantastic is if call would stop advertising the ""super duolingo"" after EVERY lesson. it's really annoying and unnecessary. if people want it they'll buy it.",4,0,6.27.4,2025-04-28 08:37:43,what would be fantastic is if call would stop advertising the super duolingo after every lesson its really annoying and unnecessary if people want it theyll buy it,0.5584,positive,28
Trevor Cartee,giving a speaking challenge in unit one that is extremely hard is stupid,1,0,,2025-04-28 08:37:34,giving a speaking challenge in unit one that is extremely hard is stupid,-0.3933,negative,13
Kanishka Sharma,it's very good app,5,0,6.27.4,2025-04-28 08:37:33,its very good app,0.4927,positive,4
Sama Mahmoud,Best English education 😍🫶🏻,5,0,6.26.2,2025-04-28 08:37:02,best english education,0.6369,positive,3
Lily Ahamed,Good Language App,5,0,,2025-04-28 08:35:55,good language app,0.4404,positive,3
Chisom Mbanefo,the 👌 best,5,0,6.27.4,2025-04-28 08:34:37,the best,0.6369,positive,2
Prince Chauhan,nice Evening ❤️❤️❤️❤️,5,0,6.26.2,2025-04-28 08:34:18,nice evening,0.4215,positive,2
Md Hares mia,best app for learning English language,5,0,6.27.4,2025-04-28 08:33:11,best app for learning english language,0.6369,positive,6
Jay Smart,"I have used this for several years now. I sign into my account today and see that I have been signed up for their premium account. I did not sign up, and their is no ability to return my account to the regular account. Poor business practice, and very scammy.",1,1,6.27.4,2025-04-28 08:31:10,i have used this for several years now i sign into my account today and see that i have been signed up for their premium account i did not sign up and their is no ability to return my account to the regular account poor business practice and very scammy,-0.4588,negative,50
Alphones Odeyar,It is really helpful to language .. but I wish there would be some more options .. but otherwise it is really helpful and good Learning app ..!,5,0,6.27.4,2025-04-28 08:30:27,it is really helpful to language but i wish there would be some more options but otherwise it is really helpful and good learning app,0.9323,positive,25
Ãyëßhå Âktër Mîm,Alhamdulillah,5,0,6.27.4,2025-04-28 08:27:18,alhamdulillah,0.0,neutral,1
Anastasiia Tsvetkova,"A few updates later, still the same thing. The active 3x bonus does not get a 10 minute add-on when you complete a day quest on the last minute. You don't get the promised x1,5 or x2 either, simply no bonus for a completed quest. -- This thing is extremely effective in keeping you consistently practicing. The stories and sentences are interesting and funny, and you can be as (non)competitive as you want.",3,0,,2025-04-28 08:26:52,a few updates later still the same thing the active 3x bonus does not get a 10 minute addon when you complete a day quest on the last minute you dont get the promised x15 or x2 either simply no bonus for a completed quest this thing is extremely effective in keeping you consistently practicing the stories and sentences are interesting and funny and you can be as noncompetitive as you want,0.9421,positive,72
Chrissy,yay duo is alive again yay. and apart from that. very good app. I've had no problem in 2 or 3 years. of using keep it up 😘😘😘,5,0,6.27.4,2025-04-28 08:26:12,yay duo is alive again yay and apart from that very good app ive had no problem in 2 or 3 years of using keep it up,0.8268,positive,27
Sayera Limbu,it's great and convenient to learn new languages,5,0,6.27.4,2025-04-28 08:25:30,its great and convenient to learn new languages,0.6249,positive,8
Sharon Ncube,It's an app which really helps learn and understand a language but the only problem that l have with it is that it sometimes goes forward then it starts giving u tasks of some words that you haven't learnt yet but on top of that it's a great app,3,0,6.26.2,2025-04-28 08:25:14,its an app which really helps learn and understand a language but the only problem that l have with it is that it sometimes goes forward then it starts giving u tasks of some words that you havent learnt yet but on top of that its a great app,0.8536,positive,49
vica nicolae,best app i can learn english and other,5,0,6.27.4,2025-04-28 08:19:52,best app i can learn english and other,0.6369,positive,8
Mahya Zakaryapour,you are excellent,5,0,,2025-04-28 08:18:13,you are excellent,0.5719,positive,3
Sweet Roll,Best way to learn languages with fun and interesting ways to do it!,5,0,6.27.4,2025-04-28 08:17:53,best way to learn languages with fun and interesting ways to do it,0.8807,positive,13
mani mahdavi,"when a new lesson is introduced , there must be enough practice before the next new material. I think new lessons are taught very quickly one after the other and if I want to practice that hard lesson more before a new lesson, I'll miss a streak",4,0,6.26.2,2025-04-28 08:17:19,when a new lesson is introduced there must be enough practice before the next new material i think new lessons are taught very quickly one after the other and if i want to practice that hard lesson more before a new lesson ill miss a streak,-0.5423,negative,46
Hussain Abdul,best language learning app,5,0,,2025-04-28 08:16:24,best language learning app,0.6369,positive,4
Benjamin Hay,good app,5,0,5.166.3,2025-04-28 08:15:15,good app,0.4404,positive,2
Zoey Vernon,So I downloaded this once and chose Spanish but it wasn't something I enjoyed doing daily so I deleted it. I got it again to learn French and I'm actually doing good! sometimes I will speak French when I'm talking to family just to get on there nerves Lol. this is a pretty good app! 5 stars!,5,0,6.27.4,2025-04-28 08:14:50,so i downloaded this once and chose spanish but it wasnt something i enjoyed doing daily so i deleted it i got it again to learn french and im actually doing good sometimes i will speak french when im talking to family just to get on there nerves lol this is a pretty good app 5 stars,0.9108,positive,57
Elias nuwe Bongo,"I really appreciate it, yet I'm so excited completely.",5,0,6.27.4,2025-04-28 08:14:34,i really appreciate it yet im so excited completely,0.7277,positive,9
damilare opeyemi,this is ok,4,0,6.27.4,2025-04-28 08:12:48,this is ok,0.296,positive,3
Saad gour,nice one 👍🏻 👌 👏 😀,5,0,,2025-04-28 08:11:57,nice one,0.4215,positive,2
Yasir Mehmood,excellent,5,0,6.27.4,2025-04-28 08:10:51,excellent,0.5719,positive,1
MD Josim Mia,good apk,5,0,6.27.4,2025-04-28 08:08:18,good apk,0.4404,positive,2
Thacker vidhya Ashwinbhai,excellent performance 👍🏻👏🏻,5,0,,2025-04-28 08:07:03,excellent performance,0.5719,positive,2
Okoro Chinedu,the ads are getting annoying,1,1,,2025-04-28 08:05:37,the ads are getting annoying,-0.4019,negative,5
Zulema Padilla,"it's a great way to learn a new language, I've learned more in this app than a face-to-face course.",5,0,6.27.4,2025-04-28 08:05:31,its a great way to learn a new language ive learned more in this app than a facetoface course,0.6249,positive,19
Fathima Shafra,excellent,5,0,6.27.4,2025-04-28 08:02:18,excellent,0.5719,positive,1
Kiran Iftikhar,It is very helpful App for us,4,0,6.27.4,2025-04-28 08:02:13,it is very helpful app for us,0.4754,positive,7
Trinity Moore,"This is really good for your listen to a language and you can pick from so many languages like Spanish I'm doing Spanish rn it's good for learning, speaking, and listening. Duolingo is such a good companion for a different language you wanna speak. always get on ur lesson spread love and kindness💝💝💝",5,1,6.27.4,2025-04-28 08:00:16,this is really good for your listen to a language and you can pick from so many languages like spanish im doing spanish rn its good for learning speaking and listening duolingo is such a good companion for a different language you wanna speak always get on ur lesson spread love and kindness,0.9615,positive,53
Celeste,I love duolingo because its just so educational and its easier to learn a language. Five star!,5,0,5.65.14,2025-04-28 07:59:26,i love duolingo because its just so educational and its easier to learn a language five star,0.7906,positive,17
Md Rony,thenks,5,0,,2025-04-28 07:59:24,thenks,0.0,neutral,1
F.A.M,بيرفكتووو,5,0,6.27.4,2025-04-28 07:58:44,,0.0,neutral,0
S.A Saikat Adhikary,good app,5,0,6.27.4,2025-04-28 07:57:09,good app,0.4404,positive,2
Tahmena zahan,good,2,0,6.27.4,2025-04-28 07:57:00,good,0.4404,positive,1
Mohammad Ali,I wanted to learn Sindhi but it does not have it,3,0,,2025-04-28 07:56:20,i wanted to learn sindhi but it does not have it,0.0,neutral,11
Jenifa J,I really like this. It's like a game and easy to learn,5,0,6.24.2,2025-04-28 07:55:47,i really like this its like a game and easy to learn,0.8169,positive,12
Myles Navarrete,I loved it until they added third party ads,1,1,6.27.4,2025-04-28 07:51:58,i loved it until they added third party ads,0.765,positive,9
GAYATHRI RAVURI,I am not satisfied with the new course of the korean language I am learning the words which I have learnt are missing and it's completely a different learning now. please help me to retrieve my previous lessons. I am learning bit of korean these days and you guys spoiled it everything today after the update I have done. I am disappointed 😞 with this update. Now the app is also not opening properly what's wrong with this update I might lose my streak do something 😭😭,1,4,6.27.4,2025-04-28 07:51:49,i am not satisfied with the new course of the korean language i am learning the words which i have learnt are missing and its completely a different learning now please help me to retrieve my previous lessons i am learning bit of korean these days and you guys spoiled it everything today after the update i have done i am disappointed with this update now the app is also not opening properly whats wrong with this update i might lose my streak do something,-0.8142,negative,85
Rien,"Great all, helped me a lot",5,0,6.27.4,2025-04-28 07:51:11,great all helped me a lot,0.6249,positive,6
Tatty Morgan,Duolingo teaches me so many things but the Duolingo max adds are popping up but I want to do my lesson in peace but overall Duolingo is great. I hope you read this review and it makes you download duo or not.,4,0,6.27.4,2025-04-28 07:49:33,duolingo teaches me so many things but the duolingo max adds are popping up but i want to do my lesson in peace but overall duolingo is great i hope you read this review and it makes you download duo or not,0.9493,positive,42
Krista,absolutely thorough and makes you think with key details we could rely on to push through without retaining. love love 💕,5,0,6.27.4,2025-04-28 07:48:11,absolutely thorough and makes you think with key details we could rely on to push through without retaining love love,-0.7741,negative,20
Andriollo Molduras,"o app Duolingo não está deixando eu apagar uma letra que cliquei errada, ai da erro na resposta , além de não aparecer o quadro todo, ainda não dá pra apagar uma letra que cliquei sem querer. vou acabar abandonando depois de 4 anos",1,0,6.27.4,2025-04-28 07:47:19,o app duolingo no est deixando eu apagar uma letra que cliquei errada ai da erro na resposta alm de no aparecer o quadro todo ainda no d pra apagar uma letra que cliquei sem querer vou acabar abandonando depois de 4 anos,-0.6808,negative,43
Ayrie Swarthout,amazing!! it's so fun learning a new language now,5,0,6.26.2,2025-04-28 07:45:28,amazing its so fun learning a new language now,0.8122,positive,9
obianuju ugwumadu,Awesome 💯😎,5,0,6.26.2,2025-04-28 07:42:21,awesome,0.6249,positive,1
Prashant Mulik,Wonderful ✔️,5,0,6.27.4,2025-04-28 07:42:12,wonderful,0.5719,positive,1
Doug Mannarino,many different types of ways to learn keeps it fresh Thank you!,5,0,6.27.4,2025-04-28 07:40:16,many different types of ways to learn keeps it fresh thank you,0.5859,positive,12
Len Evans,This app makes learning new languages fun!,5,0,6.27.4,2025-04-28 07:40:06,this app makes learning new languages fun,0.5106,positive,7
Mahsin Hossain,Excellent,5,0,6.27.4,2025-04-28 07:38:21,excellent,0.5719,positive,1
Mohammad.a Latifi,easy tu use -> easy to learn,5,0,,2025-04-28 07:34:01,easy tu use easy to learn,0.7003,positive,6
Jazmine Earving,i love this game it is fun and i lernd new thing in spanish,5,0,6.27.4,2025-04-28 07:33:33,i love this game it is fun and i lernd new thing in spanish,0.8176,positive,14
Fadil Orang,very helpful for students who are studying and it's free!!!!!,5,0,6.27.4,2025-04-28 07:33:05,very helpful for students who are studying and its free,0.7501,positive,10
Scarlet Nash,"I think duolingo is great because it helps you learn a bunch of different things. I feel like I've learned so much from when I started. I know so much more now. It helps you learn different languages. And it's just an amazing thing to have because a lot of people try to take classes for it and couldn't, but this, it helps a lot. It helps you learn in a different way in a fun way.",5,0,6.26.2,2025-04-28 07:31:08,i think duolingo is great because it helps you learn a bunch of different things i feel like ive learned so much from when i started i know so much more now it helps you learn different languages and its just an amazing thing to have because a lot of people try to take classes for it and couldnt but this it helps a lot it helps you learn in a different way in a fun way,0.9615,positive,77
Prathiba,very good app for learning language,5,0,6.27.4,2025-04-28 07:30:06,very good app for learning language,0.4927,positive,6
Snjay Thakur,it really works I learn Korean,5,0,6.27.4,2025-04-28 07:28:01,it really works i learn korean,0.0,neutral,6
Krishna Vamshi Vamsi,good,1,0,,2025-04-28 07:26:36,good,0.4404,positive,1
Megan Jacques,"two days in and I believe I'm doing well, not tried learning since school but this is a fun and interactive way to learn",5,0,6.27.4,2025-04-28 07:24:12,two days in and i believe im doing well not tried learning since school but this is a fun and interactive way to learn,0.7184,positive,24
Madhurikumari LIC,very good,5,0,,2025-04-28 07:23:42,very good,0.4927,positive,2
Quintin McDonald,it's really helping me learn other languages and I mean a lot!,5,0,6.27.4,2025-04-28 07:21:02,its really helping me learn other languages and i mean a lot,0.3597,positive,12
Ritesh kumar Yadav,must app English bolna sikhne ke liye,3,0,6.27.4,2025-04-28 07:20:52,must app english bolna sikhne ke liye,0.0,neutral,7
S Moore,Great reinforcement if you have a little knowlwdge already. But app can be glitchy.,4,0,6.27.4,2025-04-28 07:19:16,great reinforcement if you have a little knowlwdge already but app can be glitchy,0.3716,positive,14
Matthew J,it hasn't threatened my life yet and it's super helpful thx duo. in,5,0,,2025-04-28 07:19:04,it hasnt threatened my life yet and its super helpful thx duo in,0.8929,positive,13
Evan Ramy,I learn the lot of language,5,0,6.27.4,2025-04-28 07:18:45,i learn the lot of language,0.0,neutral,6
Liam,A really good app that teaches you so much plus I need to drink more augua😂 see I learned that augua means water in Spanish on Duolingo!,5,0,6.27.4,2025-04-28 07:17:38,a really good app that teaches you so much plus i need to drink more augua see i learned that augua means water in spanish on duolingo,0.4927,positive,27
AnsH Gupta,nice way to learn anthor language,5,0,6.27.4,2025-04-28 07:16:37,nice way to learn anthor language,0.4215,positive,6
Param Jit,very helpful,5,0,6.26.2,2025-04-28 07:14:41,very helpful,0.4754,positive,2
Floramae Gallardo,𝑔𝑜𝑜𝑑,5,0,6.27.4,2025-04-28 07:13:41,,0.0,neutral,0
Mahbub Alom,masaallah,5,0,6.27.4,2025-04-28 07:13:18,masaallah,0.0,neutral,1
Ashok Singh,your good,5,0,6.26.2,2025-04-28 07:13:05,your good,0.4404,positive,2
Adam Anugrah,Aku suka belajar duolingo Meskipun menyedot daya baterai aku tetep belajar,5,0,,2025-04-28 07:12:56,aku suka belajar duolingo meskipun menyedot daya baterai aku tetep belajar,0.0,neutral,11
Aditya Maurya,This app is really very fantastic to learn any language like a game. Thanks to Duolingo 👍,5,0,6.27.4,2025-04-28 07:12:39,this app is really very fantastic to learn any language like a game thanks to duolingo,0.8615,positive,16
Johson Clint,"i used to streak 452 using this app. After the updates, there is bunch of ads coming to gain hearts. So , this means i need used another platform to practice?. if that so,,i need uninstall this app.",1,2,6.27.4,2025-04-28 07:10:13,i used to streak 452 using this app after the updates there is bunch of ads coming to gain hearts so this means i need used another platform to practice if that soi need uninstall this app,0.5267,positive,37
Sharyn Hutchins,the Dutch lessons are not as good as Spanish,2,0,6.27.4,2025-04-28 07:09:58,the dutch lessons are not as good as spanish,-0.3412,negative,9
Anupama Singh,I love this app,5,0,6.27.4,2025-04-28 07:09:11,i love this app,0.6369,positive,4
Abeer,you are the best learning app but promote me in gold league,4,0,6.27.4,2025-04-28 07:08:39,you are the best learning app but promote me in gold league,0.7184,positive,12
Arav Kumar,mast app hai maja aa gaya,5,0,6.27.4,2025-04-28 07:07:39,mast app hai maja aa gaya,0.0,neutral,6
Arthur Marques,My wife's account was breached. It is ridiculous that they don't have 2FA,1,1,6.27.4,2025-04-28 07:05:22,my wifes account was breached it is ridiculous that they dont have 2fa,-0.3612,negative,13
Hssein Nasser deen,very good 😊,5,0,6.27.4,2025-04-28 07:02:45,very good,0.4927,positive,2
Sholikha Permadani,"aplikasinya seruu puoll, tapi ada unsur lgbtnya ati2",3,0,,2025-04-28 07:02:43,aplikasinya seruu puoll tapi ada unsur lgbtnya ati2,0.0,neutral,8
Rudy Yurukov,I love this app!😘 Duolingo help you to learn a new language. I learn Spanish. For me is it easy. The app is amazing!!! The creators made it fun and easy,5,0,6.27.4,2025-04-28 07:00:22,i love this app duolingo help you to learn a new language i learn spanish for me is it easy the app is amazing the creators made it fun and easy,0.9628,positive,31
divyander Parihar,it's very nice app and it's free and learning Japanese and other languages is very easy like a game you definitely try it,5,0,,2025-04-28 07:00:15,its very nice app and its free and learning japanese and other languages is very easy like a game you definitely try it,0.9333,positive,23
Ali Noori,"it's a shame I'm giving a low rating because the app has potential. however the progression system is so annoying, I also think some aspects of the lessons are too repetitive. what annoys me the most though is the app icon on your phone always changing appearance depending on whether you're on your streak or not. it's just trying to keep users engaged on their phones like magnets for the purpose of greed.",1,1,,2025-04-28 06:58:58,its a shame im giving a low rating because the app has potential however the progression system is so annoying i also think some aspects of the lessons are too repetitive what annoys me the most though is the app icon on your phone always changing appearance depending on whether youre on your streak or not its just trying to keep users engaged on their phones like magnets for the purpose of greed,-0.822,negative,73
Devoozzz Fantasy world,I really enjoyed the app experience before it was excellent But now the app repeats the same thing it cannot be logged in oru create account Even if we log in it repeats to log out automatically So disappointed with the service😔,1,1,,2025-04-28 06:56:54,i really enjoyed the app experience before it was excellent but now the app repeats the same thing it cannot be logged in oru create account even if we log in it repeats to log out automatically so disappointed with the service,-0.0491,neutral,42
Swarnima,it's nice 🙂👍🏻,4,0,6.27.4,2025-04-28 06:54:57,its nice,0.4215,positive,2
Naresh Kumar,this is best app for time no waste time no waste money best app,5,0,6.26.2,2025-04-28 06:54:17,this is best app for time no waste time no waste money best app,0.1027,positive,14
Emmanuel Ekwata,love everything except my streak integrity,5,0,6.27.4,2025-04-28 06:54:02,love everything except my streak integrity,0.7783,positive,6
Anselmo Joao Macuacua,eu recomendo,5,0,5.121.10,2025-04-28 06:53:51,eu recomendo,0.0,neutral,2
MOSARAF Hossain,Thank you so much. I like this app.I benefit from it.,5,0,6.27.4,2025-04-28 06:52:14,thank you so much i like this appi benefit from it,0.8062,positive,11
Shannel Mikyla,"Great app! I've been learning a new language for more than a year now and it did help me improve, but I experienced some issues about the achievements. I have been collecting more than 200+ words and have collected the 4 of 10 Word Collector for the FIFTH time but it keeps resetting and going back to 3 of 10. I hate that because I'm a sucker for achievements 😅 , hope the problem would be fixed!",4,0,6.27.4,2025-04-28 06:51:08,great app ive been learning a new language for more than a year now and it did help me improve but i experienced some issues about the achievements i have been collecting more than 200 words and have collected the 4 of 10 word collector for the fifth time but it keeps resetting and going back to 3 of 10 i hate that because im a sucker for achievements hope the problem would be fixed,-0.7184,negative,75
Gassy man,I bought a subscription and it was going well for a while but someone was able to change my email without so much as a warning and now my account can't be accessed and they only seem to have AI for customer support AI this is unforgivable considering the price of subscription.,1,4,6.27.4,2025-04-28 06:50:28,i bought a subscription and it was going well for a while but someone was able to change my email without so much as a warning and now my account cant be accessed and they only seem to have ai for customer support ai this is unforgivable considering the price of subscription,0.1542,positive,52
Md Abdur Rab,Very Nice useful apps,5,0,6.27.4,2025-04-28 06:48:48,very nice useful apps,0.7408,positive,4
Sandip Mali,Best 👌,4,0,6.27.4,2025-04-28 06:48:01,best,0.6369,positive,1
Andrei Pop,dang I learned Spanish,5,0,6.27.4,2025-04-28 06:45:59,dang i learned spanish,0.0,neutral,4
Mmaleso Tlhabadira,"Duolingo is great, I got to learn a thousand words in just 1 week",4,0,6.26.2,2025-04-28 06:44:52,duolingo is great i got to learn a thousand words in just 1 week,0.6249,positive,14
Compton Pianos,Good for learning new grammar & helping me to understand parts I previously didn't understand. The ads have become too long & very repetitive. Characters have aldo bevome a little bizarre.,3,0,6.27.4,2025-04-28 06:44:45,good for learning new grammar helping me to understand parts i previously didnt understand the ads have become too long very repetitive characters have aldo bevome a little bizarre,0.2023,positive,29
No Name,Best learning app,5,0,6.27.4,2025-04-28 06:42:56,best learning app,0.6369,positive,3
Nandha,good app,5,0,6.25.4,2025-04-28 06:42:36,good app,0.4404,positive,2
arash pirmoradi,It's great I started yesterday and I now mor French than wen i did in 2 Years at School,5,0,6.27.4,2025-04-28 06:42:10,its great i started yesterday and i now mor french than wen i did in 2 years at school,0.6249,positive,19
Marcellus Mariano,so funnn,5,0,6.22.3,2025-04-28 06:41:46,so funnn,0.0,neutral,2
Asma Palekar,nice,5,0,6.27.4,2025-04-28 06:41:19,nice,0.4215,positive,1
parvinder kaur darshan,best,5,0,6.27.4,2025-04-28 06:39:58,best,0.6369,positive,1
Alka Upadhyay,bhot kuch sikha bhot acha h,4,0,6.21.3,2025-04-28 06:37:28,bhot kuch sikha bhot acha h,0.0,neutral,6
Deena Rotela,yah bahut achcha hai yah 5 minut mein English sikha deta hai bhai yah mujhe bahut pasand hai yah wala game mujhe bahut pasand hai bhai ise Khel car to main ro dunga,5,0,6.27.4,2025-04-28 06:35:57,yah bahut achcha hai yah 5 minut mein english sikha deta hai bhai yah mujhe bahut pasand hai yah wala game mujhe bahut pasand hai bhai ise khel car to main ro dunga,0.0,neutral,33
Aye T,"It's a fun app. I found my level improved with the subscription as it was uninterrupted by ads and trying to get lives. I don't like how sometimes you end up using double time, but there's a problem on the system, so it's wasted. Another thing is how people can send you messages, but if the thread has come off your feed - you can't click on it and add your comments. Furthermore, no one ever responds if you write to the company. It would be helpful if you can restart a course if you've forgotten.",3,0,6.27.4,2025-04-28 06:35:38,its a fun app i found my level improved with the subscription as it was uninterrupted by ads and trying to get lives i dont like how sometimes you end up using double time but theres a problem on the system so its wasted another thing is how people can send you messages but if the thread has come off your feed you cant click on it and add your comments furthermore no one ever responds if you write to the company it would be helpful if you can restart a course if youve forgotten,-0.7948,negative,95
Daphne Achieng,Very interesting and easy to learn from c'est bon.,5,0,6.27.4,2025-04-28 06:34:33,very interesting and easy to learn from cest bon,0.7316,positive,9
Jouhar. Ousai,very useful app,5,0,6.27.4,2025-04-28 06:34:17,very useful app,0.4927,positive,3
Ankush Maji,bugs in bonus xp logic. xp boost is not activated after daily quest completion.,3,0,,2025-04-28 06:33:41,bugs in bonus xp logic xp boost is not activated after daily quest completion,0.886,positive,14
Mpilwenhle Jali,"I love this app smm, it's so helpful and helps my vocabulary!!❤️",5,0,6.27.4,2025-04-28 06:33:21,i love this app smm its so helpful and helps my vocabulary,0.8929,positive,12
vikram kumar,very good,5,0,6.27.4,2025-04-28 06:32:19,very good,0.4927,positive,2
ameena alaradi,it's very good it taught more than just languages it taught me how to interact with people ... IT IS THE BEST LEARNING APP !,5,0,6.27.4,2025-04-28 06:31:30,its very good it taught more than just languages it taught me how to interact with people it is the best learning app,0.8122,positive,23
Htet Aung Khant,good learning service,5,0,6.27.4,2025-04-28 06:31:08,good learning service,0.4404,positive,3
Ajay Kumar,🙂👍🏻👍🏻 nice,5,0,6.27.4,2025-04-28 06:30:17,nice,0.4215,positive,1
Sriraman Balaraman,I am in third grade and I just started learning keyboard and I don't know all the notes and it's telling me to play properly.,2,1,,2025-04-28 06:27:54,i am in third grade and i just started learning keyboard and i dont know all the notes and its telling me to play properly,0.34,positive,25
Luisa Wong,Duolingo is kind it always encourage me I wish Duolingo is real so I can be friends.,5,0,6.27.4,2025-04-28 06:27:20,duolingo is kind it always encourage me i wish duolingo is real so i can be friends,0.9147,positive,17
Md shofiq Shofiq,very good Duolingo,5,0,6.27.4,2025-04-28 06:24:37,very good duolingo,0.4927,positive,3
Rahul yadav,very nice aap and I enjoy so much,5,0,,2025-04-28 06:24:04,very nice aap and i enjoy so much,0.7425,positive,8
Megha Barekar,Best app for learning Spanish!!!!!!! ✨,5,0,6.26.2,2025-04-28 06:23:01,best app for learning spanish,0.6369,positive,5
Qamar Jahan,very learning,5,0,6.27.4,2025-04-28 06:22:37,very learning,0.0,neutral,2
Minki Mina,Best🖤,5,0,6.27.4,2025-04-28 06:21:29,best,0.6369,positive,1
Christian Murray,Enjoyable to learn.,5,0,6.27.4,2025-04-28 06:20:11,enjoyable to learn,0.4404,positive,3
Ruponti Islam,wow I so good I love it and I like that....!! 😲 amazing 🤩,5,0,6.27.4,2025-04-28 06:20:06,wow i so good i love it and i like that amazing,0.957,positive,12
pat trick,can't cancel the language change part it's very disappointing .... the app are good but it disappoint me when can't cancel the part when starting....,3,1,6.27.4,2025-04-28 06:19:13,cant cancel the language change part its very disappointing the app are good but it disappoint me when cant cancel the part when starting,-0.3327,negative,24
Jimmilyn,good 👍,4,0,6.27.4,2025-04-28 06:19:13,good,0.4404,positive,1
#sister duo,nice good,3,0,6.27.4,2025-04-28 06:19:05,nice good,0.6908,positive,2
AIN ILAM,dou lingo is so much fun it helps me learn English so well i honestly luv this app so much,5,0,6.27.4,2025-04-28 06:18:02,dou lingo is so much fun it helps me learn english so well i honestly luv this app so much,0.9042,positive,20
Sujan Nelakurthi,"excellent, understanding and relative learning.a very shot and scripted with data learning to understand literature. very anilatical and practical training for increasing the memory.",5,0,6.27.4,2025-04-28 06:17:55,excellent understanding and relative learninga very shot and scripted with data learning to understand literature very anilatical and practical training for increasing the memory,0.5719,positive,24
Nweke Somtochukwu,"amazing 😍🤩 app, just breaks everything down and has a very cool interface plus, duo is so funny 😂 and nice Super app ✨🙌",5,0,6.27.4,2025-04-28 06:15:56,amazing app just breaks everything down and has a very cool interface plus duo is so funny and nice super app,0.9524,positive,21
Varma Hardik,Best platform for learn English,5,0,6.26.2,2025-04-28 06:13:20,best platform for learn english,0.6369,positive,5
Aiden Bornmann,Fun and Creative way to learn different languages,5,0,6.27.4,2025-04-28 06:13:17,fun and creative way to learn different languages,0.7351,positive,8
daryl uy,a good app highly recommended,5,0,6.27.4,2025-04-28 06:13:15,a good app highly recommended,0.6115,positive,5
mariam ibrahim,good to let your kids play dolingo,5,0,,2025-04-28 06:13:00,good to let your kids play dolingo,0.6486,positive,7
Doha Barigou,👍,5,0,6.27.4,2025-04-28 06:11:41,,0.0,neutral,0
Lukas Vallaster,So nice to learn with friends 😃,5,0,6.27.4,2025-04-28 06:11:16,so nice to learn with friends,0.7346,positive,6
Wyatt Diaze,this really does work if you write down the words or symbols and the sounds above them,5,0,6.27.4,2025-04-28 06:10:14,this really does work if you write down the words or symbols and the sounds above them,0.0,neutral,17
rome akter,it's help me to learn Korean easily I love it thank you duolingo the world best language learning app. you are best app I ever used and seen thanks 😘😘😘,5,0,6.27.4,2025-04-28 06:08:51,its help me to learn korean easily i love it thank you duolingo the world best language learning app you are best app i ever used and seen thanks,0.9723,positive,29
Flip Moro,"I hate the limited heart system. How am I supposed to learn a language when I only get 1 minute per day before I lose my hearts? And whenever I get 0 hearts, it says that I'll get another one in 5 hours, but 9 hours later, it still says 2 hours left. Plus, whenever I try to make one of my lessons legendary, but then change my mind, I don't get my gems back. Nothing. Zilch, nada...",3,0,6.27.4,2025-04-28 06:07:43,i hate the limited heart system how am i supposed to learn a language when i only get 1 minute per day before i lose my hearts and whenever i get 0 hearts it says that ill get another one in 5 hours but 9 hours later it still says 2 hours left plus whenever i try to make one of my lessons legendary but then change my mind i dont get my gems back nothing zilch nada,-0.6757,negative,78
Ajit morwal Morwal,acha h,1,0,6.27.4,2025-04-28 06:05:51,acha h,0.0,neutral,2
Saad Khan,what a incredible app,5,0,6.27.4,2025-04-28 06:04:19,what a incredible app,0.0,neutral,4
asheesh singh,this is a good option for learning language and it is also good for motivation,5,0,6.27.4,2025-04-28 06:01:05,this is a good option for learning language and it is also good for motivation,0.802,positive,15
Mukta Pawar,I try it but almost one month Same words same sentences repeated. too slow.,1,0,,2025-04-28 06:00:09,i try it but almost one month same words same sentences repeated too slow,0.0772,positive,14
Mohammad Rahim,very nice,5,0,6.27.4,2025-04-28 05:56:56,very nice,0.4754,positive,2
AMAN,👍,4,0,6.26.2,2025-04-28 05:55:35,,0.0,neutral,0
Mukul Gola,very helpful app,5,0,6.26.2,2025-04-28 05:55:31,very helpful app,0.4754,positive,3
Sydur Rahman,I will be successful with Duolingo,5,0,6.27.4,2025-04-28 05:54:52,i will be successful with duolingo,0.5859,positive,6
Deepak Sharma,it is so good for my upcoming career 👍😁😁😁😁😁😁,5,0,6.27.4,2025-04-28 05:54:36,it is so good for my upcoming career,0.5777,positive,8
shubh jenika,this is the best subject learning app and it also cheers us all the time for our confidence I am learning music through this aap,5,0,6.27.4,2025-04-28 05:53:10,this is the best subject learning app and it also cheers us all the time for our confidence i am learning music through this aap,0.891,positive,25
Subham Sahoo,This app is a easy to learn different languages.,5,0,6.27.4,2025-04-28 05:52:09,this app is a easy to learn different languages,0.4404,positive,9
Abbas Ramzan,very very good,5,0,6.27.4,2025-04-28 05:51:08,very very good,0.5379,positive,3
Veronica,it's really good for practicing my french,5,0,6.27.4,2025-04-28 05:50:33,its really good for practicing my french,0.4927,positive,7
Greenu John,i can study and play this game is so much fun duo,5,0,6.27.4,2025-04-28 05:49:32,i can study and play this game is so much fun duo,0.7165,positive,12
Namdev Umbarkar,your app is very super I learn and speak English in 30 days yes I like your app his app are very useful in daily life because the app is have a lesson and you complete the lesson you speak English in 50 daysyou complete course day by day you chasing hert and Duolingo is no sponserd by any company he are my app I join Duolingo in 16 April 2025 and he join his Duolingo I understand small quantity of English and today I understand speak fast English to English I requested please download the ap,5,0,6.25.4,2025-04-28 05:48:19,your app is very super i learn and speak english in 30 days yes i like your app his app are very useful in daily life because the app is have a lesson and you complete the lesson you speak english in 50 daysyou complete course day by day you chasing hert and duolingo is no sponserd by any company he are my app i join duolingo in 16 april 2025 and he join his duolingo i understand small quantity of english and today i understand speak fast english to english i requested please download the ap,0.944,positive,97
Gerald Nweya,I am used Duolingo for the first time. I made my learning of German smooth and enjoyable. The reminders are awesome and it allows you to learn at your pace.,5,0,6.27.4,2025-04-28 05:47:55,i am used duolingo for the first time i made my learning of german smooth and enjoyable the reminders are awesome and it allows you to learn at your pace,0.7906,positive,30
Puspanjali Moharana,the app is a great and his app is very easy and helpful.,5,0,6.27.4,2025-04-28 05:46:53,the app is a great and his app is very easy and helpful,0.8849,positive,13
Nour Hamieh,I. an speak full German even tho I am 8,5,0,6.27.4,2025-04-28 05:43:28,i an speak full german even tho i am 8,0.0,neutral,10
Gorgonia Morla,so good 👍👏👏,5,0,6.27.4,2025-04-28 05:42:53,so good,0.4927,positive,2
Gauri Mayekar,very good अँप,5,0,6.27.4,2025-04-28 05:42:15,very good,0.4927,positive,2
MD ARIFUL ISLAM,Nice app,5,0,6.27.4,2025-04-28 05:38:26,nice app,0.4215,positive,2
Kumar Gaurav,best language learning ever,5,0,6.27.4,2025-04-28 05:37:32,best language learning ever,0.6369,positive,4
Sita Vemba,it make's me learn faster,5,0,6.21.3,2025-04-28 05:36:46,it makes me learn faster,0.0,neutral,5
Sanjeev sagar,good,4,0,6.27.4,2025-04-28 05:34:58,good,0.4404,positive,1
Queen Emru,duolingo is the best learning app to spend time prodactively,5,0,5.141.7,2025-04-28 05:33:53,duolingo is the best learning app to spend time prodactively,0.6369,positive,10
Ruvarashe Changa,it is very good I love it and it helps me with french,5,0,5.121.10,2025-04-28 05:29:58,it is very good i love it and it helps me with french,0.8826,positive,13
Kavi Tanna,it's fun and easy to learn I love 💕💕💕💕💕💕💕💕💕💕 it,5,0,6.27.4,2025-04-28 05:27:45,its fun and easy to learn i love it,0.886,positive,9
Green Web,it is kinda annoying that duo keeps bugging me but it helps me learn 😌,4,0,6.26.2,2025-04-28 05:27:21,it is kinda annoying that duo keeps bugging me but it helps me learn,0.4012,positive,14
Mominul Haque,this a very good app! everyone should try this! They will teach you languages very nicely and fast!❤️,5,0,6.27.4,2025-04-28 05:26:14,this a very good app everyone should try this they will teach you languages very nicely and fast,0.7496,positive,18
Pallvi Dubey,nice class,5,0,6.27.4,2025-04-28 05:24:55,nice class,0.4215,positive,2
Danica Laurente,this app is so great,5,0,6.27.4,2025-04-28 05:24:41,this app is so great,0.7384,positive,5
Debbie Fittock,I love this,5,0,6.27.4,2025-04-28 05:24:09,i love this,0.6369,positive,3
Abubakarr Kamara,this is helpful because I can socialize with more people,5,0,6.27.4,2025-04-28 05:20:55,this is helpful because i can socialize with more people,0.4215,positive,10
Kiran Kumari,very very good app in the google play store,5,0,6.27.4,2025-04-28 05:17:21,very very good app in the google play store,0.707,positive,9
Renante,I love Duolingo because it so 😊😊😊😊 ❤️❤️❤️❤️❤️,5,0,6.27.4,2025-04-28 05:16:20,i love duolingo because it so,0.6369,positive,6
John Oleh,It's an excellent platform to learn languages.,5,0,6.27.4,2025-04-28 05:14:44,its an excellent platform to learn languages,0.5719,positive,7
Bishnu Kaibartya,very very helpful app,5,0,6.27.4,2025-04-28 05:13:46,very very helpful app,0.5222,positive,4
Farhana Sumi,very helpfull,5,0,6.25.4,2025-04-28 05:13:40,very helpfull,0.0,neutral,2
Ankush Roy,This app is good for learning Russian language,5,0,6.26.2,2025-04-28 05:13:19,this app is good for learning russian language,0.4404,positive,8
Gelan Debalke,wow... no words...I LOVE THIS APP... tri it trust me,5,0,6.22.3,2025-04-28 05:12:33,wow no wordsi love this app tri it trust me,0.8779,positive,10
Winea Orsilada,"It really helped me learn languages, and it's fun to play.",5,0,5.141.7,2025-04-28 05:12:32,it really helped me learn languages and its fun to play,0.6908,positive,11
Cherry Cosmos,jst go for it.. it's a best nd friendly learning app..! after using it for 1 month.. I learned few words of Korea and I can write names too..!,5,0,,2025-04-28 05:12:14,jst go for it its a best nd friendly learning app after using it for 1 month i learned few words of korea and i can write names too,0.8126,positive,29
AJESAK NATION,"Approved by me, this app is very good, now I know how to speak french without saying bunch of gibberish",5,0,5.121.10,2025-04-28 05:10:55,approved by me this app is very good now i know how to speak french without saying bunch of gibberish,0.7178,positive,20
Sayeedul Islam,It's very easy and funny way to learn languages.I am very pleased 😀,4,0,6.27.4,2025-04-28 05:09:16,its very easy and funny way to learn languagesi am very pleased,0.8608,positive,12
Naitik Shahri,this app is very interesting it helps me to speak english and other languages I like it very much 😊😊☺️☺️,5,0,6.27.4,2025-04-28 05:08:21,this app is very interesting it helps me to speak english and other languages i like it very much,0.8104,positive,19
Abbas Shaaban,Good,3,0,6.26.2,2025-04-28 05:05:49,good,0.4404,positive,1
John,nice 👍🙂,4,0,6.27.4,2025-04-28 05:03:56,nice,0.4215,positive,1
Prem Kumar,the best English learning app --- Duolingo,5,0,6.27.4,2025-04-28 05:02:26,the best english learning app duolingo,0.6369,positive,6
Ashok Jaiswar,app is very good,5,0,6.27.4,2025-04-28 04:57:42,app is very good,0.4927,positive,4
Muhammad Muawiya Zia,It is very good app to learn any languages.I like it very much.,5,0,6.27.4,2025-04-28 04:55:32,it is very good app to learn any languagesi like it very much,0.6901,positive,13
ALAA ALDEEN ALFAKI,It's really an awesome app for learning a language,5,0,6.27.4,2025-04-28 04:55:08,its really an awesome app for learning a language,0.6573,positive,9
Pabboju Gouthami,good easy way to learn English,5,0,6.27.4,2025-04-28 04:54:28,good easy way to learn english,0.7003,positive,6
Saanvi Praneetha Janga,Very fun learning app with developing strategies!,5,0,6.27.4,2025-04-28 04:53:26,very fun learning app with developing strategies,0.5563,positive,7
Carlo Puno,it's so nice!,5,0,,2025-04-28 04:53:09,its so nice,0.4754,positive,3
Saad Sheikh,best app for all beginner 🥰❤️,5,0,6.27.4,2025-04-28 04:52:33,best app for all beginner,0.6369,positive,5
Tim Curran,give me good options for me for speaking irish Dia duit,5,0,6.27.4,2025-04-28 04:52:05,give me good options for me for speaking irish dia duit,0.4404,positive,11
Ferhat Erarslan (ferhattje),"it's a super good app. there is only one bug. when you watch your video to earn gems and the video is over, it says you've earned ... amount of gems but you can't continue. it is stuck on that screen",4,0,6.27.4,2025-04-28 04:51:38,its a super good app there is only one bug when you watch your video to earn gems and the video is over it says youve earned amount of gems but you cant continue it is stuck on that screen,0.2263,positive,40
OMOMAN,واقعا عالیه,5,0,6.27.4,2025-04-28 04:49:48,,0.0,neutral,0
Prit & Prisa Bachpaan,यह बहुत अच्छा ऐप है इसने मुझे इंग्लिश सीखने में बहुत मदद की मैं अभी इंग्लिश नहीं बोल रहा हूं या फिर लिख नहीं रहा हूं इसका मतलब यह नहीं है कि मैं इंग्लिश में शिखा आप चाहे तो मुझे कोई भी सवाल पूछ सकते हैं मैं उसे जवाब दे दूंगा अगर आपको कोई दिक्कत है तो दो लिंगो को मैंने इतनी क्यों दी है अगर आपको फिर भी कोई शक है तो एक बार आप इसे ट्राई करके देख लीजिए ❤️,5,0,6.27.4,2025-04-28 04:46:32,,0.0,neutral,0
Daniel Bendel,a great and fun app to use!,5,0,6.27.4,2025-04-28 04:44:43,a great and fun app to use,0.8126,positive,7
Kamrun Nisa Begum,good for learning languages easily,4,0,6.27.4,2025-04-28 04:43:59,good for learning languages easily,0.6486,positive,5
Roshini Abeysekara,good for cjildren and teenagers,5,0,6.27.4,2025-04-28 04:40:43,good for cjildren and teenagers,0.4404,positive,5
Rajesh Ranjan,•this is one of the worst apps. •it translates wrong words. •it also tries scares me with wrong words.• it seems so much notification that my phone is hanging. However I suggest not to download it.,1,0,5.121.10,2025-04-28 04:39:28,this is one of the worst apps it translates wrong words it also tries scares me with wrong words it seems so much notification that my phone is hanging however i suggest not to download it,-0.9136,negative,36
Eta Steve,pretty awesome 😎👍,5,0,,2025-04-28 04:35:49,pretty awesome,0.8074,positive,2
Bala Shruthi,I like this app .Because there is Playing and study more languages in Free,4,0,6.22.3,2025-04-28 04:35:40,i like this app because there is playing and study more languages in free,0.7823,positive,14
Glen Glen,Best multi-language learning app you could ever imagine.,5,0,6.27.4,2025-04-28 04:29:49,best multilanguage learning app you could ever imagine,0.6369,positive,8
adah ajow,it helps with communication and it's fan.you win prices and see cute duo,5,0,6.27.4,2025-04-28 04:28:15,it helps with communication and its fanyou win prices and see cute duo,0.8555,positive,13
Piyush Maurya,बहुत अच्छा है और बहुत मजा भी आ रहा है ।,5,0,6.27.4,2025-04-28 04:28:07,,0.0,neutral,0
Carly Hardenberg,it's great to learn more languages it is incredible !!!,5,0,6.27.4,2025-04-28 04:27:58,its great to learn more languages it is incredible,0.6249,positive,9
Faridha Faridha,A nice app,4,0,6.27.4,2025-04-28 04:27:57,a nice app,0.4215,positive,3
Sha Poran,Very Very Useful App In My Life,5,0,6.27.4,2025-04-28 04:27:37,very very useful app in my life,0.5379,positive,7
Syed Abbas Haider,Best language learning app. Must give it a try! 💯,5,0,6.27.4,2025-04-28 04:27:09,best language learning app must give it a try,0.6369,positive,9
Divya Shukla,very nice app,3,0,6.27.4,2025-04-28 04:26:06,very nice app,0.4754,positive,3
Bala Subramaniam,"I can understand what clearly mentioned but I thought I can learn to sing the music 🎶 but I can only understand piano music 🎹 but I can learn little words,things in music , Korean , mathematics and ect, thank you 😊 🙏 SAADHANAAH.S.B",4,0,6.27.4,2025-04-28 04:25:20,i can understand what clearly mentioned but i thought i can learn to sing the music but i can only understand piano music but i can learn little wordsthings in music korean mathematics and ect thank you saadhanaahsb,0.6249,positive,38
Narayan prasad Das,English sikhna ka best option,5,0,6.27.4,2025-04-28 04:24:24,english sikhna ka best option,0.6369,positive,5
Evelun,"since starting duo, I've been consistently threatened with various things that I hold close to me. on the bright side, I've now improved my Japanese! ;)",5,0,6.27.4,2025-04-28 04:24:16,since starting duo ive been consistently threatened with various things that i hold close to me on the bright side ive now improved my japanese,0.4588,positive,25
Vasiliy Rumyantsev,"I use this app to learn Chinese. They reset Chinese course, and now my progress is broken. I was at the end of unit 3, they added new words to the 2nd unit. I can't review those new words. The app is completely unusable now.",1,8,6.27.4,2025-04-28 04:23:35,i use this app to learn chinese they reset chinese course and now my progress is broken i was at the end of unit 3 they added new words to the 2nd unit i cant review those new words the app is completely unusable now,-0.0772,negative,45
Joy Ojiambo,its fun and i enjoy but i don't like that it shows me duolingo max,4,0,6.27.4,2025-04-28 04:19:36,its fun and i enjoy but i dont like that it shows me duolingo max,0.1494,positive,15
Negi Negi,iss app mai padne mai mujhe bahut maza A aa raha hai,4,0,6.27.4,2025-04-28 04:18:33,iss app mai padne mai mujhe bahut maza a aa raha hai,0.0,neutral,12
Manisha Singh Thakur,nice app,5,0,6.27.4,2025-04-28 04:17:33,nice app,0.4215,positive,2
Harshit gautam,"bahut acha app he,,,,👏👏👍🤳🥇🥈🥉🏅🎖️🏆🎉🎊🎇🎆🤩😍🥰🥳😁😄😃😀🤭",4,0,6.26.2,2025-04-28 04:12:58,bahut acha app he,0.0,neutral,4
Beatrice,it's makes me more smarter and so we I can speak to people in France using french words learning and connecting to people and travelling around the world languages and places is fun,5,0,6.27.4,2025-04-28 04:12:03,its makes me more smarter and so we i can speak to people in france using french words learning and connecting to people and travelling around the world languages and places is fun,0.7645,positive,33
Wael Benchaib,You can lean any language+Maths+music you can even learn chess amazing isn't enough for this app 👏,5,0,6.27.4,2025-04-28 04:11:32,you can lean any languagemathsmusic you can even learn chess amazing isnt enough for this app,0.5859,positive,16
Bill Stockdale,super learning programme,5,0,6.27.4,2025-04-28 04:09:27,super learning programme,0.5994,positive,3
Sarah Todd,"Loved it, helped me learn Japanese!",5,0,6.27.4,2025-04-28 04:08:19,loved it helped me learn japanese,0.5994,positive,6
Shyamali Joshi,omg !the best too learn any language,5,0,6.27.4,2025-04-28 04:06:54,omg the best too learn any language,0.6369,positive,7
Kabita das,so usefull,4,0,6.27.4,2025-04-28 04:06:47,so usefull,0.0,neutral,2
Paul at HuonValleyEscapes,it helps me learn but the interface is childish,4,0,6.27.4,2025-04-28 04:06:12,it helps me learn but the interface is childish,-0.25,negative,9
Uche Stella,it's very nice for people that have no clue of a particular language Download and enjoy 😌,5,0,6.27.4,2025-04-28 04:05:24,its very nice for people that have no clue of a particular language download and enjoy,0.624,positive,16
زهرا جعفری,دولینگو من مشکل پیدا کرده چکار کنم ؟ همش مینویسه از اول شروع می کنی یا تعیین سطح میدی هر کدام رو می زنم بازم همین سوال رو میپرسه چند بارهم نصب کردم و پاک کردم ولی بازم همینه,1,1,5.65.14,2025-04-28 04:04:05,,0.0,neutral,0
Yehuda Amedi,"Pretty good app. I'm just trying to understand their way of teaching, but so far, I'm happy",3,0,6.27.4,2025-04-28 04:03:52,pretty good app im just trying to understand their way of teaching but so far im happy,0.8589,positive,17
Buggu Buggu,nice 🙂🙂🙂👍👍👍👍👍,5,0,6.27.4,2025-04-28 04:03:08,nice,0.4215,positive,1
Harshit Mishra,Nice,5,0,6.27.4,2025-04-28 04:02:07,nice,0.4215,positive,1
esther matilda,learning is made easy and interesting and quite addictive too.,5,0,6.27.4,2025-04-28 04:00:13,learning is made easy and interesting and quite addictive too,0.6808,positive,10
M. Mohammed Mumin 2 & Izaan,bro it's so helpful,5,0,6.27.4,2025-04-28 03:59:27,bro its so helpful,0.5598,positive,4
Mueez,nice app I am learning from it amazing 😍,5,0,6.27.4,2025-04-28 03:57:45,nice app i am learning from it amazing,0.765,positive,8
"7x.Rajin,yt",best app,5,0,6.27.4,2025-04-28 03:56:48,best app,0.6369,positive,2
Surendra More,This is a very good application for learning other languages and without any problem you can get the information about other languages... In short this application is must for kids and teens and adults also can use this application...,5,0,6.27.4,2025-04-28 03:55:52,this is a very good application for learning other languages and without any problem you can get the information about other languages in short this application is must for kids and teens and adults also can use this application,0.6653,positive,39
Pratiksha Palkhaniya,best,4,0,6.27.4,2025-04-28 03:55:12,best,0.6369,positive,1
Nisha R Waghmare8040,awesome,5,0,6.27.4,2025-04-28 03:53:45,awesome,0.6249,positive,1
Jamie Bresendale,I love that you can learn multiple languages at the same time! I also love that they give you tips on what you learnt and having a streak to motivate you even more.I highly recommend 👌,5,0,6.27.4,2025-04-28 03:53:39,i love that you can learn multiple languages at the same time i also love that they give you tips on what you learnt and having a streak to motivate you even morei highly recommend,0.9299,positive,35
Khusboo Thakkar,best app,5,0,6.27.4,2025-04-28 03:52:43,best app,0.6369,positive,2
Farzana Runa,this is a best English language app I like it everyone want to try it☺️,5,0,6.27.4,2025-04-28 03:51:14,this is a best english language app i like it everyone want to try it,0.7906,positive,15
Naomi Cox,I LOVE IT I LOVE IT I LOVE IT,5,0,6.26.2,2025-04-28 03:51:08,i love it i love it i love it,0.9274,positive,9
padmavathi kalidindi,bor I learn have english 1 weak at,5,0,,2025-04-28 03:51:00,bor i learn have english 1 weak at,-0.4404,negative,8
Feroshiya Delima,so nice app l love it,5,0,6.27.4,2025-04-28 03:50:01,so nice app l love it,0.8204,positive,6
Heather aka Lovely,"I've got a 2+ year streak and climbing. love the notification to remind me and the streak freezes for if I forget. You can pay or use for free and can still learn. My only negative is, I wish the ""teaching"" aspect was more in depth. At times the cues for which spellings to use can get confusing in the example texts. I've run across a few moments where I'm taught a word one way and then it changes it completely in another lesson, and not just for formal or informal or gender switches.",5,7,6.27.4,2025-04-28 03:49:40,ive got a 2 year streak and climbing love the notification to remind me and the streak freezes for if i forget you can pay or use for free and can still learn my only negative is i wish the teaching aspect was more in depth at times the cues for which spellings to use can get confusing in the example texts ive run across a few moments where im taught a word one way and then it changes it completely in another lesson and not just for formal or informal or gender switches,0.4939,positive,94
Angela Martins,its good but expensive,3,0,6.27.4,2025-04-28 03:49:17,its good but expensive,0.2382,positive,4
Agbona Sarah,eazy to learn all languages,5,0,6.27.4,2025-04-28 03:48:46,eazy to learn all languages,0.0,neutral,5
Rohit Sonkar,very interesting and helpful app,5,0,6.27.4,2025-04-28 03:45:12,very interesting and helpful app,0.7233,positive,5
The Farmer,Trop bien ! Je recommande cette application. C'est juste embêtant qu'on ai pas de vies illimité. Sinon super. Wirklich gut !,5,0,6.27.4,2025-04-28 03:44:41,trop bien je recommande cette application cest juste embtant quon ai pas de vies illimit sinon super wirklich gut,0.5994,positive,19
Kazem Ahmadi,انصافا کارتون حرف نداره,5,0,,2025-04-28 03:42:25,,0.0,neutral,0
Ross Fisher,amazing I knew a basic conversation by my 3 day and I'm not a paid actor I'm actually 11,5,0,6.27.4,2025-04-28 03:39:16,amazing i knew a basic conversation by my 3 day and im not a paid actor im actually 11,0.5859,positive,19
omkar gosavi,thank you,5,0,6.27.4,2025-04-28 03:39:00,thank you,0.3612,positive,2
sam ghaderi,this app is perfect for learning new languages. this update is perfect too. Duolingo removed [ do a lesson to earn a heart ] and added [ watch an ad to earn a heart ]. that's amazing! but I can't see the ad maybe because of my Iran ip.,5,0,6.27.4,2025-04-28 03:36:18,this app is perfect for learning new languages this update is perfect too duolingo removed do a lesson to earn a heart and added watch an ad to earn a heart thats amazing but i cant see the ad maybe because of my iran ip,0.7269,positive,45
Nicolus Rantoma,"mantjaakk a tletse blind ka Spanish sa mnaiza , le macherry ke aka kaofela sgela hiiii",5,0,6.27.4,2025-04-28 03:34:26,mantjaakk a tletse blind ka spanish sa mnaiza le macherry ke aka kaofela sgela hiiii,-0.4019,negative,15
Leonidas Cossio,this is really helping me with my Italian five stars,5,0,6.27.4,2025-04-28 03:34:15,this is really helping me with my italian five stars,0.3597,positive,10
D R A G O N BOSTER,ok ok,5,0,5.121.10,2025-04-28 03:33:40,ok ok,0.5267,positive,2
Bhawana Singh,this is amazing,5,0,6.27.4,2025-04-28 03:33:01,this is amazing,0.5859,positive,3
Shivhari Nage,ok,5,0,6.23.2,2025-04-28 03:32:13,ok,0.296,positive,1
MANISH,THE MOST AMAZING APP 👏...,5,0,,2025-04-28 03:31:42,the most amazing app,0.624,positive,4
Alexander,Duolingo is so interesting in the languages so good,5,0,5.141.7,2025-04-28 03:31:03,duolingo is so interesting in the languages so good,0.8038,positive,9
Amanda Bartel,awesome love it,5,0,6.27.4,2025-04-28 03:28:43,awesome love it,0.8519,positive,3
Arjun Basfor,very good,5,0,6.26.2,2025-04-28 03:28:09,very good,0.4927,positive,2
Eissa Waqas,very good learning,5,0,6.27.4,2025-04-28 03:27:52,very good learning,0.4927,positive,3
Syed Saif,Great,5,0,6.26.2,2025-04-28 03:23:45,great,0.6249,positive,1
Md Ulfat,nice app,5,0,6.27.4,2025-04-28 03:22:28,nice app,0.4215,positive,2
Londres69 belkacem,"This is a very Nice , learning and positive for children, friends and familes! There is loads of different languages to choose from and i just discovered you could do math and english on it! I recommend yhis",5,0,6.26.2,2025-04-28 03:21:46,this is a very nice learning and positive for children friends and familes there is loads of different languages to choose from and i just discovered you could do math and english on it i recommend yhis,0.9061,positive,37
Shipra Barua,"I learned Italian and I do think you can learn Italian by this but for more professional learning you need to learn from a teacher doesn't matter what language it is, happy learning everyone 😊🎀💝",5,0,6.27.4,2025-04-28 03:20:36,i learned italian and i do think you can learn italian by this but for more professional learning you need to learn from a teacher doesnt matter what language it is happy learning everyone,0.7131,positive,34
A Google user,good app,5,0,6.27.4,2025-04-28 03:19:43,good app,0.4404,positive,2
Roshini suresh,it just improve your language skills,5,0,6.27.4,2025-04-28 03:19:23,it just improve your language skills,0.4404,positive,6
Deepa Shetty,"I just love this app. I am learning German, this is the best app",5,0,6.27.4,2025-04-28 03:17:15,i just love this app i am learning german this is the best app,0.8555,positive,14
Raouf7 Raouf,so good to langauges,4,0,5.141.7,2025-04-28 03:15:05,so good to langauges,0.4927,positive,4
Ifeoma oti Hezekiah,it's very good,5,0,6.27.4,2025-04-28 03:14:52,its very good,0.4927,positive,3
niharika vase,normally I dnt rate nd write reviews..but this app is really sprbbbb Best app Thank u Duolingo for providing free learning option❤️ nd that Duolingo green bird is soo cute🫶,5,0,6.27.4,2025-04-28 03:14:39,normally i dnt rate nd write reviewsbut this app is really sprbbbb best app thank u duolingo for providing free learning option nd that duolingo green bird is soo cute,0.9228,positive,30
Lungelo Mzindle,"we are broke the economy is unsteady, please set a listening version free as well, otherwise nice job your app is greate and connecting the world.",4,0,6.27.4,2025-04-28 03:14:33,we are broke the economy is unsteady please set a listening version free as well otherwise nice job your app is greate and connecting the world,0.7717,positive,26
Rupali Jadhav,Really nice app 👍,5,0,6.27.4,2025-04-28 03:13:38,really nice app,0.4754,positive,3
S.M. Aytul sharif,good,5,0,6.27.4,2025-04-28 03:13:36,good,0.4404,positive,1
Zaif Khan (Zaif khan),good,5,0,6.27.4,2025-04-28 03:13:08,good,0.4404,positive,1
Sunil Nayak,It would be great if you unlock vediocal chat feature for free or at lower rate that can be affordable to maximum people.I hope you will consider my request.Thanks.,5,0,6.27.4,2025-04-28 03:12:58,it would be great if you unlock vediocal chat feature for free or at lower rate that can be affordable to maximum peoplei hope you will consider my requestthanks,0.8442,positive,29
Ambiga Ambiga,excellent English and maths teaching,5,0,6.27.4,2025-04-28 03:12:57,excellent english and maths teaching,0.5719,positive,5
H JOBAYER AHMED SAMY,Very good apps ❤️,5,0,6.27.4,2025-04-28 03:11:04,very good apps,0.4927,positive,3
Suijsha Suijsha manoj,good for education and simple method of study every language,5,0,6.25.4,2025-04-28 03:09:59,good for education and simple method of study every language,0.4404,positive,10
Kawsar Geedi,"am learning a Japanese course here, and it's so fun and good. I love the duolingo ads where they talk to me asking for super duolingo 5 stars for you duolingo",5,0,6.27.4,2025-04-28 03:09:16,am learning a japanese course here and its so fun and good i love the duolingo ads where they talk to me asking for super duolingo 5 stars for you duolingo,0.9477,positive,31
Alpa Patel,very expressive,5,0,6.27.4,2025-04-28 03:08:46,very expressive,0.0,neutral,2
Anurag Prajapati,this app is very nice i like so much,5,0,6.27.4,2025-04-28 03:08:13,this app is very nice i like so much,0.707,positive,9
Rahila Ahmadzai,It amazing,5,0,6.27.4,2025-04-28 03:06:48,it amazing,0.5859,positive,2
jeffrey domingo,This really teaches you how to speak the language that you want to learn. And won't stop reminding to practice.,5,0,5.121.10,2025-04-28 03:06:44,this really teaches you how to speak the language that you want to learn and wont stop reminding to practice,0.2933,positive,20
Nandni Kumar,amazing experience,5,0,6.27.4,2025-04-28 03:06:42,amazing experience,0.5859,positive,2
Pinakhsi Rana,awesome,5,0,5.121.10,2025-04-28 03:05:14,awesome,0.6249,positive,1
Rohit Sargar,han app to achcha hai lekin yeh Jo us kahate Hain vah repeat repeat sikhate Hain ek din ke baad dusra sikhana chahie ke next update mein inko thoda sa kam karna chahie lekin app mujhe finally pasand to aaya bahut acche app bhi download karo main ko request karna chahta hun ki aap log app ko thoda update kar sakte ho aur next update mein is app ki Jo speed hai sikhane ki vah thodi bada sakte ho,3,0,6.26.2,2025-04-28 03:04:43,han app to achcha hai lekin yeh jo us kahate hain vah repeat repeat sikhate hain ek din ke baad dusra sikhana chahie ke next update mein inko thoda sa kam karna chahie lekin app mujhe finally pasand to aaya bahut acche app bhi download karo main ko request karna chahta hun ki aap log app ko thoda update kar sakte ho aur next update mein is app ki jo speed hai sikhane ki vah thodi bada sakte ho,0.0,neutral,79
ESAKKIAMMAL A,I was so happy because I learn learn Chinese buy Duolingo,5,0,6.14.3,2025-04-28 02:59:34,i was so happy because i learn learn chinese buy duolingo,0.6115,positive,11
Lalit Patil,it's great to learn a new languages,5,0,6.27.4,2025-04-28 02:57:28,its great to learn a new languages,0.6249,positive,7
Vipin Verma,This is best language learning aap,5,0,6.27.4,2025-04-28 02:56:36,this is best language learning aap,0.6369,positive,6
Babu Lal,very nice,5,0,6.27.4,2025-04-28 02:56:13,very nice,0.4754,positive,2
Mercy Kyalo,"Duolingo makes learning new languages so fun and easy! I love the streak system, the friendly competition with friends, and the new conversation practice features powered by AI. Sometimes some lessons feel a little repetitive, but overall it’s the best free language-learning app out there.",5,0,6.22.3,2025-04-28 02:55:38,duolingo makes learning new languages so fun and easy i love the streak system the friendly competition with friends and the new conversation practice features powered by ai sometimes some lessons feel a little repetitive but overall its the best free languagelearning app out there,0.9655,positive,45
Sukhdev Muduli,thank you Duolingo,5,0,6.27.4,2025-04-28 02:55:21,thank you duolingo,0.3612,positive,3
Rahaf Al-Azzawi,ngl i really love it its cutee and i really learn a lot of words,5,0,6.27.4,2025-04-28 02:52:51,ngl i really love it its cutee and i really learn a lot of words,0.6697,positive,15
Adil Atif,very nice 👍,5,0,6.27.4,2025-04-28 02:48:52,very nice,0.4754,positive,2
Shinchan,it's too fun..,5,0,6.27.4,2025-04-28 02:48:47,its too fun,0.5106,positive,3
CCTC BER,very gooooooooooo!,5,0,6.27.4,2025-04-28 02:48:06,very gooooooooooo,0.0,neutral,2
mudassir raja,good app,3,0,6.27.4,2025-04-28 02:45:55,good app,0.4404,positive,2
Purnima Sharma,it's good,4,0,6.27.4,2025-04-28 02:43:33,its good,0.4404,positive,2
Venkat,"After using dulingo app for two months,I learn English very well. overall it's a friendly app to us.",5,0,6.27.4,2025-04-28 02:42:45,after using dulingo app for two monthsi learn english very well overall its a friendly app to us,0.6801,positive,18
Islam md shariful,amer kase valoi lage,5,0,6.27.4,2025-04-28 02:40:46,amer kase valoi lage,0.0,neutral,4
Srinivas Dasari,improve it faster,1,0,6.27.4,2025-04-28 02:40:39,improve it faster,0.4404,positive,3
Thulasi raman,nice to learn amazing things,5,0,6.27.4,2025-04-28 02:40:24,nice to learn amazing things,0.765,positive,5
Rajkumar Kumar,mujhe Duolingo bohot hi accha laga hai mujhe Duolingo se English sikhne me maja aa rha hai thank you Duolingo,5,0,6.27.4,2025-04-28 02:39:03,mujhe duolingo bohot hi accha laga hai mujhe duolingo se english sikhne me maja aa rha hai thank you duolingo,0.3612,positive,20
Bipana Paudel,"The dwaligo application has been translated into all the languages of the world. But why is it not translated into Nepali? If we have to learn it, where and how should we learn it?",1,0,6.27.4,2025-04-28 02:35:44,the dwaligo application has been translated into all the languages of the world but why is it not translated into nepali if we have to learn it where and how should we learn it,0.0,neutral,34
Yvonne Andoh,"Pretty cool app, having absolutely no trouble with ads and it's right about how fun the entire process is..",4,0,5.121.10,2025-04-28 02:35:38,pretty cool app having absolutely no trouble with ads and its right about how fun the entire process is,0.5153,positive,19
B. S Prativa,awsome 😊😊😊,4,0,6.27.4,2025-04-28 02:35:22,awsome,0.0,neutral,1
Izabela Sierakowska,you can learn any language !,5,0,6.27.4,2025-04-28 02:33:17,you can learn any language,0.0,neutral,5
35_MuhammadUbaidillah Dahlan,"the app is good, I love the interactive, and I wish the duo had another app for coding or learning programming languages like python, csharp, or other languages",5,0,,2025-04-28 02:32:24,the app is good i love the interactive and i wish the duo had another app for coding or learning programming languages like python csharp or other languages,0.9062,positive,28
Nirmal Chandra Patowary,Very interesting 👌,4,0,6.27.4,2025-04-28 02:31:36,very interesting,0.4576,positive,2
Sofija Andreevska,I love it!!!,5,0,6.9.5,2025-04-28 02:30:15,i love it,0.6369,positive,3
Yashfiq Saad,the worst language app forever it dont even have a language option on the settings shame on Duolingo group,1,0,6.27.4,2025-04-28 02:30:00,the worst language app forever it dont even have a language option on the settings shame on duolingo group,-0.802,negative,19
Dean Mchan,good ig,4,0,6.26.2,2025-04-28 02:27:30,good ig,0.4404,positive,2
Leticia Villarreal,LOVE IT,5,0,6.27.4,2025-04-28 02:27:07,love it,0.6369,positive,2
Kokila ben Nadola,very useful app my favourite app,5,0,6.26.2,2025-04-28 02:25:12,very useful app my favourite app,0.4927,positive,6
King DF,Learning from beginner to pro level for Ausbildung,5,0,6.27.4,2025-04-28 02:24:41,learning from beginner to pro level for ausbildung,0.0,neutral,8
Kumara guru D,super app for learning many languages it helped me more thankyou so much,5,0,6.27.4,2025-04-28 02:21:48,super app for learning many languages it helped me more thankyou so much,0.5994,positive,13
Sohani Sahu,A very good app to learn in enjoyful way . Overall good experience 🎀👍🏻,5,0,6.27.4,2025-04-28 02:21:18,a very good app to learn in enjoyful way overall good experience,0.7496,positive,12
RAFIK DIWAN,nice app,5,0,6.27.4,2025-04-28 02:20:46,nice app,0.4215,positive,2
Marcus Mutua,OK,5,0,6.27.4,2025-04-28 02:20:10,ok,0.296,positive,1
Iftiyar Ahamed Omar,joss app,5,0,6.27.4,2025-04-28 02:19:33,joss app,0.0,neutral,2
Chandra Muppuri,good,5,0,6.27.4,2025-04-28 02:18:28,good,0.4404,positive,1
Alastair Bell,Pretty decent. I am learning french. it's working!,5,0,6.27.4,2025-04-28 02:18:08,pretty decent i am learning french its working,0.4939,positive,8
Jitendar Singh,nice english,5,0,6.14.3,2025-04-28 02:15:30,nice english,0.4215,positive,2
Nene,Noooooo my streak got lost! 1 stars,1,1,6.27.4,2025-04-28 02:15:27,noooooo my streak got lost 1 stars,-0.3182,negative,7
Sonder Stromberg,"It's frustrating that I pay for Super, but if I want to know why I got an answer wrong, I need to pay for Max. Even if I wasn't paying, not being able to learn why an answer is wrong is... NOT learning. In the French program at least, it's extremely rare to be given information about grammar or vocab before a lesson. More often than not, I get thrown in and don't know why I keep getting things wrong. They're just wrong! Paid or not, we should learn!",3,0,6.27.4,2025-04-28 02:14:09,its frustrating that i pay for super but if i want to know why i got an answer wrong i need to pay for max even if i wasnt paying not being able to learn why an answer is wrong is not learning in the french program at least its extremely rare to be given information about grammar or vocab before a lesson more often than not i get thrown in and dont know why i keep getting things wrong theyre just wrong paid or not we should learn,-0.9549,negative,89
Urmee Daxini,amazing 👏,5,0,6.27.4,2025-04-28 02:10:56,amazing,0.5859,positive,1
Trudy Bantham,"The words are repeated so many times, that they begin to become a part of my vocabulary. As a result, it reduces the stress and anxiety to remember all the words. It's fun!!!",5,0,6.27.4,2025-04-28 02:10:13,the words are repeated so many times that they begin to become a part of my vocabulary as a result it reduces the stress and anxiety to remember all the words its fun,-0.0516,negative,33
Saswata Sinha,It's truly the best application to learn any language within a specific time period. Loved it!!,5,0,,2025-04-28 02:10:04,its truly the best application to learn any language within a specific time period loved it,0.9001,positive,16
Arulmani Ra,nice nice nice........,5,0,6.27.4,2025-04-28 02:08:50,nice nice nice,0.8126,positive,3
Minakshi ghosh,its very good,5,0,6.27.4,2025-04-28 02:05:42,its very good,0.4927,positive,3
Stancu Raul,Duo=God,5,0,6.27.4,2025-04-28 02:05:36,duogod,0.0,neutral,1
Partha screener,good,5,0,6.27.4,2025-04-28 02:05:23,good,0.4404,positive,1
Reza Sadeghi Baba Ahmadi,a new way to learn languages perfect but please add Persian Im an iranian and can learn better with my language,5,0,6.27.4,2025-04-28 02:04:13,a new way to learn languages perfect but please add persian im an iranian and can learn better with my language,0.8462,positive,21
Batturi Sammahran,your app is not showing hindi language,1,0,,2025-04-28 02:03:04,your app is not showing hindi language,0.0,neutral,7
noah watkins,really fun u can unlock more for free on.mobile,5,0,6.27.4,2025-04-28 02:02:17,really fun u can unlock more for free onmobile,0.8004,positive,9
Dhananjoy Kumar,so much good for learning language,5,0,6.27.4,2025-04-28 01:59:45,so much good for learning language,0.4902,positive,6
taheer Bagawan,this aap is very best for english learning 💥 DOUNLOAD NOW💗,4,0,5.121.10,2025-04-28 01:59:06,this aap is very best for english learning dounload now,0.6697,positive,10
Bindu Sivakami,nice and easy to learning,5,0,6.27.4,2025-04-28 01:57:37,nice and easy to learning,0.6908,positive,5
Ella Shepherd,"duolingo is really good if you're learning another language! I'm learning Spanish, and I find this really helpful. even tho there are ads you dont get a lot, he also goes back to the exercises you missed to correct you. at the end, you get your time, and it helps me challenge myself for the next time!",5,6,6.27.4,2025-04-28 01:56:02,duolingo is really good if youre learning another language im learning spanish and i find this really helpful even tho there are ads you dont get a lot he also goes back to the exercises you missed to correct you at the end you get your time and it helps me challenge myself for the next time,0.7897,positive,57
Nkaping Nestor,It's a really cool app to learn languages.,5,0,6.21.3,2025-04-28 01:54:44,its a really cool app to learn languages,0.3804,positive,8
jessa cortez,Thank you Duo 🤗,5,0,6.27.4,2025-04-28 01:52:27,thank you duo,0.3612,positive,3
Luis Diaz,its been great doing this in my sparetime,5,0,6.27.4,2025-04-28 01:51:55,its been great doing this in my sparetime,0.6249,positive,8
Varish Nayak,very good app 👌👌,5,0,6.27.4,2025-04-28 01:51:34,very good app,0.4927,positive,3
Dev Bhatnagar,this app is to good,5,0,5.121.10,2025-04-28 01:50:39,this app is to good,0.4404,positive,5
Md numaan Madani,very good app for learning,5,0,6.27.4,2025-04-28 01:49:44,very good app for learning,0.4927,positive,5
Bhagwati Soni,this is easy app to learning english,5,0,6.27.4,2025-04-28 01:49:42,this is easy app to learning english,0.4404,positive,7
Camelia Grosulescu,good and interactive app,5,0,6.27.4,2025-04-28 01:47:22,good and interactive app,0.4404,positive,4
Alexis Terry,"2025: 1 star. Free users can no longer earn hearts back by doing review lessons. Failing a lesson does not count towards your daily streak, so you must watch an ad for a heart, up to 2x. Don't mess up more than twice! 2015: 5 stars. The website has more diverse lessons, but having the app with me everywhere allows me to practice 10 mins here and there. No learning program is best for everyone, but Duolingo is both free and clicks better with me than rosetta stone did.",1,1,6.27.4,2025-04-28 01:45:10,2025 1 star free users can no longer earn hearts back by doing review lessons failing a lesson does not count towards your daily streak so you must watch an ad for a heart up to 2x dont mess up more than twice 2015 5 stars the website has more diverse lessons but having the app with me everywhere allows me to practice 10 mins here and there no learning program is best for everyone but duolingo is both free and clicks better with me than rosetta stone did,0.9225,positive,89
Felix Oviero,The Duolingo app is an amazing app. I am using the app to learn French and this has been a great experience for me. Kudos!,5,0,6.27.4,2025-04-28 01:44:22,the duolingo app is an amazing app i am using the app to learn french and this has been a great experience for me kudos,0.9042,positive,25
Nitin Choudhary,Good,5,0,6.26.2,2025-04-28 01:43:03,good,0.4404,positive,1
Mika Yo,Duolingo is good app for beginners and it also free that I like most of this app. yeah it kinda slow progress compare to other learning apps but it makes sure you're learning better way for memorization .Although it amazing for free learners !,5,0,6.27.4,2025-04-28 01:42:50,duolingo is good app for beginners and it also free that i like most of this app yeah it kinda slow progress compare to other learning apps but it makes sure youre learning better way for memorization although it amazing for free learners,0.974,positive,43
Rinku Rahul,It's amazing app to learn languages. 10/10,5,0,6.27.4,2025-04-28 01:42:48,its amazing app to learn languages 1010,0.5859,positive,7
dyanally,this app is so fun..try it bcz u won't regret it👍,5,0,6.26.2,2025-04-28 01:40:56,this app is so funtry it bcz u wont regret it,0.3252,positive,11
pranitaa arul,This is the best app to learn languages and more,5,0,6.27.4,2025-04-28 01:40:43,this is the best app to learn languages and more,0.6369,positive,10
Inalegwu Victor Agada,Doing a great job uniting the world in the language business,5,0,6.25.4,2025-04-28 01:39:51,doing a great job uniting the world in the language business,0.6249,positive,11
Final Solution,good app,5,0,6.27.4,2025-04-28 01:37:11,good app,0.4404,positive,2
M,"It's a good app to learn languages, but it can get frustrating with the ads. The only way to block them is to pay £7+. I had a free trial and I was learning so much until it ran out so you have to deal with making a mistake which costs a heart when you make 5 mistakes you have to quit the lesson and start over. You have to then watch an ad or wait 4 hours for a heart. They used to have it that you could practice but took it away and started pushing ads. Really sick of ad filled apps",2,2,6.26.2,2025-04-28 01:37:09,its a good app to learn languages but it can get frustrating with the ads the only way to block them is to pay 7 i had a free trial and i was learning so much until it ran out so you have to deal with making a mistake which costs a heart when you make 5 mistakes you have to quit the lesson and start over you have to then watch an ad or wait 4 hours for a heart they used to have it that you could practice but took it away and started pushing ads really sick of ad filled apps,-0.9342,negative,104
Ekaterina Popova,"I'm sorry duolingo I can,t everyday I lost my league on it so I'm really sorry duo 😭😭😭",4,0,6.27.4,2025-04-28 01:33:24,im sorry duolingo i cant everyday i lost my league on it so im really sorry duo,0.0931,positive,17
Roshan Ara,very nice and useful aap and I learn so many think in this aaps and every day learn new words,5,0,6.27.4,2025-04-28 01:32:55,very nice and useful aap and i learn so many think in this aaps and every day learn new words,0.7397,positive,20
Ryan F,Great way to learn another language. In a way that keeps you engaged on the daily.,5,0,6.27.4,2025-04-28 01:30:43,great way to learn another language in a way that keeps you engaged on the daily,0.7783,positive,16
Madhuri Dadi,"nice app , but it takes many ads which disturbed me but it is fine and I can learn anything from Duolingo ,and the language I am learning, got much compare to before",5,0,6.27.4,2025-04-28 01:30:15,nice app but it takes many ads which disturbed me but it is fine and i can learn anything from duolingo and the language i am learning got much compare to before,-0.0772,negative,32
Jyoti Jaju,easy to understand,5,0,6.27.4,2025-04-28 01:27:42,easy to understand,0.4404,positive,3
Kenreen,duolingo is a fun app and can help learn languages and there's even a music and a math so download this very good (^3^)/👍,5,0,6.27.4,2025-04-28 01:27:39,duolingo is a fun app and can help learn languages and theres even a music and a math so download this very good 3,0.8479,positive,24
Lidruth,I feel if I don't rate this 5 stars duo will come for my family,5,0,6.27.4,2025-04-28 01:26:56,i feel if i dont rate this 5 stars duo will come for my family,0.0,neutral,15
Suraj Gain,English. Great for learning app.,5,0,6.27.4,2025-04-28 01:26:31,english great for learning app,0.6249,positive,5
Nur Alam,Best,5,0,6.27.4,2025-04-28 01:24:43,best,0.6369,positive,1
Cruz Edosa Amos,Well . . . Doulingo is pretty nice. a A competitive leaderboard with sweats hmmm. I would say it's got me pretty addicted to learning a language,4,0,6.27.4,2025-04-28 01:23:25,well doulingo is pretty nice a a competitive leaderboard with sweats hmmm i would say its got me pretty addicted to learning a language,0.9001,positive,24
Tamary Mukandatsama,helpful app,5,0,5.121.10,2025-04-28 01:23:24,helpful app,0.4215,positive,2
Radha R,super 💯💯,5,0,6.27.4,2025-04-28 01:23:14,super,0.5994,positive,1
Tichuu Malhotra,best language learning app for sure,5,0,,2025-04-28 01:19:11,best language learning app for sure,0.7579,positive,6
Aaron,Perfect for learning 👌,5,0,6.27.4,2025-04-28 01:18:48,perfect for learning,0.5719,positive,3
Mohan Sahu,Good app 👌,5,0,6.27.4,2025-04-28 01:17:34,good app,0.4404,positive,2
frederick kyaruzi,cool helps my kids in communication,5,0,6.27.4,2025-04-28 01:17:00,cool helps my kids in communication,0.5994,positive,6
Jyoti Sain,amazing duo,5,0,6.27.4,2025-04-28 01:17:00,amazing duo,0.5859,positive,2
Nura Doctor,it's a best app. I can easily learn languages here,5,0,6.27.4,2025-04-28 01:15:24,its a best app i can easily learn languages here,0.765,positive,10
Arindam Biswas,good English lesson,4,0,6.27.4,2025-04-28 01:15:11,good english lesson,0.4404,positive,3
Sabiha Jamali,perfect 👌,5,0,,2025-04-28 01:12:48,perfect,0.5719,positive,1
Maeva Sánchez,"I don't like that they're using AI to correct the exercises — not only because there's a lot of translators looking for a job, but also because that way the ""corrections"" can be wrong too, and due to that the app is not fully useful on actual language learning, but it's the best free option for what I can tell.",3,1,6.27.4,2025-04-28 01:12:43,i dont like that theyre using ai to correct the exercises not only because theres a lot of translators looking for a job but also because that way the corrections can be wrong too and due to that the app is not fully useful on actual language learning but its the best free option for what i can tell,0.4785,positive,59
Md Atikur Rahman,best language learning application,5,0,6.27.4,2025-04-28 01:11:02,best language learning application,0.6369,positive,4
Ugyen palden,very very very good,5,0,6.27.4,2025-04-28 01:10:33,very very very good,0.5768,positive,4
Mr F,This learning app (multiple languages) really help me to learn English very well and it is the best application for learning any language 👍👍👍,5,0,6.27.4,2025-04-28 01:09:11,this learning app multiple languages really help me to learn english very well and it is the best application for learning any language,0.862,positive,23
Khardi Sunil,nice,5,0,6.27.4,2025-04-28 01:08:59,nice,0.4215,positive,1
Anjum bano Chand pasha,i learnt japanese very well,5,0,6.27.4,2025-04-28 01:08:23,i learnt japanese very well,0.3384,positive,5
DHATCHAYANI S,good app nice learning telling English coaching is very good,5,0,6.27.4,2025-04-28 01:06:39,good app nice learning telling english coaching is very good,0.8225,positive,10
Kannan Uvaraja,very useful nice app,5,0,6.27.4,2025-04-28 01:05:06,very useful nice app,0.7408,positive,4
Rina Demi,too many ads and you can't study as much time as you want if you make mistakes,1,1,6.27.4,2025-04-28 01:04:53,too many ads and you cant study as much time as you want if you make mistakes,-0.296,negative,17
Uchechukwu Achibiri,this is a great app for learning other languages as far I can say that is the best,5,0,6.27.4,2025-04-28 01:04:39,this is a great app for learning other languages as far i can say that is the best,0.8519,positive,18
kriti Bhonsale,it is a language I speak in English I had a good chance of my life I speak in English for doing it is the best app of the world so good and comfortably I love this game 🎮,5,0,,2025-04-28 01:04:36,it is a language i speak in english i had a good chance of my life i speak in english for doing it is the best app of the world so good and comfortably i love this game,0.9599,positive,38
Leah & Lila Bryant,"Functional, fun, and just enjoyable overall. Great animations, and a really great way to learn a language.",5,0,6.27.4,2025-04-28 01:04:06,functional fun and just enjoyable overall great animations and a really great way to learn a language,0.9371,positive,17
Alan Beltran,Just amazing.,5,0,6.27.4,2025-04-28 01:04:02,just amazing,0.5859,positive,2
Mekdes Berhe,help full,5,0,6.27.4,2025-04-28 01:03:04,help full,0.4019,positive,2
Cesar V,"apps gotten worse and more greedy. you won't learn without forking out hundreds. and hundreds of dollars, don't bother. get a one time purchase language app instead.",1,1,6.27.4,2025-04-28 01:02:33,apps gotten worse and more greedy you wont learn without forking out hundreds and hundreds of dollars dont bother get a one time purchase language app instead,-0.5657,negative,27
Meredith Elliott,The owl haunts me in my dreams.,5,0,6.27.4,2025-04-28 01:01:40,the owl haunts me in my dreams,0.1779,positive,7
lauren squints,"I like the constant reminders, helps me practice a little everyday. That is better for me than practicing an hour once a week.",5,0,6.27.4,2025-04-28 01:00:45,i like the constant reminders helps me practice a little everyday that is better for me than practicing an hour once a week,0.7906,positive,23
Ray C,Sections for the character 几 practice in Chinese(Mandarin) is super buggy. No audio whenever this character is used or pronounced.,2,0,6.27.4,2025-04-28 00:57:58,sections for the character practice in chinesemandarin is super buggy no audio whenever this character is used or pronounced,0.4019,positive,19
taull01,"Enjoy having the widget to remind me to practice and the new games that teach you how to write, it's gotten much better from when I was using it a few years ago.",5,0,6.27.4,2025-04-28 00:57:09,enjoy having the widget to remind me to practice and the new games that teach you how to write its gotten much better from when i was using it a few years ago,0.7269,positive,33
Gundu Bubbly,It is Very good with good teaching,5,0,6.21.3,2025-04-28 00:56:06,it is very good with good teaching,0.7496,positive,7
Aliyah Hermosillo,The app is amazing. It helps me with Spanish.,5,0,,2025-04-28 00:53:21,the app is amazing it helps me with spanish,0.7506,positive,9
Oma Brett,I am learning a lot,5,0,6.27.4,2025-04-28 00:52:03,i am learning a lot,0.0,neutral,5
Niaz Mridha,good and perfect app for improve my language,4,0,6.27.4,2025-04-28 00:49:24,good and perfect app for improve my language,0.8591,positive,8
Sandeep Bhandari,nice 🙂👍,5,0,6.27.4,2025-04-28 00:47:32,nice,0.4215,positive,1
Raeiley Sparks,pretty ok. learning Spanish. my suggested words are helping me out a lot 😂,4,0,6.27.4,2025-04-28 00:45:23,pretty ok learning spanish my suggested words are helping me out a lot,0.765,positive,13
mst robi,Duolingo is a best app এটা খেলে খুব মজা পাই,5,0,6.26.2,2025-04-28 00:44:32,duolingo is a best app,0.6369,positive,5
শাফি হাসান,Good,5,0,6.26.2,2025-04-28 00:43:33,good,0.4404,positive,1
manet masilungan,I really learn this apps,5,0,,2025-04-28 00:42:29,i really learn this apps,0.0,neutral,5
Trevor Joseph,just started a day or two ago liking it so far,4,0,6.27.4,2025-04-28 00:42:19,just started a day or two ago liking it so far,0.4019,positive,11
Mirwais Amini,nice and useful application for learning,5,0,6.27.4,2025-04-28 00:41:39,nice and useful application for learning,0.6908,positive,6
zimm,"I LOVE THE NEW DUOLINGO, FORMER MEMBER FROM 2019 HERE! ❤️💖",5,0,6.27.4,2025-04-28 00:40:08,i love the new duolingo former member from 2019 here,0.6369,positive,10
pramita panda,best app ever,5,0,6.27.4,2025-04-28 00:39:23,best app ever,0.6369,positive,3
Kebble 20,"Very good, I'm learning a lot, but it's not perfect. It teaches you the words, but not really when to use them.",4,0,6.27.4,2025-04-28 00:38:56,very good im learning a lot but its not perfect it teaches you the words but not really when to use them,-0.4405,negative,22
Teagen Ray,I really like it ITS SOO FUN,4,0,6.27.4,2025-04-28 00:38:29,i really like it its soo fun,0.7264,positive,7
Samina mina Song love,"This app really is Great, It's just that I can't learn the language I'm yearning for - Filipino. I need This to help with my junior high school life a few months later and I'm hoping to be on top of my class. without learning this language there's no chance I'll ace tests or do presentations perfectly.",3,0,6.27.4,2025-04-28 00:38:21,this app really is great its just that i cant learn the language im yearning for filipino i need this to help with my junior high school life a few months later and im hoping to be on top of my class without learning this language theres no chance ill ace tests or do presentations perfectly,0.9243,positive,56
Ridhi Devgan,only used for fun you cannot learn a language from Duolingo,3,0,6.27.4,2025-04-28 00:36:54,only used for fun you cannot learn a language from duolingo,0.5106,positive,11
Mondal Tapas,good I learn more Korean from Duolingo,5,0,6.27.4,2025-04-28 00:36:35,good i learn more korean from duolingo,0.4404,positive,7
Jignesh Patel,i learn Japanese. i learn so much things.this app is so useful. but I don't like ads it comes after every lesson. pls remove them,4,0,6.27.4,2025-04-28 00:35:46,i learn japanese i learn so much thingsthis app is so useful but i dont like ads it comes after every lesson pls remove them,0.0401,neutral,25
Tamanna Badsar,osm app 🫶,5,0,6.27.4,2025-04-28 00:31:46,osm app,0.0,neutral,2
Nick J.,it's frustrating that often times Duo Lingo doesn't show the complete translations in both languages. very annoying. Duo still doesn't show pinyin for all mandarin lessons. what a garbage app. I wish I didn't pay for premium.,1,0,6.27.4,2025-04-28 00:31:19,its frustrating that often times duo lingo doesnt show the complete translations in both languages very annoying duo still doesnt show pinyin for all mandarin lessons what a garbage app i wish i didnt pay for premium,-0.4399,negative,37
Christopher Knight,"I've been taking Portuguese. In the beginning there were little issues. Mulher means woman. Sometimes the app would pronounce the word mool-yair, and sometimes mool-yash. Never did it explain when this difference was meant to occur. A couple of days ago I went to continue lessons, I hardly skip a day, and even though it kept track of where I was on the path in terms of number of lessons everything on the path is changed. I went back to the first lesson and still don't know the words. boo.",3,0,6.27.4,2025-04-28 00:30:42,ive been taking portuguese in the beginning there were little issues mulher means woman sometimes the app would pronounce the word moolyair and sometimes moolyash never did it explain when this difference was meant to occur a couple of days ago i went to continue lessons i hardly skip a day and even though it kept track of where i was on the path in terms of number of lessons everything on the path is changed i went back to the first lesson and still dont know the words boo,0.0772,positive,90
Saphira,"I have been learning Korean and am currently nearing the end of Section 1. Two days ago, all lessons in Section 1 were replaced with unfamiliar lessons that appear to be from a later section. This has left me lost, and confused(as well as in danger of losing my streak, and displeasing Almighty Duo!)",2,0,6.27.4,2025-04-28 00:28:01,i have been learning korean and am currently nearing the end of section 1 two days ago all lessons in section 1 were replaced with unfamiliar lessons that appear to be from a later section this has left me lost and confusedas well as in danger of losing my streak and displeasing almighty duo,-0.7351,negative,54
Kavita Devi,it is really a good Free time spend app to acquire the some different language knowledge I also. recommend you to use DUOLINGO APP.,5,0,,2025-04-28 00:27:32,it is really a good free time spend app to acquire the some different language knowledge i also recommend you to use duolingo app,0.8508,positive,24
Kullai Reddy,not any word will be uttered on this golden app,5,0,6.27.4,2025-04-28 00:27:16,not any word will be uttered on this golden app,0.0,neutral,10
Abazar Maghsoudi,The best language learnong app ever,5,0,6.27.4,2025-04-28 00:26:54,the best language learnong app ever,0.6369,positive,6
Eshwar Nandan,this app is a very amazing,5,0,6.27.4,2025-04-28 00:26:37,this app is a very amazing,0.624,positive,6
Sakshi Thakur,good,5,0,6.27.4,2025-04-28 00:25:46,good,0.4404,positive,1
Jay Schall,fun fantastic way to learn 😀,5,0,6.27.4,2025-04-28 00:24:24,fun fantastic way to learn,0.7845,positive,5
Kijaira Chittick,10/10 i love this app if u want to lean french or more language this is the app for u.,5,0,,2025-04-28 00:23:51,1010 i love this app if u want to lean french or more language this is the app for u,0.6705,positive,20
Sanjay Theeng_Achilies,Best learning app,5,0,6.27.4,2025-04-28 00:23:00,best learning app,0.6369,positive,3
Fatemeh Damirchi,The best!!!,5,0,,2025-04-28 00:21:12,the best,0.6369,positive,2
Po'latjon Nuraliyev,hopefully I'll start speaking German soon,5,0,,2025-04-28 00:21:12,hopefully ill start speaking german soon,-0.0258,neutral,6
Fadi Abujoudeh,G.O.A.T,5,0,6.27.4,2025-04-28 00:20:06,goat,0.0,neutral,1
Rakesh Pahanpate,Best,5,0,6.26.2,2025-04-28 00:19:56,best,0.6369,positive,1
Tahmina khan mom,🤭This makes learning English very easy and I am now much better at English than before.,5,0,,2025-04-28 00:17:53,this makes learning english very easy and i am now much better at english than before,0.7264,positive,16
BAM M,"*Update, app is not working now. I cleared the cache, restarted my phone, uninstalled and reinstalled the app and after logging in, it stays stuck on the green loading screen and won't go to my account screen. Please fix. Also before that happend, the app would not let me do the voice speaking practice parts.",1,2,6.27.4,2025-04-28 00:17:32,update app is not working now i cleared the cache restarted my phone uninstalled and reinstalled the app and after logging in it stays stuck on the green loading screen and wont go to my account screen please fix also before that happend the app would not let me do the voice speaking practice parts,0.001,neutral,55
Daniel T,"This is a useful app. However it has plenty of issues. In Hindi, at least 1500 words must be included to gain mastery over it. In Hebrew, the course is just rudimentary. There is no slow pronunciation nor is there any word pronunciation in the practice section. This makes learning Hebrew words even more difficult in the absence of Nikud. I am very disappointed with all this. Please fix these issues for better ratings.",2,2,6.27.4,2025-04-28 00:16:10,this is a useful app however it has plenty of issues in hindi at least 1500 words must be included to gain mastery over it in hebrew the course is just rudimentary there is no slow pronunciation nor is there any word pronunciation in the practice section this makes learning hebrew words even more difficult in the absence of nikud i am very disappointed with all this please fix these issues for better ratings,0.5329,positive,74
Muhib Pakistani,A very good learning app,5,0,6.27.4,2025-04-28 00:15:31,a very good learning app,0.4927,positive,5
rajesh m,good,5,0,6.27.4,2025-04-28 00:13:36,good,0.4404,positive,1
Tahir King,good,5,0,6.27.4,2025-04-28 00:13:33,good,0.4404,positive,1
Connor Ussery,"this has been a great app, im 11 and im really smart. I want to go to Japan once I'm older and im learning so much already, this has been a great experience and i love your app.",5,0,,2025-04-28 00:13:12,this has been a great app im 11 and im really smart i want to go to japan once im older and im learning so much already this has been a great experience and i love your app,0.9514,positive,38
Shawn Denise Coley,"I love Duolingo! It's the best! You get to learn lots of different languages. Keep up the great work, Duolingo!",5,0,6.27.4,2025-04-28 00:12:38,i love duolingo its the best you get to learn lots of different languages keep up the great work duolingo,0.926,positive,20
morattu Tamizhachi,I just loved it 😻😁,5,0,6.27.4,2025-04-28 00:12:06,i just loved it,0.5994,positive,4
Rohit Islam,Awasome,5,0,6.26.2,2025-04-28 00:11:47,awasome,0.0,neutral,1
Kishan Kaiwart,It is very good.,5,0,6.27.4,2025-04-28 00:11:23,it is very good,0.4927,positive,4
Paden Henning,"watch ads to learn a language, but at a pretty fair rate.",4,0,6.27.4,2025-04-28 00:11:15,watch ads to learn a language but at a pretty fair rate,0.8047,positive,12
Dattahari Honrao,best language learning platform,5,0,6.27.4,2025-04-28 00:08:26,best language learning platform,0.6369,positive,4
Daniel Even,"I already pay for the app but apparently I need to pay more to have AI explain my mistakes. Being assessed and having your mistakes explained is a crucial part of the learning process. If I'm not getting that anymore I'm not going to pay more, I'm going to cancel.",1,2,6.27.4,2025-04-28 00:08:02,i already pay for the app but apparently i need to pay more to have ai explain my mistakes being assessed and having your mistakes explained is a crucial part of the learning process if im not getting that anymore im not going to pay more im going to cancel,-0.886,negative,50
Jay,good trainer,4,0,6.27.4,2025-04-28 00:05:44,good trainer,0.4404,positive,2
Xamira Yaffa Salazar,Gooddd,5,0,6.27.4,2025-04-28 00:04:54,gooddd,0.0,neutral,1
Sandhya Roy,it's a amazing...which is i want that is here please gyus install this....i am very satisfied.... this is so easy and beautiful training 💕,5,0,6.27.4,2025-04-28 00:04:51,its a amazingwhich is i want that is here please gyus install thisi am very satisfied this is so easy and beautiful training,0.9273,positive,23
Brianna Lively,it's actually pretty good,5,0,6.27.4,2025-04-28 00:02:58,its actually pretty good,0.7269,positive,4
shubh sanket,Best is this.,5,0,6.26.2,2025-04-28 00:01:53,best is this,0.6369,positive,3
Nishant Yadav,excllent,5,0,6.27.4,2025-04-28 00:01:26,excllent,0.0,neutral,1
lor ren,The best guide to learning all languages,5,0,6.27.4,2025-04-28 00:00:39,the best guide to learning all languages,0.6369,positive,7
Anil Parmar,your app is very good 👍 👌,5,0,6.27.4,2025-04-27 23:59:41,your app is very good,0.4927,positive,5
Jake Archer,slaps fyi,4,0,6.27.4,2025-04-27 23:59:34,slaps fyi,0.2023,positive,2
Alor Pothe,I think it is very usefull for student and any kind of people . It learn to english basic from advence level.,2,0,6.27.4,2025-04-27 23:59:22,i think it is very usefull for student and any kind of people it learn to english basic from advence level,0.0,neutral,21
Ashura Khatun,vlo kintu taka lagbe ta amra to khub gorib taka dite parbo na,5,0,6.27.4,2025-04-27 23:57:32,vlo kintu taka lagbe ta amra to khub gorib taka dite parbo na,0.0,neutral,13
Nathalie Peiris,It's a very good app for learning languages easily,5,0,6.27.4,2025-04-27 23:56:38,its a very good app for learning languages easily,0.6801,positive,9
Double AA,observed the app is forcing to accept free trail and trying to get banking details of the user..,1,0,,2025-04-27 23:55:41,observed the app is forcing to accept free trail and trying to get banking details of the user,0.7096,positive,18
andrea villarreal,"I used to give this app 4 stars but it changed so much in this last year, before I could practice to gain hearts, then I could only do one practice and now I have to watch ads and more ads if I want to gain an extra heart. I think practicing helped a lot more to understand and learn better, watching ads isn't an insensitive to learn more.",2,0,6.27.4,2025-04-27 23:52:43,i used to give this app 4 stars but it changed so much in this last year before i could practice to gain hearts then i could only do one practice and now i have to watch ads and more ads if i want to gain an extra heart i think practicing helped a lot more to understand and learn better watching ads isnt an insensitive to learn more,0.9509,positive,69
Bin Diaz,ads are kinda annoying but is an amazing all to start and picking up a new habit,5,0,6.27.4,2025-04-27 23:52:18,ads are kinda annoying but is an amazing all to start and picking up a new habit,0.6701,positive,17
Uday,Good,5,0,6.27.4,2025-04-27 23:51:41,good,0.4404,positive,1
Lyn Grace Bigcal,i don't like duolingo,5,0,6.27.4,2025-04-27 23:51:32,i dont like duolingo,-0.2755,negative,4
J. Friendly,I'm not convinced this works. Just running around harsh grammar checking in pursuit of hearts. pretty meaningless.,2,0,6.27.4,2025-04-27 23:50:27,im not convinced this works just running around harsh grammar checking in pursuit of hearts pretty meaningless,-0.5938,negative,17
Kai Lao,Abi,5,0,,2025-04-27 23:46:27,abi,0.0,neutral,1
Coral Bianchi,"it's my 420th day streak as I make this review. helps me learn okay, but I think it would be better to learn essentials first such as asking for help",4,0,6.27.4,2025-04-27 23:44:44,its my 420th day streak as i make this review helps me learn okay but i think it would be better to learn essentials first such as asking for help,0.8641,positive,30
samuel opiyo,"it's helpful when learning languages from scratch, the user interface is topnotch",4,0,6.25.4,2025-04-27 23:42:33,its helpful when learning languages from scratch the user interface is topnotch,0.4215,positive,12
Jancy R,excellent,5,0,6.27.4,2025-04-27 23:42:25,excellent,0.5719,positive,1
Rajeshwar Rao Karangolla,awesome,5,0,6.27.4,2025-04-27 23:40:37,awesome,0.6249,positive,1
Chhaya Sengupta,excellent app,5,0,6.27.4,2025-04-27 23:38:42,excellent app,0.5719,positive,2
Ashim Subedi,i have having fun learning chinese here. i never knew a word in chinese before.,5,0,6.27.4,2025-04-27 23:37:52,i have having fun learning chinese here i never knew a word in chinese before,0.5106,positive,15
Timothy noah Cartin,"Ich habe Spaß daran, Deutsch zu lernen",5,0,6.27.4,2025-04-27 23:37:45,ich habe spa daran deutsch zu lernen,0.0,neutral,7
Drishti Yadav,It's an amazing app.,5,0,6.27.4,2025-04-27 23:34:45,its an amazing app,0.5859,positive,4
HOANG QUAN -Dinh,good,5,0,6.27.4,2025-04-27 23:34:29,good,0.4404,positive,1
Vaibhav,great,5,0,6.27.4,2025-04-27 23:33:45,great,0.6249,positive,1
Kelly Moreno Platero,Das ist sehr gut! I have been learning German for around a month and I can feel the progress passing through my veins and since I've learned English it's even easier to learn other languages for me,5,0,6.27.4,2025-04-27 23:33:33,das ist sehr gut i have been learning german for around a month and i can feel the progress passing through my veins and since ive learned english its even easier to learn other languages for me,0.6808,positive,37
Mr. Devilal Gawariya,it's really helpful appreciate,5,0,6.27.4,2025-04-27 23:31:53,its really helpful appreciate,0.7245,positive,4
Jon Doe,"There maybe other learning apps, but this one is almost guaranteed to crash. I've spent too much time using this app. I have made zero percent progress in the last two months, I feel nothing but despair.",1,0,6.27.4,2025-04-27 23:30:27,there maybe other learning apps but this one is almost guaranteed to crash ive spent too much time using this app i have made zero percent progress in the last two months i feel nothing but despair,0.4568,positive,37
Gopal Rangir,Good app,2,0,6.27.4,2025-04-27 23:30:21,good app,0.4404,positive,2
Cynthia Kim Avila,so useful🥰🥰🥰,5,0,6.27.4,2025-04-27 23:29:25,so useful,0.4927,positive,2
NAWAB YASH,it's daily and I need to be updated about the language what should I have to learn?,1,0,6.27.4,2025-04-27 23:28:47,its daily and i need to be updated about the language what should i have to learn,0.0,neutral,17
Suranga Motors,it is very good for education and I really appreciate it,5,0,6.27.4,2025-04-27 23:28:17,it is very good for education and i really appreciate it,0.734,positive,11
Pooja Virdi,it's very great app I learn faster English I love it 🤩 very smooth everyone try it 😉 I love you Duolingo 🦉 you made my life better ❤️,5,0,6.26.2,2025-04-27 23:26:05,its very great app i learn faster english i love it very smooth everyone try it i love you duolingo you made my life better,0.9493,positive,25
sejutiroy,The best app i've ever found 😊💓,5,0,6.27.4,2025-04-27 23:25:56,the best app ive ever found,0.6369,positive,6
Abiya Ann Thomas,i was in my section 1 and suddenly i am in section 2 also when i looked at the section 1 it is fully different .why i hate this,3,2,6.27.4,2025-04-27 23:25:25,i was in my section 1 and suddenly i am in section 2 also when i looked at the section 1 it is fully different why i hate this,-0.6077,negative,29
Bulan Sembilan,help me to improve my skill,5,0,6.27.4,2025-04-27 23:25:19,help me to improve my skill,0.6808,positive,6
Honeyjhon Loretero,this game is very nice.,5,0,6.27.4,2025-04-27 23:24:42,this game is very nice,0.4754,positive,5
Lauryn Mikkelson,it is good but for me it's better for me to read the language not speak it is still not the best but not the worst 👍,3,0,6.27.4,2025-04-27 23:24:34,it is good but for me its better for me to read the language not speak it is still not the best but not the worst,0.6897,positive,26
Priya Porwal,worst language apo,1,0,6.27.4,2025-04-27 23:24:00,worst language apo,-0.6249,negative,3
Dexter Crawford,"This is by far my most favorite language learning app yet. It helps teach the basics of communication and ive learned a lot more french doing so. what i love most is the ability to have those streak freezes because sometimes its hard for me to get to a lesson in time. the friends thing is also a good perk because if you lose all your freezes, a friend can help out and its a little cheaper to spend than getting a single one. Its not hard to use either. i definitely will keep using this",5,1,6.27.4,2025-04-27 23:22:35,this is by far my most favorite language learning app yet it helps teach the basics of communication and ive learned a lot more french doing so what i love most is the ability to have those streak freezes because sometimes its hard for me to get to a lesson in time the friends thing is also a good perk because if you lose all your freezes a friend can help out and its a little cheaper to spend than getting a single one its not hard to use either i definitely will keep using this,0.9714,positive,96
Odin Lowry,Duo is nice Duo is life,5,0,6.27.4,2025-04-27 23:21:46,duo is nice duo is life,0.4215,positive,6
Shubham Kardile,useful application and,5,0,6.27.4,2025-04-27 23:21:10,useful application and,0.4404,positive,3
Biky Biky,nice app,5,0,6.27.4,2025-04-27 23:20:24,nice app,0.4215,positive,2
Teresa Rodrigues,"these days, speaking lessons are not working. I tap speak, speak but, it doesn’t receive",3,0,6.27.4,2025-04-27 23:19:53,these days speaking lessons are not working i tap speak speak but it doesnt receive,0.0,neutral,15
Dominic GDiaz,Learning Deustch is very easy! my problem is with the listening 😁,5,0,6.27.4,2025-04-27 23:19:00,learning deustch is very easy my problem is with the listening,0.0591,positive,11
MOHAMMAD MINHAZ UDDIN,good and helpful,5,0,6.27.4,2025-04-27 23:17:49,good and helpful,0.6908,positive,3
Channy Jefferson,"I used to love this app, but the changes to push you to pay have taken away from the experience. I loved being able to practice for now hearts but now you can only get more hearts after viewing an ad. Also, I'm not a fan of how they restructured the lessons and added new content to units I already finished. They need to make this about learning again. I only log in now to keep my 1100+ streak, i can't say I've learned much recently",2,1,6.27.4,2025-04-27 23:17:06,i used to love this app but the changes to push you to pay have taken away from the experience i loved being able to practice for now hearts but now you can only get more hearts after viewing an ad also im not a fan of how they restructured the lessons and added new content to units i already finished they need to make this about learning again i only log in now to keep my 1100 streak i cant say ive learned much recently,0.7102,positive,86
Krishna Pal,This a very good game,5,0,6.27.4,2025-04-27 23:15:56,this a very good game,0.4927,positive,5
Angielyn Yazon,I've been learning alot if langage I'm very suprice realy,5,0,6.27.4,2025-04-27 23:15:48,ive been learning alot if langage im very suprice realy,0.0,neutral,10
Олеся Зырянова,мне эта игра очень сильно нравится,5,0,5.141.7,2025-04-27 23:14:20,,0.0,neutral,0
jeevitha ramasamy,this is the best app to learn please install duolingo.,5,0,6.27.4,2025-04-27 23:13:40,this is the best app to learn please install duolingo,0.7579,positive,10
Veer Thakor,good aeepp,5,0,6.27.4,2025-04-27 23:13:14,good aeepp,0.4404,positive,2
Prasanta Moni,very nice,5,0,6.26.2,2025-04-27 23:12:32,very nice,0.4754,positive,2
Malathi,this is the super app to improve my english,5,0,6.27.4,2025-04-27 23:12:24,this is the super app to improve my english,0.7783,positive,9
Gajendra Verma,good app,5,0,6.27.4,2025-04-27 23:11:58,good app,0.4404,positive,2
Joylyn Amarille,I learned espanyol because of Duolingo,5,0,6.24.2,2025-04-27 23:11:43,i learned espanyol because of duolingo,0.0,neutral,6
Radha Mohan,it's good for me and nice,4,0,6.27.4,2025-04-27 23:10:03,its good for me and nice,0.6908,positive,6
Angel Shrestha,it's a great app for beginners to learn helped me alot,5,0,6.27.4,2025-04-27 23:09:57,its a great app for beginners to learn helped me alot,0.6249,positive,11
Maddux Pickett,"Duo... I know that my streak has not been well 😔 Just know that I love you with all of my heart and will come back to you one day 🍻 Plz don't get too mad at me, my love 😘🥰😍",5,0,6.27.4,2025-04-27 23:09:20,duo i know that my streak has not been well just know that i love you with all of my heart and will come back to you one day plz dont get too mad at me my love,0.8889,positive,38
Nishanth,"it's been a week using Duolingo , I am so glad to say I have learnt many new words which help me to communicate simple conversations. Thank you Duolingo.",5,0,6.27.4,2025-04-27 23:08:50,its been a week using duolingo i am so glad to say i have learnt many new words which help me to communicate simple conversations thank you duolingo,0.8429,positive,28
Sophia Ruan,It helped give me side lessons for Spanish!,5,0,6.27.4,2025-04-27 23:08:44,it helped give me side lessons for spanish,0.0,neutral,8
Aadarsh Kumar,free call,5,0,6.27.4,2025-04-27 23:08:15,free call,0.5106,positive,2
Pooja Gautam,nice,5,0,6.27.4,2025-04-27 23:07:56,nice,0.4215,positive,1
Bill Hanna,fun to work on learning a language without really trying.,5,0,6.27.4,2025-04-27 23:05:02,fun to work on learning a language without really trying,0.5106,positive,10
Anjali Chande,Best learning experience but he will kill you if you break the steak 👍,5,0,6.27.4,2025-04-27 23:03:43,best learning experience but he will kill you if you break the steak,-0.714,negative,13
Allyson Bourgeault-Pouliot,i don't know if there has been an update recently but my duolingo keeps lagging. it doesn't register where I finished last time I was one the app...,2,0,6.27.4,2025-04-27 23:02:26,i dont know if there has been an update recently but my duolingo keeps lagging it doesnt register where i finished last time i was one the app,-0.3919,negative,28
Ray Barenque,Good for all the basic stuff and will teach you repeatedly. engaging,5,0,6.27.4,2025-04-27 23:00:46,good for all the basic stuff and will teach you repeatedly engaging,0.6486,positive,12
VISHNU BETAGERI,super,4,0,6.27.4,2025-04-27 23:00:44,super,0.5994,positive,1
Sadeq Mogali,"""owner: hello this game is fun. and it learns you how to speak Spanish and this game is cooler than the other games",5,0,6.27.4,2025-04-27 23:00:18,owner hello this game is fun and it learns you how to speak spanish and this game is cooler than the other games,0.5106,positive,23
Trishagni Chakraborty,Wow,5,0,6.27.4,2025-04-27 22:59:13,wow,0.5859,positive,1
Norman Mwewa,Good methodology,4,0,6.27.4,2025-04-27 22:59:10,good methodology,0.4404,positive,2
Pastor Naeem,so good!!,5,0,6.27.4,2025-04-27 22:57:25,so good,0.4927,positive,2
Charlotte Daniels,very addicting and fun way to learn a language with friends,5,0,6.27.4,2025-04-27 22:56:46,very addicting and fun way to learn a language with friends,0.7693,positive,11
barbara huhn,makes it easy to learn when I have time.,4,0,6.27.4,2025-04-27 22:56:10,makes it easy to learn when i have time,0.4404,positive,9
Evelyn Orozco,I love it to learn Italian!,5,0,6.27.4,2025-04-27 22:54:18,i love it to learn italian,0.6369,positive,6
Samiran Biswas,best app for learning English,4,0,6.27.4,2025-04-27 22:52:45,best app for learning english,0.6369,positive,5
Salman Sheikh,very well,5,0,6.27.4,2025-04-27 22:50:50,very well,0.3384,positive,2
Pankaj Anuragi,this app is the best app for learning language,5,0,6.26.2,2025-04-27 22:49:59,this app is the best app for learning language,0.6369,positive,9
বনলতা ডট কম,very smart learning English language,5,0,6.27.4,2025-04-27 22:48:30,very smart learning english language,0.4576,positive,5
Enid Taylor,"I have been on this app several years with over a 1k day streak. I see some updates have happened as far as animation. Sadly, this came with a Hefty price increase in gems. No one asked for this! Completely unnecessary. This should be student (budget) friendly and it is NOT. Needless to say, the amount of work you need to earn gems now it's ludicrous. This is still an app for education and learning and Duo keeps killing the motivation . Way to go 👎🏻",3,0,6.27.4,2025-04-27 22:48:15,i have been on this app several years with over a 1k day streak i see some updates have happened as far as animation sadly this came with a hefty price increase in gems no one asked for this completely unnecessary this should be student budget friendly and it is not needless to say the amount of work you need to earn gems now its ludicrous this is still an app for education and learning and duo keeps killing the motivation way to go,-0.6124,negative,84
Clayton Birge,I love anime so that's why I'm doin this,4,0,6.27.4,2025-04-27 22:45:57,i love anime so thats why im doin this,0.6369,positive,9
Dwight john Tizon,mid but it's ok,3,0,6.27.4,2025-04-27 22:45:27,mid but its ok,0.4215,positive,4
Sangeeta Chauhan,BEST APP,5,0,,2025-04-27 22:44:53,best app,0.6369,positive,2
Tristan Smith,"bro you want me to keep my streaks up, but removed the option to practice for hearts. so you want to earn money while I watch an ad for one heart back when I could've been learning to get it. they just want money now and the free version sucks to try to keep up on when you only get 5 tries a day",2,0,6.26.2,2025-04-27 22:43:23,bro you want me to keep my streaks up but removed the option to practice for hearts so you want to earn money while i watch an ad for one heart back when i couldve been learning to get it they just want money now and the free version sucks to try to keep up on when you only get 5 tries a day,0.5023,positive,64
Martha Isabel Branzuela,"It really helps me with my education and communication,because of it I learned many languages and I can now communicate with other people, I recommend this if you want to learn some language and others. It really helps me,It also motivate me to do the streak everyday! I love Duolingo!",4,0,6.27.4,2025-04-27 22:43:09,it really helps me with my education and communicationbecause of it i learned many languages and i can now communicate with other people i recommend this if you want to learn some language and others it really helps meit also motivate me to do the streak everyday i love duolingo,0.937,positive,50
Saif Saif,إنهو جميل جدا,5,0,6.27.4,2025-04-27 22:42:20,,0.0,neutral,0
Robert Cornell,"What a horrible app. It continually forces ads and is habitually wrong in its translations. While it offers the user the ability to report its poor translation, it does nothing to fix any obvious problems. Use anything else.",1,2,,2025-04-27 22:41:47,what a horrible app it continually forces ads and is habitually wrong in its translations while it offers the user the ability to report its poor translation it does nothing to fix any obvious problems use anything else,-0.8779,negative,38
Soma Mori,Best app ever,5,0,6.27.4,2025-04-27 22:41:02,best app ever,0.6369,positive,3
Isabella Munthe,i love to learn here.❤️❤️,5,0,6.27.4,2025-04-27 22:40:30,i love to learn here,0.6369,positive,5
Zain Pawaskar,it is harder after words,3,0,6.26.2,2025-04-27 22:38:59,it is harder after words,0.0,neutral,5
Felicia Miley,"I do not like the angry face or reference to the squid game. I work and I cannot get to my phone until I am off work. I don't appreciate seeing the Duoling mascot with an angry red face and bloody eyes at the end of my shift at all. Be more positive... I am trilingual (not thanks to Duolingo) I am surprised there are no songs to practice on. Please, review scientific research articles on languages and music, that's how I learned and I retained better and faster.",2,0,6.27.4,2025-04-27 22:38:47,i do not like the angry face or reference to the squid game i work and i cannot get to my phone until i am off work i dont appreciate seeing the duoling mascot with an angry red face and bloody eyes at the end of my shift at all be more positive i am trilingual not thanks to duolingo i am surprised there are no songs to practice on please review scientific research articles on languages and music thats how i learned and i retained better and faster,0.6831,positive,89
Isla Ellingworth,a very cool language learning app you should try it is so fun I all ready know so much and it is my 9th day doing it 😁,5,0,6.27.4,2025-04-27 22:37:16,a very cool language learning app you should try it is so fun i all ready know so much and it is my 9th day doing it,0.8624,positive,27
Flyingcow,"Although it has the potential to teach languages, it has its major flaws. For one thing, if you make too many mistakes and don't have enough crystals to buy a refill, you're pretty much forced to either use a streak freeze or use up the ""free"" trial of super (which needs banking information). Plus, it teaches phrases that you most likely won't use if you ever use the language you're learning, and learning tools like training, reviewing your mistakes, and video calls are locked behind a paywall",2,0,6.27.4,2025-04-27 22:34:52,although it has the potential to teach languages it has its major flaws for one thing if you make too many mistakes and dont have enough crystals to buy a refill youre pretty much forced to either use a streak freeze or use up the free trial of super which needs banking information plus it teaches phrases that you most likely wont use if you ever use the language youre learning and learning tools like training reviewing your mistakes and video calls are locked behind a paywall,0.7269,positive,87
Dan,best app in town,5,0,6.27.4,2025-04-27 22:32:25,best app in town,0.6369,positive,4
Monica Dukes Jackson,The app makes learning another language engaging and fun.,5,0,6.27.4,2025-04-27 22:32:25,the app makes learning another language engaging and fun,0.6908,positive,9
kumar KUMAR,super,5,0,6.27.4,2025-04-27 22:31:08,super,0.5994,positive,1
Lucas Kilgore,adds are understandable reasonable and acceptable. w app,5,0,6.27.4,2025-04-27 22:30:49,adds are understandable reasonable and acceptable w app,0.3182,positive,8
Janet Bell,"really fun and hard to put down, not perfect on grammar structure but does the job",4,0,5.141.7,2025-04-27 22:27:15,really fun and hard to put down not perfect on grammar structure but does the job,-0.0089,neutral,16
Joseph DiBenedetto,it actually helped me and helped me for spanish class 😭😂🙏,5,0,6.27.4,2025-04-27 22:26:55,it actually helped me and helped me for spanish class,0.0,neutral,10
Dmitri Darren (Darren),I love Deutschland,5,0,6.27.4,2025-04-27 22:26:23,i love deutschland,0.6369,positive,3
Sudestna Biswasray,"It is best app for english / hindi / etc..speaking but please give promo code in the app duolingo.I think it is best to give promo code in 1 unit, 2 unit, 3 unit complet-1 promo code 4 unit, 5 unit , 6 unit complet-1 promo code Please.....................",4,0,5.121.10,2025-04-27 22:25:19,it is best app for english hindi etcspeaking but please give promo code in the app duolingoi think it is best to give promo code in 1 unit 2 unit 3 unit complet1 promo code 4 unit 5 unit 6 unit complet1 promo code please,0.936,positive,45
Pydi Revathi,good enough very easy to understand,4,0,6.27.4,2025-04-27 22:23:55,good enough very easy to understand,0.7264,positive,6
Sahib Afridi,this is good learning applications,4,0,6.27.4,2025-04-27 22:22:10,this is good learning applications,0.4404,positive,5
Kaung Htet,love it is app,5,0,,2025-04-27 22:20:00,love it is app,0.6369,positive,4
Wyntre Willow,the whole hearts thing is stupid. i get punished for not learning fast enough cant continue and the lesson starts over if you run out of heart,1,3,,2025-04-27 22:17:54,the whole hearts thing is stupid i get punished for not learning fast enough cant continue and the lesson starts over if you run out of heart,-0.7506,negative,27
Harsh Joshi,"Stuck at duolingo welcome screen after the latest update. Tried reinstalling, doesn't help.",1,1,6.27.4,2025-04-27 22:12:55,stuck at duolingo welcome screen after the latest update tried reinstalling doesnt help,-0.0665,negative,13
Gunjan Rane,Ise thoda hard banana chahiye tha. abhi ye easy way par accha hai.,3,0,6.27.4,2025-04-27 22:12:42,ise thoda hard banana chahiye tha abhi ye easy way par accha hai,0.3612,positive,13
Siwaphat Thoboonreun,เป็นเกมที่ดีมาก,5,0,6.27.4,2025-04-27 22:11:23,,0.0,neutral,0
Ravi Singh,"Duolingo is a very good application on which it is very easy to learn English, practice it daily and see, this application will improve your English and is like a very easy game, thank you Duolingo5",4,0,,2025-04-27 22:08:05,duolingo is a very good application on which it is very easy to learn english practice it daily and see this application will improve your english and is like a very easy game thank you duolingo5,0.9497,positive,36
Lemurccat Wood,"It's fun to do and makes me feel accomplished when I do one lesson every day, I do recommend 😄",5,0,6.27.4,2025-04-27 22:07:40,its fun to do and makes me feel accomplished when i do one lesson every day i do recommend,0.8271,positive,19
Toy Brand,great product but the Super is way too expensive,4,1,6.26.2,2025-04-27 22:03:47,great product but the super is way too expensive,0.836,positive,9
Amni Nur,wow...I now know how to make conversations in duolingo! awesome sauce!,5,0,6.27.4,2025-04-27 22:01:18,wowi now know how to make conversations in duolingo awesome sauce,0.6249,positive,11
DM Maths,best application,5,0,6.27.4,2025-04-27 22:00:01,best application,0.6369,positive,2
WAYNE BALFOUR,push too many ads and aps when you say it's free.. block you moving forward when you don't want to purchase anything,2,2,6.27.4,2025-04-27 21:58:03,push too many ads and aps when you say its free block you moving forward when you dont want to purchase anything,0.0459,neutral,22
B W,I think Duolingo should not stalk you. I don't like when you try to delete it and it gives you a threatening message.,3,0,6.21.3,2025-04-27 21:56:34,i think duolingo should not stalk you i dont like when you try to delete it and it gives you a threatening message,-0.6715,negative,23
Noah Carroll,ad's are killing what used to be a good app,2,2,6.27.4,2025-04-27 21:53:57,ads are killing what used to be a good app,-0.3612,negative,10
Pasang Lama,the only problem with this app is was ads free. now it starts pop up ads. ads disturb learning. better remove ads,4,1,6.27.4,2025-04-27 21:52:37,the only problem with this app is was ads free now it starts pop up ads ads disturb learning better remove ads,0.2023,positive,22
Lekshmy Lechu,👍 🙂 nice,4,0,5.141.7,2025-04-27 21:52:37,nice,0.4215,positive,1
Angel rose cebe Salinas,Very okay,5,0,6.27.4,2025-04-27 21:52:03,very okay,0.2944,positive,2
Soniya Mannan59,❤️this is so awesome for everyone🥰,5,0,6.27.4,2025-04-27 21:50:25,this is so awesome for everyone,0.7384,positive,6
Bhawani Shankar Sidar,Duo is really nice. i love it💖,4,0,,2025-04-27 21:48:32,duo is really nice i love it,0.8211,positive,7
Yvonne Leegstra,some of the Dutch words on here are no longer used in the Netherlands,3,0,6.27.4,2025-04-27 21:47:00,some of the dutch words on here are no longer used in the netherlands,-0.296,negative,14
Rakesh Kumar,English Speaking Fire App Duolingo,5,0,,2025-04-27 21:46:40,english speaking fire app duolingo,-0.34,negative,5
jimmyveaney,"Convenient that you can use both computer and phone app. The free trial is very useful, and I think I will opt for the full version. Very useful for the less common languages, such as Irish or Indonesian. Easy to use and user friendly.",4,0,6.27.4,2025-04-27 21:42:26,convenient that you can use both computer and phone app the free trial is very useful and i think i will opt for the full version very useful for the less common languages such as irish or indonesian easy to use and user friendly,0.9412,positive,44
Levi “GrahamCkracker” Graham,"so far, so good.",5,0,6.27.4,2025-04-27 21:41:52,so far so good,0.6213,positive,4
Rajendra Sagar,Very nice this is my new English teacher 😃😃😊😊,5,0,6.22.3,2025-04-27 21:41:31,very nice this is my new english teacher,0.4754,positive,8
Mohamed Alaa,it's good app,5,0,6.27.4,2025-04-27 21:40:43,its good app,0.4404,positive,3
Ronald Scott,nice and free,5,0,6.27.4,2025-04-27 21:39:51,nice and free,0.7269,positive,3
Anoj Kumar rishi,Supper Duolingo Aplication Nice English Speeking Lernig Very Good,5,0,6.27.4,2025-04-27 21:38:54,supper duolingo aplication nice english speeking lernig very good,0.7178,positive,9
Hendi S,"Good app, but needs improvement.another error, in ""translate this sentence"":""zhe ge zhoumo ni keyi lai wojia"",duolingo said translated to ""you can come to my home this weekend"" , it should be ""this weekend you can come to my home "", then i lose 1 heart.it shows wrong answer..Please give us lifetime choices price.I shall contribute to this..Good app",5,0,6.27.4,2025-04-27 21:38:53,good app but needs improvementanother error in translate this sentencezhe ge zhoumo ni keyi lai wojiaduolingo said translated to you can come to my home this weekend it should be this weekend you can come to my home then i lose 1 heartit shows wrong answerplease give us lifetime choices pricei shall contribute to thisgood app,-0.8834,negative,56
Alice Narramore,it's a very good app to learn a new language but I wish there were more options to get hearts,4,0,6.27.4,2025-04-27 21:38:51,its a very good app to learn a new language but i wish there were more options to get hearts,0.6855,positive,20
AwesomeSause612,Great quick way to learn a new language or just brush up on a lesson,5,0,6.27.4,2025-04-27 21:37:40,great quick way to learn a new language or just brush up on a lesson,0.6249,positive,15
Janaye Knight,before I was using duolingo I was using Google and I could remember anything but my brother said use duolingo so I downloaded it and I can speak some French and I think I will get better all I have to say is duolingo big up urself ( btw I'm Jamaican),5,0,5.141.7,2025-04-27 21:37:09,before i was using duolingo i was using google and i could remember anything but my brother said use duolingo so i downloaded it and i can speak some french and i think i will get better all i have to say is duolingo big up urself btw im jamaican,0.5927,positive,50
Azmira Khatun,best learning app,5,0,6.27.4,2025-04-27 21:37:01,best learning app,0.6369,positive,3
Jitender Mishra,So useful aap and safe aap to use 😊🙏 we love DUOLINGO do you,5,0,6.27.4,2025-04-27 21:35:48,so useful aap and safe aap to use we love duolingo do you,0.8832,positive,13
Suparna Dam,this is my favourite app. because when i started my English talking skills. Duolingo is very helping to me. so i support this apps. thank you❤,5,0,,2025-04-27 21:35:28,this is my favourite app because when i started my english talking skills duolingo is very helping to me so i support this apps thank you,0.8168,positive,26
Arun Dutta,"Something changed with a recent update to the Chinese course. Translations aren't matching the tips very well and there's suddenly a lot of new vocabulary that hasn't been introduced, but seems to think I already know.",3,20,6.27.4,2025-04-27 21:34:59,something changed with a recent update to the chinese course translations arent matching the tips very well and theres suddenly a lot of new vocabulary that hasnt been introduced but seems to think i already know,0.177,positive,36
Laura Itzel Guillen,"Solo no me gustan los anuncios, pero tampoco quiero pagar. Me gusta.",5,0,6.27.4,2025-04-27 21:32:57,solo no me gustan los anuncios pero tampoco quiero pagar me gusta,-0.296,negative,12
Deb,love duolingo!,5,0,6.27.4,2025-04-27 21:32:49,love duolingo,0.6369,positive,2
sophie,it is A really good app 4 practicing languages I have learnt many words in under a week,5,0,6.27.4,2025-04-27 21:28:30,it is a really good app 4 practicing languages i have learnt many words in under a week,0.4927,positive,18
Sheetal Jamdade,This app is Totally a dun platform to learn your desired Languages.,5,0,6.27.4,2025-04-27 21:28:08,this app is totally a dun platform to learn your desired languages,0.2732,positive,12
Liz McNulty,I LOVE THIS!❤️❤️❤️😁😁😁,5,0,6.27.4,2025-04-27 21:27:21,i love this,0.6369,positive,3
Joshua Thomas,Love it sm !!,5,0,6.27.4,2025-04-27 21:26:03,love it sm,0.6369,positive,3
Gareth Rees,very helpful,5,0,6.27.4,2025-04-27 21:23:58,very helpful,0.4754,positive,2
Chandni Mansori,very nice👍,5,0,6.27.4,2025-04-27 21:23:12,very nice,0.4754,positive,2
Faith Ugochukwu Nwankwo,"This app is so wonderful , I recommend it to anyone who want to learn different languages.",5,0,6.27.4,2025-04-27 21:20:03,this app is so wonderful i recommend it to anyone who want to learn different languages,0.8325,positive,16
Wendelin Pichardo,it's very easy to learn about the other languages and they will have you make up your mistakes for you to learn the right word 😁😁😁,5,0,6.27.4,2025-04-27 21:16:48,its very easy to learn about the other languages and they will have you make up your mistakes for you to learn the right word,0.1761,positive,25
Princess Water and King Doge,I love it and am learning lots about the language but I also wish it would teach us about the culture too and how to great in their culture like may God bless you or something about how they actually greet eachother.,4,0,6.27.4,2025-04-27 21:08:03,i love it and am learning lots about the language but i also wish it would teach us about the culture too and how to great in their culture like may god bless you or something about how they actually greet eachother,0.976,positive,42
Neethal KU,good very very good app for all,4,0,6.22.3,2025-04-27 21:05:38,good very very good app for all,0.7003,positive,7
AJAY SINGH,I AM HAPPY,5,0,6.27.4,2025-04-27 21:04:26,i am happy,0.5719,positive,3
jhon kenneth alano,for me this is an excellent app for me because I learn a lot of languages all over the world.,5,0,6.27.4,2025-04-27 21:02:03,for me this is an excellent app for me because i learn a lot of languages all over the world,0.5719,positive,20
Jk Khan,very nice,5,0,6.27.4,2025-04-27 21:01:41,very nice,0.4754,positive,2
Rahul Veer,So bad,1,0,6.26.2,2025-04-27 21:01:26,so bad,-0.5849,negative,2
Carol Gill,I love this app so much,5,0,6.27.4,2025-04-27 21:00:46,i love this app so much,0.6369,positive,6
Jim Gill,"Always read the section review, before starting the section.",5,0,6.27.4,2025-04-27 21:00:43,always read the section review before starting the section,0.0,neutral,9
Harsh Kadam,This is good app for learning,5,0,6.26.2,2025-04-27 20:58:51,this is good app for learning,0.4404,positive,6
Timeless Season,"Hi, I wanted to know why I only get five gems now every time I complete a block (level lesson with a star), before I got fifteen gems or even a bottle of 1.5 extra experience points and now nothing. Is it another feature that you just decided to remove like the rest?",2,38,6.27.4,2025-04-27 20:58:20,hi i wanted to know why i only get five gems now every time i complete a block level lesson with a star before i got fifteen gems or even a bottle of 15 extra experience points and now nothing is it another feature that you just decided to remove like the rest,-0.1027,negative,53
Krishana Sigroha,very very nice excellent superb,5,0,6.27.4,2025-04-27 20:55:48,very very nice excellent superb,0.9182,positive,5
White Rabbit,Spanish or Vanish: the choice is yours,5,0,6.27.4,2025-04-27 20:55:33,spanish or vanish the choice is yours,0.0,neutral,7
Rob Colvin,I like it . makes learning a language fun,5,0,6.27.4,2025-04-27 20:54:42,i like it makes learning a language fun,0.7003,positive,8
Mary,Learning more each day!,5,0,6.27.4,2025-04-27 20:45:57,learning more each day,0.0,neutral,4
Paul Delavega,It's good. I like it.,5,0,6.27.4,2025-04-27 20:45:00,its good i like it,0.6597,positive,5
Emryia Urton,I think this game is good because it helps kid learn what kind of language or reading or math they can do a streak and that can be good for them but it can get hard for so but nit all I love this game you should try it also just down load it now and you will get to decorate your character and build a streak and have fun with you character in all the stuff you can do it's really fun and also you can have so much fun with it like you can do a whole unit if you want to or don't want to just havefun,5,0,6.26.2,2025-04-27 20:44:31,i think this game is good because it helps kid learn what kind of language or reading or math they can do a streak and that can be good for them but it can get hard for so but nit all i love this game you should try it also just down load it now and you will get to decorate your character and build a streak and have fun with you character in all the stuff you can do its really fun and also you can have so much fun with it like you can do a whole unit if you want to or dont want to just havefun,0.9825,positive,110
Olexander Danchuk,"ads are too aggressive, making free learning impossible, this is sad as app promotes free learning inside your ads :(",3,0,,2025-04-27 20:43:15,ads are too aggressive making free learning impossible this is sad as app promotes free learning inside your ads,0.6486,positive,19
ian malo,"me sirve mucho la verdad, pero obvio, si haces lo mínimo posible, jamás vas a aprender",5,0,5.141.7,2025-04-27 20:41:26,me sirve mucho la verdad pero obvio si haces lo mnimo posible jams vas a aprender,0.0,neutral,16
Daniela Ashcroft,So many languages to choose from that you can study at your own pace. Never a dull moment!,5,0,6.27.4,2025-04-27 20:39:25,so many languages to choose from that you can study at your own pace never a dull moment,0.3089,positive,18
AmericaFirstNurse (AmericaFirstNurse),I love that they are leaning into the threatening owl,5,0,6.27.4,2025-04-27 20:38:50,i love that they are leaning into the threatening owl,0.2023,positive,10
HASANBIN MURTOJA,এটা একটি খুব ভালো আপ ইংলিশ সেখার জন্য,5,0,6.27.4,2025-04-27 20:37:23,,0.0,neutral,0
jorge sanabria,"There are too many levels about LGBT, my little son practices with me and I would like to skip those levels.",3,0,6.27.4,2025-04-27 20:37:17,there are too many levels about lgbt my little son practices with me and i would like to skip those levels,0.3612,positive,21
Alliyah Guerin,I think it's a great curricular activity and it can benefite you opportunities later on in life and it's very fun have fun you naughty naughty kids lol.....,5,0,6.27.4,2025-04-27 20:35:21,i think its a great curricular activity and it can benefite you opportunities later on in life and its very fun have fun you naughty naughty kids lol,0.9492,positive,28
Rafael Silva,"it is a good app to gain vocabulary, but it is money hungry, having some exercises designed to make you fail and spend money to complete. They are optional, but they are a roadblock if you are a completionist like me",2,0,5.85.4,2025-04-27 20:35:13,it is a good app to gain vocabulary but it is money hungry having some exercises designed to make you fail and spend money to complete they are optional but they are a roadblock if you are a completionist like me,0.1655,positive,41
Messiah Bell,"You know, it's great for my kid, she loves it. She's been singing ribbons to music. She's been learning music and then she didn't want to learn music. She didn't just ban it. You can change. Too when I was a kid. I mean, it's just so good. I mean, if you don't like it. Where are you? What are you?Where are you and what in the world?It's the greatest thing you could ever ask for my kids loves it.I love it.I've played it on my phone secretly.I don't know how to I'm not actually your mother.I'm 6",5,0,6.27.4,2025-04-27 20:34:03,you know its great for my kid she loves it shes been singing ribbons to music shes been learning music and then she didnt want to learn music she didnt just ban it you can change too when i was a kid i mean its just so good i mean if you dont like it where are you what are youwhere are you and what in the worldits the greatest thing you could ever ask for my kids loves iti love itive played it on my phone secretlyi dont know how to im not actually your motherim 6,0.9811,positive,98
A Google user,It teaches me so fast. I got to ordering food in japanese in less than two weeks.,5,0,6.27.4,2025-04-27 20:32:41,it teaches me so fast i got to ordering food in japanese in less than two weeks,0.0,neutral,17
Whyn,"after I did the latest update, my Korean Course began to get stuck, i did one bubble but it's not progressing to the next bubble. please fix it quickly",2,1,6.27.4,2025-04-27 20:28:37,after i did the latest update my korean course began to get stuck i did one bubble but its not progressing to the next bubble please fix it quickly,0.3506,positive,29
Raj Bairwa,ok,5,0,6.27.4,2025-04-27 20:26:47,ok,0.296,positive,1
Priyanshi M.,made my learning fun and easy 😂💕,5,0,6.27.4,2025-04-27 20:24:36,made my learning fun and easy,0.7351,positive,6
Anna Gennaro,I love it I need to learn to understand my family:)),4,0,6.27.4,2025-04-27 20:22:29,i love it i need to learn to understand my family,0.6369,positive,11
michele samuel,I really am enjoying my experience...learning a new language is fun and I'm hooked.,5,0,6.27.4,2025-04-27 20:22:07,i really am enjoying my experiencelearning a new language is fun and im hooked,0.7893,positive,14
Saksham Vishwakarma,This app helped me to speak English clearly,5,0,6.27.4,2025-04-27 20:18:56,this app helped me to speak english clearly,0.4019,positive,8
Zechariah Okpechi,straight forward learning,5,0,6.27.4,2025-04-27 20:18:24,straight forward learning,0.2263,positive,3
NCGE,THANK YOU FOR YOUR SERVICE,5,0,6.27.4,2025-04-27 20:16:24,thank you for your service,0.3612,positive,5
Nora Decker,a great way to learn new languages all for FREE😄,5,0,6.27.4,2025-04-27 20:13:40,a great way to learn new languages all for free,0.8126,positive,10
Zoe Hargous,it really does help you learn a new language.,5,0,6.27.4,2025-04-27 20:13:22,it really does help you learn a new language,0.4549,positive,9
Uzer Tigo,great,5,0,6.27.4,2025-04-27 20:07:33,great,0.6249,positive,1
Crystal Cruz,it helps for my kids and they learn more and more,5,0,6.27.4,2025-04-27 20:07:20,it helps for my kids and they learn more and more,0.3818,positive,11
Jane LivingSpring,you're awesome 🤍🫶 keep doing what you do,5,0,6.27.4,2025-04-27 20:06:33,youre awesome keep doing what you do,0.6249,positive,7
Treyton Kalveram,"very great, and you don't need the subscription to learn",5,0,6.27.4,2025-04-27 20:05:24,very great and you dont need the subscription to learn,0.659,positive,10
Dharmpal Singh,this app is very good for learning new languages. sigma Duolingo 💀,5,0,6.27.4,2025-04-27 20:03:40,this app is very good for learning new languages sigma duolingo,0.4927,positive,11
baror a,it's good,4,0,6.27.4,2025-04-27 20:00:07,its good,0.4404,positive,2
Augustine Boakye,The Best translation app ever,5,0,6.26.2,2025-04-27 19:57:27,the best translation app ever,0.6369,positive,5
Eddie B (Busy),"On some of the screens, the phone keyboard covers the area you are expected to type in. you can't see what is going on, and it leads to typos that you can't even fix even IF you could see them. The mistakes that result from this blow through your gems and ruin your statistics. it's infuriating. makes the whole thing a waste of time.",2,1,6.27.4,2025-04-27 19:56:43,on some of the screens the phone keyboard covers the area you are expected to type in you cant see what is going on and it leads to typos that you cant even fix even if you could see them the mistakes that result from this blow through your gems and ruin your statistics its infuriating makes the whole thing a waste of time,-0.91,negative,64
Mohammed Umer,"Hi duolingo, Please add Urdu as a primary language on Duolingo. There are millions of Urdu speakers who want to learn English, but currently, there is no direct support for Urdu to English learning. Adding Urdu would help many users and make Duolingo even more popular. Thank you!",1,0,,2025-04-27 19:53:25,hi duolingo please add urdu as a primary language on duolingo there are millions of urdu speakers who want to learn english but currently there is no direct support for urdu to english learning adding urdu would help many users and make duolingo even more popular thank you,0.9314,positive,48
Atara Harkins,it's really hard,2,0,6.27.4,2025-04-27 19:52:02,its really hard,-0.1761,negative,3
Owen,"It is SO FUN im learning all sort of new words in spanish, El niño, like i speak spanish now. The fact that duolingo has funny lookin characters and the owl or bird Duo is so cute. Pls learn Languages with this app.",5,0,5.121.10,2025-04-27 19:51:44,it is so fun im learning all sort of new words in spanish el nio like i speak spanish now the fact that duolingo has funny lookin characters and the owl or bird duo is so cute pls learn languages with this app,0.9335,positive,43
Juan Aguirre,Duolingo really helped me improve speaking Vietnamese so I can talk to my friend that only speaks Vietnamese ♥️,5,0,6.27.4,2025-04-27 19:50:13,duolingo really helped me improve speaking vietnamese so i can talk to my friend that only speaks vietnamese,0.7479,positive,18
Daniel Conrad,it Actually works it's pretty good I recommend it. go download it. it has any language,5,0,6.27.4,2025-04-27 19:47:25,it actually works its pretty good i recommend it go download it it has any language,0.8225,positive,16
Evan Corner,irs good however it could be better. it doesnt explain there is masculine and feminine words it just expect you to know,3,0,6.27.4,2025-04-27 19:47:23,irs good however it could be better it doesnt explain there is masculine and feminine words it just expect you to know,0.7003,positive,22
vk,awesome 😎,5,0,6.27.4,2025-04-27 19:40:58,awesome,0.6249,positive,1
Rohi Judah,This is cool as I learn Korean and other languages this makes me learn faster more than typing in google translate I also love their youtube channel😂,5,0,6.27.4,2025-04-27 19:35:12,this is cool as i learn korean and other languages this makes me learn faster more than typing in google translate i also love their youtube channel,0.7579,positive,27
Stuart “Stuey” Wilson,"great little app for learning, engages you with other users without being direct and cleverly encourages you to keep up the learning",5,0,5.159.4,2025-04-27 19:34:33,great little app for learning engages you with other users without being direct and cleverly encourages you to keep up the learning,0.9062,positive,22
Md Khokon,i like it👍👍,5,0,6.27.4,2025-04-27 19:34:21,i like it,0.3612,positive,3
cat eyes,I'm truly enjoying learning Italian,5,0,6.27.4,2025-04-27 19:33:47,im truly enjoying learning italian,0.743,positive,5
Karl Bell,"It's fun for the most part. There are moments, though, where it doesn't recognize if you're using the proper pronunciation and you have to pronounce it as it is spelled instead — which is wrong. Other than that, I enjoy the learning.",4,0,6.27.4,2025-04-27 19:32:23,its fun for the most part there are moments though where it doesnt recognize if youre using the proper pronunciation and you have to pronounce it as it is spelled instead which is wrong other than that i enjoy the learning,0.5267,positive,41
Emily Oswalt,"Tried to test out of the basics of Spanish, stuck in a loop of constantly choosing between pretending I know none, or test out of the basics of Spanish. Again. And again. And again. Clearly a bug, but come on guys",1,0,,2025-04-27 19:29:27,tried to test out of the basics of spanish stuck in a loop of constantly choosing between pretending i know none or test out of the basics of spanish again and again and again clearly a bug but come on guys,0.1406,positive,41
Kealan Fitz,"The ads are ridiculous, the lessons are not very good. I would avoid and find a better option for passively learning. It's basically adware. has become a lot worse since I was using it 6 or 7 years ago. Also has constant screens designed to trick you into giving the app permissions to harass you with notifications that you have to be careful to avoid. terrible app with ads that last over a minute every 2 or 3 minutes",1,2,6.27.4,2025-04-27 19:27:05,the ads are ridiculous the lessons are not very good i would avoid and find a better option for passively learning its basically adware has become a lot worse since i was using it 6 or 7 years ago also has constant screens designed to trick you into giving the app permissions to harass you with notifications that you have to be careful to avoid terrible app with ads that last over a minute every 2 or 3 minutes,-0.9253,negative,79
Diamond Bynum,they really help me speak Spanish,5,0,6.27.4,2025-04-27 19:26:52,they really help me speak spanish,0.4576,positive,6
Weiqi,it is nice and quite easy,5,0,6.27.4,2025-04-27 19:23:32,it is nice and quite easy,0.7178,positive,6
Nahomyliz Baez,really easy to learn,5,0,6.27.4,2025-04-27 19:23:01,really easy to learn,0.4927,positive,4
Andrew Coufal,good language app,5,0,6.27.4,2025-04-27 19:21:04,good language app,0.4404,positive,3
Jonathan Sheridan Jr,I love it,5,0,6.27.4,2025-04-27 19:18:30,i love it,0.6369,positive,3
Angela Kamara,best 👌 app ever thanks 😊 🙏 ❤️,5,0,6.21.3,2025-04-27 19:10:02,best app ever thanks,0.7964,positive,4
kiro Chi,nice apps,5,0,6.12.4,2025-04-27 19:02:04,nice apps,0.4215,positive,2
Nyx Rhapsodos,Halfway through a section and suddenly the entire section changes what gives?! It went from me speaking the same phrase over and over again to not being able to open to the entire section changing everything! now it's expecting me to know words I was never taught!,1,7,6.27.4,2025-04-27 19:02:02,halfway through a section and suddenly the entire section changes what gives it went from me speaking the same phrase over and over again to not being able to open to the entire section changing everything now its expecting me to know words i was never taught,0.0,neutral,47
Manuel Zamora,"I LOVE IT, so fun and easy to learn",5,0,6.27.4,2025-04-27 19:00:37,i love it so fun and easy to learn,0.8991,positive,9
YoonaOnce.,"Best app to learn new languages, so fun!, like am I playing or learning?, it's just the best! 🤩❤️",5,0,6.27.4,2025-04-27 18:57:57,best app to learn new languages so fun like am i playing or learning its just the best,0.9533,positive,18
Pia Silvestri,I know how to speak spanish now!,5,0,6.27.4,2025-04-27 18:53:09,i know how to speak spanish now,0.0,neutral,7
Alejandro Aviles,good oportunity,5,0,6.26.2,2025-04-27 18:52:08,good oportunity,0.4404,positive,2
Ayman Adigun,Duolingo is really helpful for beginners who are learning any language,5,0,,2025-04-27 18:51:06,duolingo is really helpful for beginners who are learning any language,0.4754,positive,11
waruna abeykoon,highly recommend to anyone who wants to learn a language in a fun and friendly way.,5,0,6.27.4,2025-04-27 18:48:28,highly recommend to anyone who wants to learn a language in a fun and friendly way,0.8516,positive,16
Nadi Iman,good for you,5,0,6.27.4,2025-04-27 18:44:23,good for you,0.4404,positive,3
Fakrul Tole,I got even better in German when I downloaded duo VERY RECOMMENDED FOR SOMEONE WHO WANTS TO LEARN LANGUAGE,5,0,6.27.4,2025-04-27 18:43:58,i got even better in german when i downloaded duo very recommended for someone who wants to learn language,0.6115,positive,19
Kimberly Whitlock,"it's a fun way to learn basic French. But there are some things that either I don't understand or that I don't prefer. I feel like I am just going around in the dark. Nothing was explained about how the app works. There are things I have no clue about how or why they are there. I'm slowly getting an understanding but would have appreciated knowing at the beginning. Also, with some of the questions, the answer space is under my keyboard and I can't see what I'm typing, & miss that question",4,0,6.27.4,2025-04-27 18:42:05,its a fun way to learn basic french but there are some things that either i dont understand or that i dont prefer i feel like i am just going around in the dark nothing was explained about how the app works there are things i have no clue about how or why they are there im slowly getting an understanding but would have appreciated knowing at the beginning also with some of the questions the answer space is under my keyboard and i cant see what im typing miss that question,0.0606,positive,92
Naziru Ibrahim,very very very good 👍 👏 👌 😀 😊 ☺️,5,0,6.27.4,2025-04-27 18:40:35,very very very good,0.5768,positive,4
Fran k,ok now people say doulango is a nice app too Learn but why do we only get 5 hearts like we're still new to this and just today I fell form 4th place to 10th I did one lesson now I'm in 10th place like I was the only person online how HOW and with max doulango for part two you need max doulango to do it and I dont have that they need to have part two without max doulango 2 stars for doulango and the lats thing I got a message form them saying you can't delete me! umm I'm scared,2,0,6.27.4,2025-04-27 18:38:55,ok now people say doulango is a nice app too learn but why do we only get 5 hearts like were still new to this and just today i fell form 4th place to 10th i did one lesson now im in 10th place like i was the only person online how how and with max doulango for part two you need max doulango to do it and i dont have that they need to have part two without max doulango 2 stars for doulango and the lats thing i got a message form them saying you cant delete me umm im scared,0.631,positive,103
Jim Harings,"I have enjoyed the app for a few years, but the new features (talk with Lily specifically) really have missed the mark.",4,0,6.27.4,2025-04-27 18:37:33,i have enjoyed the app for a few years but the new features talk with lily specifically really have missed the mark,-0.2657,negative,22
Juli,"I have not been getting my Night Owl and early Bird XP boosts lately, why is that?",3,275,6.27.4,2025-04-27 18:35:41,i have not been getting my night owl and early bird xp boosts lately why is that,0.5994,positive,17
Dustin Grimsley,"The biggest problem is that it does not explain anything to you without a subscription, such as why verb tenses need to be a certain way, what order words go in, or why some sentences require this context but not others. The app has dabbled with AI to explain these things to you, also behind a paywall, so if you're using the app for free, you get no context to help you. I've been using this app for a while, but I think I might stop, there's just no motivation to really contribute every day.",4,0,6.27.4,2025-04-27 18:34:39,the biggest problem is that it does not explain anything to you without a subscription such as why verb tenses need to be a certain way what order words go in or why some sentences require this context but not others the app has dabbled with ai to explain these things to you also behind a paywall so if youre using the app for free you get no context to help you ive been using this app for a while but i think i might stop theres just no motivation to really contribute every day,0.4678,positive,95
Luisa Chacon,didactic way to learn,5,0,6.27.4,2025-04-27 18:34:31,didactic way to learn,0.0,neutral,4
Ian Hopper,"the app is okay for learning languages. there's a few times when it'll give me options that don't match their version of a direct translation. here's a couple things I would fix. 1) ability to and hearts to your friends and followers that run out of hearts. 2) if you have an XP boost for 15 minutes or 30 minutes, but you start a lesson with 1 min left on your boost, even if the time to complete is 1:01, you lose the XP boost for that lesson. I think it should give it to you until complete",3,0,6.27.4,2025-04-27 18:30:49,the app is okay for learning languages theres a few times when itll give me options that dont match their version of a direct translation heres a couple things i would fix 1 ability to and hearts to your friends and followers that run out of hearts 2 if you have an xp boost for 15 minutes or 30 minutes but you start a lesson with 1 min left on your boost even if the time to complete is 101 you lose the xp boost for that lesson i think it should give it to you until complete,0.9144,positive,98
Wiola P,really good for learning fast,4,0,6.27.4,2025-04-27 18:30:43,really good for learning fast,0.4927,positive,5
Abby Stokes,I think it's a fun way to learn new languages but if the streak is lost it makes you feel bad because of the dead duo on your screen and some people don't have much time to do you through out the day love that you can do it with friends but all together it's a 4 star for me it's fun and cool 😎 wish it where a bit more colorful tho,4,0,6.27.4,2025-04-27 18:23:19,i think its a fun way to learn new languages but if the streak is lost it makes you feel bad because of the dead duo on your screen and some people dont have much time to do you through out the day love that you can do it with friends but all together its a 4 star for me its fun and cool wish it where a bit more colorful tho,0.8555,positive,72
Bence Medrano,now I know how to speak German so cool,5,0,,2025-04-27 18:21:44,now i know how to speak german so cool,0.4572,positive,9
Amber Cardwell,Duolingo is so fun and I can speak a lot more Spanish beacuse I am Hawaiin and Mexican and I can have so much fun and learn a lot more stuff in 4th grade and speak Spanish it's so fun!!!!?,5,1,6.27.4,2025-04-27 18:18:07,duolingo is so fun and i can speak a lot more spanish beacuse i am hawaiin and mexican and i can have so much fun and learn a lot more stuff in 4th grade and speak spanish its so fun,0.929,positive,40
paul mwasimba,perfect app ever,5,0,6.27.4,2025-04-27 18:14:15,perfect app ever,0.5719,positive,3
Nafisa Aslonova,Отлично,5,0,6.27.4,2025-04-27 18:14:11,,0.0,neutral,0
Emanuel Rincon,"Dúo a sido muy bueno en todos los días que e estudiado Inglés yo le doy 5 estrellas por q también a sido muy bueno, muy comprensivo y muy amable",5,0,5.65.14,2025-04-27 18:13:59,do a sido muy bueno en todos los das que e estudiado ingls yo le doy 5 estrellas por q tambin a sido muy bueno muy comprensivo y muy amable,0.0,neutral,30
Thiago S,"A experiência no tablet não é nada boa. Não dá para dividir a tela com outro app (eu queria dividir a tela com meu app de anotações, mas não é possível). Também não é possível girar a tela para o modo paisagem, o app funciona apenas no modo retrato. Isso faz com que eu tenha que acessar o Duolingo pelo navegador para ter uma experiência melhor. No entanto, no site não há exercícios de fala como no app.",4,0,6.27.4,2025-04-27 18:09:57,a experincia no tablet no nada boa no d para dividir a tela com outro app eu queria dividir a tela com meu app de anotaes mas no possvel tambm no possvel girar a tela para o modo paisagem o app funciona apenas no modo retrato isso faz com que eu tenha que acessar o duolingo pelo navegador para ter uma experincia melhor no entanto no site no h exerccios de fala como no app,-0.9517,negative,75
Chetty Bab,it does not have Afrikaans,3,0,6.27.4,2025-04-27 18:08:29,it does not have afrikaans,0.0,neutral,5
Stephanie Mazankova,this app out of nowhere stopped working and nothing helped to make it work together...my two years on this app are gone...,1,1,6.27.4,2025-04-27 18:08:22,this app out of nowhere stopped working and nothing helped to make it work togethermy two years on this app are gone,0.1695,positive,22
Draven Booth,it helps alot,5,0,6.27.4,2025-04-27 18:06:16,it helps alot,0.3818,positive,3
Sophie H,"I would love for there to be more languages like Persian and Punjabi, I also dislike having ads. I just want to learn my freaking language but there's ads so much. and shouldn't everyone just have free lives because I just want to learn my language and not have no lives and having to wait. get rid of super and allow everyone to have free lives. or make it an option to have free lives or 5. thank you",3,0,6.27.4,2025-04-27 18:06:16,i would love for there to be more languages like persian and punjabi i also dislike having ads i just want to learn my freaking language but theres ads so much and shouldnt everyone just have free lives because i just want to learn my language and not have no lives and having to wait get rid of super and allow everyone to have free lives or make it an option to have free lives or 5 thank you,0.9834,positive,79
Nazim Phillips,"Was focused on language learning, now it's focused on making you buy super.",3,0,6.27.4,2025-04-27 18:06:09,was focused on language learning now its focused on making you buy super,0.8442,positive,13
Josef Děnge,"give a confirmation for a league repair ffs, 2000 gems lost for absolutelly no value",1,0,6.27.4,2025-04-27 17:59:50,give a confirmation for a league repair ffs 2000 gems lost for absolutelly no value,-0.7096,negative,15
Craig Wright,fun,5,0,6.27.4,2025-04-27 17:58:06,fun,0.5106,positive,1
Tracy Marsh,"good app for learning a language, even the free version. could do with more explanation on verbs, tenses but overall good",4,0,6.27.4,2025-04-27 17:55:21,good app for learning a language even the free version could do with more explanation on verbs tenses but overall good,0.7579,positive,21
Ali Abotaleb,I can't believe the effort of the developers to gather all these languages,5,0,6.27.4,2025-04-27 17:53:46,i cant believe the effort of the developers to gather all these languages,0.0,neutral,13
David Muldoon,Excellent app and fun to work with. Highly recommended.,5,0,6.27.4,2025-04-27 17:50:55,excellent app and fun to work with highly recommended,0.8439,positive,9
Lucas Malo,"easyly explained, I'm having fun learning Portuguese",5,0,6.27.4,2025-04-27 17:50:40,easyly explained im having fun learning portuguese,0.5106,positive,7
Rume Shipeolu,I love it. It has improved my Spanish😁😁😁,5,0,6.25.4,2025-04-27 17:49:55,i love it it has improved my spanish,0.8074,positive,8
Zona,"To anyone who is thinking about taking their English test, stay away. It's a scam. I created a new user, gave the test two times, and even took screenshots before and after the exam of my task manager showing no background app, only to find that the test was not certified. Save your 70$. Give a real exam like IELTS or TOEFL. But stay away from them!!! Wishing there was an option of negative rating",1,0,6.27.4,2025-04-27 17:49:46,to anyone who is thinking about taking their english test stay away its a scam i created a new user gave the test two times and even took screenshots before and after the exam of my task manager showing no background app only to find that the test was not certified save your 70 give a real exam like ielts or toefl but stay away from them wishing there was an option of negative rating,-0.7363,negative,75
Suyash Behl,amazing I can now confuse my french teacher with Spanish which they also talk,5,0,6.27.4,2025-04-27 17:48:49,amazing i can now confuse my french teacher with spanish which they also talk,0.4404,positive,14
Sandro Vilusic,"I used to love using Duolingo, especially the listening lectures — they were my favorite way to learn! After the latest update, they’re completely gone. It feels like a huge step backwards. The app has lost one of its best features, and the experience just isn’t the same anymore. Very disappointed",1,2,6.27.4,2025-04-27 17:47:38,i used to love using duolingo especially the listening lectures they were my favorite way to learn after the latest update theyre completely gone it feels like a huge step backwards the app has lost one of its best features and the experience just isnt the same anymore very disappointed,0.8887,positive,50
J Bell,very helpful for starting Spanish,5,0,6.27.4,2025-04-27 17:47:21,very helpful for starting spanish,0.4754,positive,5
James Davies-Moss,Duolingo bird definitely doesn't have a gun to my head. jokes aside amazing app making great progress in my language goals and lots of fun as well as effective,5,0,6.27.4,2025-04-27 17:43:50,duolingo bird definitely doesnt have a gun to my head jokes aside amazing app making great progress in my language goals and lots of fun as well as effective,0.9748,positive,29
Aye Thander Thet,I really love Duolingo because I get to really like learn and but I forgot to do Duolingo for like 5 days so Duolingo was very annoyed and angry but I still really love doing it because it's the best,5,0,6.27.4,2025-04-27 17:41:25,i really love duolingo because i get to really like learn and but i forgot to do duolingo for like 5 days so duolingo was very annoyed and angry but i still really love doing it because its the best,0.9133,positive,40
Olaraonye Zimuzo,"This is Literally the best language app ever i really love this cus it runs smoothly with very few adds, I recommend it people who are finding it difficult to learn a language",5,0,6.26.2,2025-04-27 17:40:40,this is literally the best language app ever i really love this cus it runs smoothly with very few adds i recommend it people who are finding it difficult to learn a language,0.8737,positive,33
Kaora Washington,it gets boring😑😑😑😑😑😑😑😑😑😑😑😑😑😑😑😑😑😑😑😑😑😑😑😑😑😑😑.,4,0,6.23.2,2025-04-27 17:40:12,it gets boring,-0.3182,negative,3
jonel murray,amazingly fun and thorough.,5,0,6.27.4,2025-04-27 17:33:21,amazingly fun and thorough,0.5563,positive,4
Angela Law,duolingo is awesome it helps me with math and reading,5,0,6.27.4,2025-04-27 17:30:22,duolingo is awesome it helps me with math and reading,0.7717,positive,10
sultan enterprises,nice app to improve my English language,5,0,6.27.4,2025-04-27 17:29:47,nice app to improve my english language,0.6908,positive,7
Asibah Kerubo,Duolingo is awesome.i love it,5,0,6.27.4,2025-04-27 17:27:20,duolingo is awesomei love it,0.6369,positive,5
WADIKE SETH UBA,Excellent Experience!,5,0,6.25.4,2025-04-27 17:26:26,excellent experience,0.5719,positive,2
Leah Provance,I luv duo. I've learned so much German in a few months' span of time.,5,0,6.27.4,2025-04-27 17:25:56,i luv duo ive learned so much german in a few months span of time,0.0,neutral,15
Eabha Munslow,Honestly the app is pretty good. Its even added maths and music on so you can learn notes.. however the ads. Nearly at the end of every lesson there is an ad. There used to be less ads and just ones about duolingo super/max but is now taking me to temp adverts leading me to the app store. If there wasn't as many ads then maybe it would get a higher rating,3,0,6.27.4,2025-04-27 17:24:25,honestly the app is pretty good its even added maths and music on so you can learn notes however the ads nearly at the end of every lesson there is an ad there used to be less ads and just ones about duolingo supermax but is now taking me to temp adverts leading me to the app store if there wasnt as many ads then maybe it would get a higher rating,0.6187,positive,72
PikachuaFofoqueira,I WILL MARRY THAT BEAR <3,5,0,6.27.4,2025-04-27 17:23:53,i will marry that bear 3,0.0,neutral,6
Emem Ntia,superb app,5,0,6.26.2,2025-04-27 17:22:57,superb app,0.6249,positive,2
TeddyCrusher,I learned French,5,0,6.27.4,2025-04-27 17:19:52,i learned french,0.0,neutral,3
ellz chir,"beautiful learning experience with Duolingo, I feel very confident in my learned language expression. Definitely adding another language on my list",5,0,6.27.4,2025-04-27 17:18:18,beautiful learning experience with duolingo i feel very confident in my learned language expression definitely adding another language on my list,0.8777,positive,21
Abolaji Kehinde,Interesting,5,0,,2025-04-27 17:15:01,interesting,0.4019,positive,1
Subrata Biswas,good,5,0,6.23.2,2025-04-27 17:11:58,good,0.4404,positive,1
Omar Mostfa,amazing 🤩,5,0,6.27.4,2025-04-27 17:09:57,amazing,0.5859,positive,1
Lukas,was really good until they removed practice to remove hearts forcing you to either pay for super or watch endless ads if you fail a lesson or wish to practice other than that 5 star but just makes it so much less interesting and makes me not want to invest my time into it,3,0,6.27.4,2025-04-27 17:09:49,was really good until they removed practice to remove hearts forcing you to either pay for super or watch endless ads if you fail a lesson or wish to practice other than that 5 star but just makes it so much less interesting and makes me not want to invest my time into it,0.7286,positive,54
Mohamed Motie,very helpful,5,0,5.141.7,2025-04-27 17:09:31,very helpful,0.4754,positive,2
Jadon Anderson,I love it so much my mother has to calling me every minute bc I'm always on Duolingo,5,0,6.27.3,2025-04-27 17:06:36,i love it so much my mother has to calling me every minute bc im always on duolingo,0.6369,positive,18
Kyle B,Great app currently learning Creole and loving the experience. (keep making TikToks too),5,0,6.27.4,2025-04-27 16:56:36,great app currently learning creole and loving the experience keep making tiktoks too,0.8402,positive,13
: D,toó many ads and too much time wasted between exercise units,4,0,6.24.2,2025-04-27 16:56:27,to many ads and too much time wasted between exercise units,-0.4939,negative,11
August Abbott,"decent app, free version is disappointingly limiting",4,0,6.27.4,2025-04-27 16:52:42,decent app free version is disappointingly limiting,0.1027,positive,7
Kefayet Kefayet,best app,5,0,6.27.4,2025-04-27 16:52:33,best app,0.6369,positive,2
Emily Martinez,it is helping me a lot thank you a lot Duolingo,5,0,6.27.4,2025-04-27 16:50:49,it is helping me a lot thank you a lot duolingo,0.5719,positive,11
Nikki,I think you guys are the best for me and I also learned from my mistakes,5,0,6.27.4,2025-04-27 16:48:51,i think you guys are the best for me and i also learned from my mistakes,0.4019,positive,16
محمد محمد,جيد,5,0,6.26.2,2025-04-27 16:48:49,,0.0,neutral,0
Manana Elfatih,I love it 💓,5,0,6.27.4,2025-04-27 16:48:34,i love it,0.6369,positive,3
Gerard O'Hagan,Only complaint is that it sometimes can't make out my accent.,4,0,6.27.4,2025-04-27 16:47:11,only complaint is that it sometimes cant make out my accent,-0.296,negative,11
Westmoorings (Westmoorings),"lessons switched to things I never learned, and have gotten no help from support to fix issue",1,3,6.27.4,2025-04-27 16:44:13,lessons switched to things i never learned and have gotten no help from support to fix issue,0.4939,positive,17
Stacie Williams,could be more extensive or diverse to help a fuller range of children's needs,5,0,6.21.3,2025-04-27 16:41:57,could be more extensive or diverse to help a fuller range of childrens needs,0.4019,positive,14
annies jesinthal,super,5,0,6.27.4,2025-04-27 16:38:33,super,0.5994,positive,1
Gee Prime,nice learning techniques,5,0,,2025-04-27 16:37:50,nice learning techniques,0.4215,positive,3
Miranda Goddard,Wonderful for learning Spanish!!,5,0,6.27.4,2025-04-27 16:37:37,wonderful for learning spanish,0.5719,positive,4
Shana Dennie-Poke,its awesome for kids,5,0,6.27.4,2025-04-27 16:36:47,its awesome for kids,0.6249,positive,4
Colorful Light,I took the trail and then I checked my account and it charged me 101.94 dollars what the heck...I can learn and everything without money but why did that took 101.94 out..A month only cost you 7.99 what the heck.,1,0,6.27.4,2025-04-27 16:36:36,i took the trail and then i checked my account and it charged me 10194 dollars what the hecki can learn and everything without money but why did that took 10194 outa month only cost you 799 what the heck,-0.1027,negative,40
stephon corey,I like it so much,5,0,6.27.4,2025-04-27 16:36:34,i like it so much,0.3612,positive,5
Toby Kelsey,Great for learning languages,5,0,6.27.4,2025-04-27 16:36:05,great for learning languages,0.6249,positive,4
Charlie Jackson,love the app and have really been enjoying it for the past year only criticism is that sometimes the chests won't give me my xp boosts,4,0,6.27.4,2025-04-27 16:35:38,love the app and have really been enjoying it for the past year only criticism is that sometimes the chests wont give me my xp boosts,0.8714,positive,26
Gabrielle Tabiri,Amazing help me a lot and now I can speak French Je suis.,5,0,6.26.2,2025-04-27 16:34:05,amazing help me a lot and now i can speak french je suis,0.7579,positive,13
Oskar OG,"Duolingo is my main knowledge source for German language, and side app for Japanese. Sometimes I do music for fun. I believe that if they get the math to more advanced / adult level, it could really be great tool for that too. I am on the yearly family plan at nearly full capacity. I don't like the sometimes long animations. Yes I get it, dopamine, but I want to be effective. I don't like the removal of download option. Come on, at least for subscribers, I don't have infinite data.",4,0,6.27.4,2025-04-27 16:33:03,duolingo is my main knowledge source for german language and side app for japanese sometimes i do music for fun i believe that if they get the math to more advanced adult level it could really be great tool for that too i am on the yearly family plan at nearly full capacity i dont like the sometimes long animations yes i get it dopamine but i want to be effective i dont like the removal of download option come on at least for subscribers i dont have infinite data,0.8278,positive,90
Shawn Kampandira,bro this thing is 🔥 try it out and special ly the free Duolingo try it out,5,0,6.27.4,2025-04-27 16:32:40,bro this thing is try it out and special ly the free duolingo try it out,0.8625,positive,16
IMAM IMON,"*Heart refill process is disappointing For free users, it sometimes feels like a nightmare * There are lots of ads *But other things are okay",1,0,6.27.4,2025-04-27 16:32:00,heart refill process is disappointing for free users it sometimes feels like a nightmare there are lots of ads but other things are okay,0.4854,positive,24
Alice Josh,it's really good and fun,5,0,6.26.2,2025-04-27 16:30:44,its really good and fun,0.7755,positive,5
Regina Biney,it's so great and lovely to learn with,4,0,6.27.4,2025-04-27 16:26:08,its so great and lovely to learn with,0.8576,positive,8
Prisha Sakshi,"wow, very nice",5,0,,2025-04-27 16:25:38,wow very nice,0.7841,positive,3
Mrm Shamsi,it stuck on first lesson and wont let to use app and go any where in app,1,0,,2025-04-27 16:22:54,it stuck on first lesson and wont let to use app and go any where in app,-0.25,negative,17
Anothando Sonteya,My aim is to be good in French. Now I can speak some few sentences in French thanks Duolingo,5,0,6.27.4,2025-04-27 16:22:42,my aim is to be good in french now i can speak some few sentences in french thanks duolingo,0.7184,positive,19
Luna,meh,4,0,6.27.4,2025-04-27 16:21:56,meh,-0.0772,negative,1
Topaz Treasure,I sometimes feel Duolingo purposely make you fail some spoken words so you can spend or loose hearts and then get it back with your data or buy them with money.,3,0,6.25.4,2025-04-27 16:19:40,i sometimes feel duolingo purposely make you fail some spoken words so you can spend or loose hearts and then get it back with your data or buy them with money,-0.7003,negative,31
Christina Oosterman,Duolingo is so fun and you can learn so much!😊,5,0,6.27.4,2025-04-27 16:16:46,duolingo is so fun and you can learn so much,0.6418,positive,10
َAmin Ghodsi,you are great Duo!,5,0,6.27.4,2025-04-27 16:15:40,you are great duo,0.6249,positive,4
Larry Frick,"Bongorno! Non solo ho imparato l'italiano su Duolingo, ma ora sono sposato con la mia gatta Dottie. Ci amiamo moltissimo!",5,0,6.27.4,2025-04-27 16:13:28,bongorno non solo ho imparato litaliano su duolingo ma ora sono sposato con la mia gatta dottie ci amiamo moltissimo,-0.296,negative,20
Scott G,very helpful,5,0,6.27.4,2025-04-27 16:12:15,very helpful,0.4754,positive,2
Jed shannon,"easy teaching lessons , great format for learning",5,0,6.27.4,2025-04-27 16:09:59,easy teaching lessons great format for learning,0.7906,positive,7
Maxamud Cabdi,waxaan kabartaa appkan luuqada Englishta iyo luuqada carabiga runtii applicationka waa mid cajiib ah oo halkii macalin kuu gali Kara.,2,0,6.26.2,2025-04-27 16:09:04,waxaan kabartaa appkan luuqada englishta iyo luuqada carabiga runtii applicationka waa mid cajiib ah oo halkii macalin kuu gali kara,0.0,neutral,20
Adriana Calmo,very good for learning languages but when it's your turn to speak in the microphone it doesn't always understand you.,4,0,6.27.4,2025-04-27 16:08:29,very good for learning languages but when its your turn to speak in the microphone it doesnt always understand you,0.2724,positive,20
Fiona Gibson,"Been using Duo for several years as a member of a paid family account. Suddenly as of 25.4.25 all sorts of things are going wrong: sometimes I can't access my account, sometimes the app opens up at a completely different unit than I'd been working on and I have to comb back to find where I left off - not easy when you're trying to learn a language with a non-latin alphabet. What's going on, Duo?",3,0,,2025-04-27 16:08:15,been using duo for several years as a member of a paid family account suddenly as of 25425 all sorts of things are going wrong sometimes i cant access my account sometimes the app opens up at a completely different unit than id been working on and i have to comb back to find where i left off not easy when youre trying to learn a language with a nonlatin alphabet whats going on duo,-0.6711,negative,75
Marisa Rechenberg,super 😎 I learn super fast,5,0,6.27.4,2025-04-27 16:05:37,super i learn super fast,0.8316,positive,5
fatemeh shabestari,advertisements are A LOT and SO ANNOYING.,1,2,6.27.4,2025-04-27 16:03:31,advertisements are a lot and so annoying,-0.541,negative,7
Cat Hume,"Firstly I used to love this app, enjoyed practicing and it used to be fun. Since all recent updates it's setting you up to fail unless you pay for the app. You can no longer practice. I have an 892 day streak. And today that ends because all these latest updates make it impossible to complete the level. It keeps jumping me up levels, so I don't know the words, can't complete a lesson as it's too difficult and therefore not getting my streak continuation. Very frustrating.",1,0,,2025-04-27 15:59:28,firstly i used to love this app enjoyed practicing and it used to be fun since all recent updates its setting you up to fail unless you pay for the app you can no longer practice i have an 892 day streak and today that ends because all these latest updates make it impossible to complete the level it keeps jumping me up levels so i dont know the words cant complete a lesson as its too difficult and therefore not getting my streak continuation very frustrating,0.0018,neutral,87
Neha Almal,"Great game, teaches us languages in a very fun way 😄",5,0,6.27.4,2025-04-27 15:58:50,great game teaches us languages in a very fun way,0.8268,positive,10
Lauderdale Young,"I gave it four stars because it is really good, but I'm learning Greek and I wanted to learn Navajo but it keeps restarting me over and over.",4,0,5.141.7,2025-04-27 15:56:23,i gave it four stars because it is really good but im learning greek and i wanted to learn navajo but it keeps restarting me over and over,0.2724,positive,28
Oliver,Good game 🎮👏👍👌💪🙌,5,0,6.27.4,2025-04-27 15:56:07,good game,0.4404,positive,2
Jaweria Sohail,love this app i learnt alot from this,5,0,,2025-04-27 15:56:03,love this app i learnt alot from this,0.6369,positive,8
Oppong Nyamekye James,"You really deserve Five Stars for such a wonderful app,Esta aplicación es muy interesante 🙏🏽",5,0,6.25.4,2025-04-27 15:55:50,you really deserve five stars for such a wonderful appesta aplicacin es muy interesante,0.5719,positive,14
Nathan Josephs,hola los appos es muy interesante y amaizable gracias duolingo,5,0,6.27.4,2025-04-27 15:55:37,hola los appos es muy interesante y amaizable gracias duolingo,0.0,neutral,10
Zunairah Usman,"I really like this app and I have enjoyed developing my languages. I just wish they could expand the languages eg. Urdu and even a different type of Spanish. It dosen't really focus on grammer rules, so I don't really know when or where to place the accents.",4,3,6.27.4,2025-04-27 15:52:35,i really like this app and i have enjoyed developing my languages i just wish they could expand the languages eg urdu and even a different type of spanish it dosent really focus on grammer rules so i dont really know when or where to place the accents,0.8777,positive,48
Aitor,"Premium is worth it. Great learning app, gets you at a very good level of the language you want to learn.",5,0,6.27.4,2025-04-27 15:44:51,premium is worth it great learning app gets you at a very good level of the language you want to learn,0.8588,positive,21
Sena,so beautiful perfect 👌 ♥️♥️♥️,5,0,6.27.4,2025-04-27 15:43:30,so beautiful perfect,0.847,positive,3
Xiomara Ramirez Trejo,its a very helpful game and it help me learn different laungeges,5,0,6.27.4,2025-04-27 15:43:19,its a very helpful game and it help me learn different laungeges,0.6997,positive,12
Oyinkansola Oyinloye,"I play and there are scores for each game, but after playing, my total score does not add up correctly, there is always a huge reduction affecting my promotion in the league and invalidating my efforts. The developers need to look into this. It has been going on for a while now, about 2 months. imagine playing everyday and your scores are always reduced terribly, how happy would you be to continue playing?.",1,0,6.27.4,2025-04-27 15:42:30,i play and there are scores for each game but after playing my total score does not add up correctly there is always a huge reduction affecting my promotion in the league and invalidating my efforts the developers need to look into this it has been going on for a while now about 2 months imagine playing everyday and your scores are always reduced terribly how happy would you be to continue playing,0.8555,positive,73
C. Östreich,the polish language course is far less motivating than french or spanish for example. I feel a bit left out.,2,0,6.27.4,2025-04-27 15:42:18,the polish language course is far less motivating than french or spanish for example i feel a bit left out,0.4417,positive,20
Phil,"Language teaching so so, rather disjointed and little logical flow. Puts far too much emphasis on getting people to compete in leagues at expense of encouraging learning. Seen cases of blatent cheating, ignored by duolingo, and even the odd, and very odd people as well, who are only there to top leagues, not the slightest attempt to learn. With large sections of the courses aimed at school age users not so good for 20+ The service desk just sends auto responses back and no real action",2,0,6.27.4,2025-04-27 15:40:03,language teaching so so rather disjointed and little logical flow puts far too much emphasis on getting people to compete in leagues at expense of encouraging learning seen cases of blatent cheating ignored by duolingo and even the odd and very odd people as well who are only there to top leagues not the slightest attempt to learn with large sections of the courses aimed at school age users not so good for 20 the service desk just sends auto responses back and no real action,-0.8826,negative,86
Karma Blessing,very good and aid in fast learning,5,0,6.27.4,2025-04-27 15:39:34,very good and aid in fast learning,0.4927,positive,7
Tatiana Sirbu,I am learning more and more 😊👩‍🏫,4,0,6.27.4,2025-04-27 15:39:23,i am learning more and more,0.0,neutral,6
Nivrutti Khonde,good language saport,5,0,6.27.4,2025-04-27 15:37:15,good language saport,0.4404,positive,3
lin reen,the best app of learning,5,0,,2025-04-27 15:37:13,the best app of learning,0.6369,positive,5
Maria Bogiatto,love it,5,0,6.27.4,2025-04-27 15:36:17,love it,0.6369,positive,2
Aanab Bano,mast hai,5,0,6.27.4,2025-04-27 15:36:14,mast hai,0.0,neutral,2
Dhahbi Elyes,perfectoo,5,0,6.27.4,2025-04-27 15:36:02,perfectoo,0.0,neutral,1
Aal Mohaymin,lt's very good apps for wrong person.,5,0,6.27.4,2025-04-27 15:34:43,lts very good apps for wrong person,0.4005,positive,7
Nazin,متاسفانه پولی شده... قبلا رایگان بود,1,0,,2025-04-27 15:34:23,,0.0,neutral,0
Laura Awad,excellent,5,0,6.27.4,2025-04-27 15:33:46,excellent,0.5719,positive,1
Chris “Red”,"Everything was going great until it started asking me to speak into the microphone. It tries to listen for less than a quarter second before saying I'm doing it wrong. I can't think of anything worse for trying to learn to speak a language than being interrupted after half a syllable to be told you are doing it wrong. I know it's an error, but it has murdered my confidence. I no longer want to speak aloud in any language including my own .. I want to die now",2,0,6.27.4,2025-04-27 15:33:35,everything was going great until it started asking me to speak into the microphone it tries to listen for less than a quarter second before saying im doing it wrong i cant think of anything worse for trying to learn to speak a language than being interrupted after half a syllable to be told you are doing it wrong i know its an error but it has murdered my confidence i no longer want to speak aloud in any language including my own i want to die now,-0.9319,negative,88
S C,can we have some warning the next time you update and completely change a course?,1,1,6.27.4,2025-04-27 15:32:50,can we have some warning the next time you update and completely change a course,-0.34,negative,15
Malik Sami Ullah,I Love Duolingo Application All Language Learning So Easy Grazie Mille 😘,5,0,6.27.4,2025-04-27 15:31:54,i love duolingo application all language learning so easy grazie mille,0.8377,positive,11
Oussama Jannat,"very good to use and easy,like a fun game! the best app for learning languages.",3,0,5.121.10,2025-04-27 15:31:41,very good to use and easylike a fun game the best app for learning languages,0.8932,positive,15
Rachael,"Duolingo is truly fantastic. It will teach you conversational language pretty quickly if you actually put in the time. Only issue I have is that if you're a very quick learner like I am and you blow through lessons fast as lightning, you will CONSTANTLY see ads.",5,0,6.27.4,2025-04-27 15:31:05,duolingo is truly fantastic it will teach you conversational language pretty quickly if you actually put in the time only issue i have is that if youre a very quick learner like i am and you blow through lessons fast as lightning you will constantly see ads,0.9093,positive,47
Apurba Paul Pritom,Chinese More section should be include along with history,5,0,6.27.4,2025-04-27 15:29:56,chinese more section should be include along with history,0.0,neutral,9
Blessing Okorie,this app is good it teaches even the particular language asset,5,0,6.27.3,2025-04-27 15:27:36,this app is good it teaches even the particular language asset,0.6597,positive,11
omnia soliman,برنامج مفيد جدا,4,0,6.27.4,2025-04-27 15:26:02,,0.0,neutral,0
Darren Laws,it's great but I'd love to review areas I am weak,4,0,6.27.4,2025-04-27 15:22:53,its great but id love to review areas i am weak,0.6705,positive,11
Jeremy Everman,there's a bug when you learn a new word after you go into your word menu of what's supposed to be all the words you've learned so far the new ones u learned r gone and that's really frustrating because sometimes I can't remember the words after the first time I practiced it,2,0,6.27.4,2025-04-27 15:21:57,theres a bug when you learn a new word after you go into your word menu of whats supposed to be all the words youve learned so far the new ones u learned r gone and thats really frustrating because sometimes i cant remember the words after the first time i practiced it,-0.4927,negative,53
Joe Campos,it is so amazing I've learned so much so if what learn a different language then try duoling,5,0,6.27.4,2025-04-27 15:17:58,it is so amazing ive learned so much so if what learn a different language then try duoling,0.7065,positive,18
Mohamed Besbas,thnx i do will because this app,5,0,6.27.4,2025-04-27 15:17:56,thnx i do will because this app,0.0,neutral,7
Ali Shaikh,very very very very very very very very nice,5,0,6.27.4,2025-04-27 15:16:07,very very very very very very very very nice,0.5625,positive,9
Elasha Starks,fun,5,0,6.27.4,2025-04-27 15:14:30,fun,0.5106,positive,1
TAHMID HASAN,keep practicing,4,0,6.27.4,2025-04-27 15:13:13,keep practicing,0.0,neutral,2
Linda Ikedife,sooooooo gooooodddd,5,0,6.27.4,2025-04-27 15:11:18,sooooooo gooooodddd,0.0,neutral,2
Seta_q,"PLEASE STOP changing courses (updating)! Everytime it happens, many new lessons get marked as learned even though they are totally new! and when I want to practice I have to already know words I haven't seen! It's really frustrating and keeps happening every single time",1,4,6.27.4,2025-04-27 15:08:19,please stop changing courses updating everytime it happens many new lessons get marked as learned even though they are totally new and when i want to practice i have to already know words i havent seen its really frustrating and keeps happening every single time,-0.4201,negative,45
Marriott Family,"I have the full paid version of this app for almost 2 years, with 580 day unbroken streak. I really gave this learning process a lot of effort. I used it to learn Finnish as I have immigrated to Finland. The app was very useful in the begin, but I have now completed the language course and it only allows for ""daily refresh"" sessions which are on loop. So my finnish has stopped progressing. So as a first casual language learning app it's okay, but if you want to progress, this app is limited.",3,0,,2025-04-27 15:06:37,i have the full paid version of this app for almost 2 years with 580 day unbroken streak i really gave this learning process a lot of effort i used it to learn finnish as i have immigrated to finland the app was very useful in the begin but i have now completed the language course and it only allows for daily refresh sessions which are on loop so my finnish has stopped progressing so as a first casual language learning app its okay but if you want to progress this app is limited,0.7574,positive,94
textie cupid,Duolingo is a very good app to learn a language. if you keep on playing it allows you to use super Duolingo without paying for a couple of days. am learning Japanese and it's going well. I love it. I will give it a 10/10,5,0,,2025-04-27 15:06:16,duolingo is a very good app to learn a language if you keep on playing it allows you to use super duolingo without paying for a couple of days am learning japanese and its going well i love it i will give it a 1010,0.9348,positive,45
charlotte ems,literelly great,5,0,,2025-04-27 15:03:39,literelly great,0.6249,positive,2
Abhijeet Rawat,great,5,0,6.27.4,2025-04-27 15:02:32,great,0.6249,positive,1
The_IRE_ Emeatzer,"Why is the Duolingo app telling me that I have to do a lesson offline, even though I'm connected to the WiFi? It's making me lose my streak freezes, and it is affecting my whole streak to the point where it can be lost forever.",2,0,6.27.4,2025-04-27 15:01:19,why is the duolingo app telling me that i have to do a lesson offline even though im connected to the wifi its making me lose my streak freezes and it is affecting my whole streak to the point where it can be lost forever,-0.6808,negative,45
sana javed,BEST FOR LEARNING AND PLAYING FOR BOREDOM 😁,5,0,6.27.4,2025-04-27 15:00:02,best for learning and playing for boredom,0.5719,positive,7
Erfan,بی نظیره بی نظیر👌👌👌,5,0,6.27.4,2025-04-27 14:57:36,,0.0,neutral,0
Frhad Mstfh,i like it but the vioce is much harder i cant even speak im still saying the right one is still not working thats why i gave it stars bc i like the name And the game not super Duolingo bye yall:3,5,0,6.27.4,2025-04-27 14:56:26,i like it but the vioce is much harder i cant even speak im still saying the right one is still not working thats why i gave it stars bc i like the name and the game not super duolingo bye yall3,-0.0565,negative,42
Vojtěch Tůma,Fun way to learn a new language,5,0,6.27.4,2025-04-27 14:55:09,fun way to learn a new language,0.5106,positive,7
Shweta Chaudhary,good,5,0,6.25.4,2025-04-27 14:55:05,good,0.4404,positive,1
Sunny manikpuri,bahot must aap hai chote se lekar bado ke liye,5,0,6.27.4,2025-04-27 14:54:27,bahot must aap hai chote se lekar bado ke liye,0.0,neutral,10
uma maheswari,super,5,0,6.27.4,2025-04-27 14:54:21,super,0.5994,positive,1
Sonali Mondal,nice,5,0,6.27.4,2025-04-27 14:52:43,nice,0.4215,positive,1
Haris Kavazovic,Greta and usefful app,5,0,6.27.4,2025-04-27 14:51:54,greta and usefful app,0.0,neutral,4
Rabbany Rasikh,perfect app for learning English,5,0,6.27.4,2025-04-27 14:51:15,perfect app for learning english,0.5719,positive,5
Alix,Duo lingo is by far my favorite language learning application. It's simple and easy to learn from. 😌👌💯🙌☺️✨️,5,0,6.27.4,2025-04-27 14:50:41,duo lingo is by far my favorite language learning application its simple and easy to learn from,0.7096,positive,17
SEBASTIAN MWANGI,Great communication and easy pronouncing of words makes learning easier kudos,5,0,6.27.4,2025-04-27 14:50:39,great communication and easy pronouncing of words makes learning easier kudos,0.9201,positive,11
Shehzadi Baig,Best app for learning languages ITS EASY!,5,0,6.27.4,2025-04-27 14:49:49,best app for learning languages its easy,0.7964,positive,7
Pooja Vyas,good application,5,0,6.25.4,2025-04-27 14:48:55,good application,0.4404,positive,2
NTRッ MUSIC AK,nice,5,0,6.27.4,2025-04-27 14:48:18,nice,0.4215,positive,1
channie atete,sehr gut am from rwanda and am having fun with duo,5,0,6.16.1,2025-04-27 14:46:58,sehr gut am from rwanda and am having fun with duo,0.5106,positive,11
3DAudio Studio,It's helpful,5,0,6.27.4,2025-04-27 14:46:45,its helpful,0.4215,positive,2
Stacie Taylor,I'm getting ready good at German,5,0,6.27.4,2025-04-27 14:46:17,im getting ready good at german,0.6597,positive,6
Anjala Perera,I really love duolingo so much ........ It made my language skills much more better . and I love duo also he is so adorable,5,0,,2025-04-27 14:46:06,i really love duolingo so much it made my language skills much more better and i love duo also he is so adorable,0.9538,positive,23
Robert Rutledge,"Duolingo helps me learn a new language so fast and easily. And Duolingo is fun, so you aren't bored or annoyed about having to learn a language. I hope you will have the same results as me.",5,0,6.27.4,2025-04-27 14:45:12,duolingo helps me learn a new language so fast and easily and duolingo is fun so you arent bored or annoyed about having to learn a language i hope you will have the same results as me,0.929,positive,37
Michael Altamirano,it's fun and great for learning.,5,0,6.27.4,2025-04-27 14:45:00,its fun and great for learning,0.8126,positive,6
Aadya Shrivastava,"a fantastic app!! but if you make it offline or make another app just like this but offline, it would be much better for the people who live in areas where there is network issue and would be everyone's choice to download Duolingo to learn languages as it offline!! So, this is my request to Duolingo. Btw, this is an amazing app.",5,0,,2025-04-27 14:44:17,a fantastic app but if you make it offline or make another app just like this but offline it would be much better for the people who live in areas where there is network issue and would be everyones choice to download duolingo to learn languages as it offline so this is my request to duolingo btw this is an amazing app,0.9072,positive,62
Noorul Halima,this is super cool and useful to people,5,0,6.27.4,2025-04-27 14:43:12,this is super cool and useful to people,0.8442,positive,8
fancy Jewellers,please teach me,5,0,6.27.4,2025-04-27 14:43:04,please teach me,0.3182,positive,3
Seraj Zahmoul,to much ads,1,0,6.27.4,2025-04-27 14:42:19,to much ads,0.0,neutral,3
Elizabeth Marake,honestly Duolingo mostly helps when it comes to remembering writing systems. I've been learning Korean writing system and it took me a week to be able to read and write it. I wouldn't say Duolingo helps with being fluent in languages.,5,0,6.6.6,2025-04-27 14:42:16,honestly duolingo mostly helps when it comes to remembering writing systems ive been learning korean writing system and it took me a week to be able to read and write it i wouldnt say duolingo helps with being fluent in languages,0.802,positive,41
Sarla Tiwari,good,4,0,6.27.4,2025-04-27 14:41:53,good,0.4404,positive,1
Leo Jones,good for anyone at any stage in learning a language 👍,4,0,6.27.4,2025-04-27 14:41:18,good for anyone at any stage in learning a language,0.4404,positive,10
Hudson Locke,Best game ever,5,0,6.27.4,2025-04-27 14:39:00,best game ever,0.6369,positive,3
Vikarmbhai Bhaliya,wieri nice Lengvej,5,0,6.27.4,2025-04-27 14:38:19,wieri nice lengvej,0.4215,positive,3
Nadia Shafqat,amazing app 😀,5,0,6.27.4,2025-04-27 14:37:38,amazing app,0.5859,positive,2
Om Go,اجمل تطبيق تعليم شوفتو ف حياتي شكره بجد❤️❤️🎀,5,0,5.141.7,2025-04-27 14:36:44,,0.0,neutral,0
Karim Beg,super,5,0,,2025-04-27 14:35:39,super,0.5994,positive,1
Prince Williams,it's a little hard but I'm getting it,4,0,6.27.4,2025-04-27 14:31:18,its a little hard but im getting it,-0.0138,neutral,8
R. h gaming,This app is very awesome for beginners,5,0,6.27.4,2025-04-27 14:26:32,this app is very awesome for beginners,0.659,positive,7
Suleiman Abduraman,this game is a great game to learn languages,5,0,5.101.9,2025-04-27 14:25:37,this game is a great game to learn languages,0.6249,positive,9
Vandana Saroj,excellent,5,0,6.26.2,2025-04-27 14:24:11,excellent,0.5719,positive,1
HIRAMANI KHILLA,nice app to learn any language. i love it 🤍,5,0,6.27.4,2025-04-27 14:23:13,nice app to learn any language i love it,0.7906,positive,9
Gabriela,it's a good app Im starting to learn Russian,5,0,6.27.4,2025-04-27 14:22:47,its a good app im starting to learn russian,0.4404,positive,9
Jael Ascua,it is really helping me with my japensense thank you!,5,0,6.27.4,2025-04-27 14:22:37,it is really helping me with my japensense thank you,0.6115,positive,10
Katy Dunne,Generally amazing. And I hated languages st school. I love learning through duolingo and seem good at it. Update - they mothballed Welsh hense my review going from 5 to two stars,2,0,5.80.4,2025-04-27 14:22:16,generally amazing and i hated languages st school i love learning through duolingo and seem good at it update they mothballed welsh hense my review going from 5 to two stars,0.7717,positive,31
rani komes,aplikasi mantap,5,0,,2025-04-27 14:20:24,aplikasi mantap,0.0,neutral,2
ADT Blood,Duolingo makes learning fun,5,0,6.27.4,2025-04-27 14:19:58,duolingo makes learning fun,0.5106,positive,4
Najmeen Shaikh,⚡⚡⚡,1,0,,2025-04-27 14:19:09,,0.0,neutral,0
Sourav Das,that's really good 🥰,5,0,6.27.4,2025-04-27 14:18:45,thats really good,0.4927,positive,3
Bram chambers,It is awesome and everyone should download Duolingo right now.,5,0,6.27.4,2025-04-27 14:16:06,it is awesome and everyone should download duolingo right now,0.6249,positive,10
Jenesys.carlos Castro.junier,helped me learn Spanish so I could talk to people when I go to Spain,5,0,6.27.4,2025-04-27 14:15:02,helped me learn spanish so i could talk to people when i go to spain,0.0,neutral,15
Nique Gersaba,"there was an update on the app, & my lessons have changed. It shows all of my Korean that I learned in the first section is legendary but it's all subjects I never learned before. I'm on the second section, unit 10 & all the previous lessons I've never learned says ""completed""",1,2,6.27.4,2025-04-27 14:14:38,there was an update on the app my lessons have changed it shows all of my korean that i learned in the first section is legendary but its all subjects i never learned before im on the second section unit 10 all the previous lessons ive never learned says completed,0.0,neutral,50
Mustafa Ibrahim,it's good for our Mental Math and other language,5,0,6.27.4,2025-04-27 14:09:56,its good for our mental math and other language,0.4404,positive,9
abir khan,good,5,0,6.26.2,2025-04-27 14:09:49,good,0.4404,positive,1
RAMADHANI SAIDI,very good app for learning multiple language,5,0,6.25.4,2025-04-27 14:05:08,very good app for learning multiple language,0.4927,positive,7
md arif,this app is good for learn other language with fun i will rate this 5/5,5,0,,2025-04-27 14:05:00,this app is good for learn other language with fun i will rate this 55,0.7351,positive,15
hannah obokoh,I love it so much so educational my child loves it,5,0,6.27.4,2025-04-27 14:03:08,i love it so much so educational my child loves it,0.836,positive,11
Adomy,💧💧💧💧💧🦉,4,0,,2025-04-27 14:01:08,,0.0,neutral,0
Pelisa goniwe,I'm happy for this app,5,0,6.27.4,2025-04-27 14:00:40,im happy for this app,0.5719,positive,5
K. Suresh,good,5,0,6.27.4,2025-04-27 14:00:09,good,0.4404,positive,1
LOL LOL,"amazing, I totally am not being forced to write this five star review by the green owl himself.",5,0,,2025-04-27 14:00:06,amazing i totally am not being forced to write this five star review by the green owl himself,0.7415,positive,18
Mohd Salah,Very good app,5,0,6.27.4,2025-04-27 13:59:22,very good app,0.4927,positive,3
Arpita Roy,valo,5,0,6.27.4,2025-04-27 13:58:30,valo,0.0,neutral,1
ATAUR RAHMAN,"yo, when did, duolingo come to live, ohffff, i afraid that duolingo is died, once, i dont want him to be dead again, 🥹🥹",3,0,,2025-04-27 13:54:27,yo when did duolingo come to live ohffff i afraid that duolingo is died once i dont want him to be dead again,-0.8451,negative,23
pearl khush,you repeat a lot...like to make pairs,4,0,6.26.2,2025-04-27 13:53:57,you repeat a lotlike to make pairs,0.0,neutral,7
Technical Aqib-TA,Absolutely Best Application to Learn English,4,0,6.27.4,2025-04-27 13:53:23,absolutely best application to learn english,0.6697,positive,6
Jackson Bitterman,it's pretty good but it's annoying when you run out of hearts,4,0,6.27.4,2025-04-27 13:49:41,its pretty good but its annoying when you run out of hearts,-0.128,negative,12
Kourosh Rezazadeh,very good,5,0,6.27.4,2025-04-27 13:48:09,very good,0.4927,positive,2
Avinash Kumar,very good app for learning languages,5,0,6.27.4,2025-04-27 13:47:28,very good app for learning languages,0.4927,positive,6
Subhan Khan,well it starts good,3,0,,2025-04-27 13:45:55,well it starts good,0.6124,positive,4
Skyler Cantrell,"This is great. There is no mistakes at all, and it actually gets pretty easy to memorize things quickly.",5,0,6.27.4,2025-04-27 13:44:42,this is great there is no mistakes at all and it actually gets pretty easy to memorize things quickly,0.7579,positive,19
Michael Bolam,took away a few features like the custom app icon and they focus more on iOS,3,0,6.27.4,2025-04-27 13:43:40,took away a few features like the custom app icon and they focus more on ios,0.3612,positive,16
Max Go,👍,5,0,6.26.2,2025-04-27 13:43:01,,0.0,neutral,0
Adem Abdellah,"the best applecashen for learn english language, l so like it",5,0,6.27.4,2025-04-27 13:41:16,the best applecashen for learn english language l so like it,0.8147,positive,11
Sam Lee,Duolingo is very good for me to learn French. Definitely recommend.,5,0,6.27.4,2025-04-27 13:40:42,duolingo is very good for me to learn french definitely recommend,0.8122,positive,11
Alex Segun,i hate this app because it exists,1,0,6.27.4,2025-04-27 13:40:24,i hate this app because it exists,-0.5719,negative,7
Hanas Hussein,it relly does do a good job i love it,5,0,6.27.4,2025-04-27 13:40:13,it relly does do a good job i love it,0.7964,positive,10
Nefertari Roberson,It makes learning sooo much easier!,5,0,6.27.4,2025-04-27 13:38:56,it makes learning sooo much easier,0.4215,positive,6
Sian Jones,Tonight there's no sound!? Also the exercises are very repetitive,2,0,6.27.4,2025-04-27 13:38:33,tonight theres no sound also the exercises are very repetitive,-0.5413,negative,10
kiran singh,I try much but it is not opening,1,0,,2025-04-27 13:38:21,i try much but it is not opening,0.0,neutral,8
Amogh Kinalekar,omg Duolingo is really cool! but for some topics I wish there was like a back on review on how to do them. If there was,4,0,6.27.4,2025-04-27 13:37:00,omg duolingo is really cool but for some topics i wish there was like a back on review on how to do them if there was,0.8223,positive,26
S M,"Since I started playing, the app won't recognize that you're talking for the speaking lessons. and if you select skip on a speaking question, with only 1 heart left, the app automatically counts the next question wrong. so you're out of hearts and can't play. I've been using this app for over a year now. regardless of how many updates I do or how often i clear cache, the app does this each time I have 1 heart left.",1,1,6.24.2,2025-04-27 13:35:11,since i started playing the app wont recognize that youre talking for the speaking lessons and if you select skip on a speaking question with only 1 heart left the app automatically counts the next question wrong so youre out of hearts and cant play ive been using this app for over a year now regardless of how many updates i do or how often i clear cache the app does this each time i have 1 heart left,-0.1867,negative,79
rajni timbadiya,best app that i see to learn any of languages,5,0,5.141.7,2025-04-27 13:34:20,best app that i see to learn any of languages,0.6369,positive,10
anthony chamasonde,very incredible 😍😍😍,3,0,6.21.3,2025-04-27 13:32:07,very incredible,0.0,neutral,2
Aya Mounadi,good,4,0,6.27.4,2025-04-27 13:31:01,good,0.4404,positive,1
"Mario Giner, Jr.",Perfect for those who want to learn new languages,5,0,6.27.4,2025-04-27 13:30:02,perfect for those who want to learn new languages,0.6124,positive,9
Mueenuddin Khan,duo meri jaan he,5,0,6.24.2,2025-04-27 13:29:56,duo meri jaan he,0.0,neutral,4
Jeevan Sonawane,best app:-),5,0,6.26.2,2025-04-27 13:29:11,best app,0.6369,positive,2
Twins Jones,me and my sister are twins and we love it so much.,5,0,6.27.4,2025-04-27 13:29:08,me and my sister are twins and we love it so much,0.6369,positive,12
Abhi Pandey,excellent,5,0,6.26.2,2025-04-27 13:29:05,excellent,0.5719,positive,1
MATEEN AWAN,i am in love with this app,5,0,6.27.4,2025-04-27 13:27:51,i am in love with this app,0.6369,positive,7
Vanishree .S.M,bestest app for begginer to learn any language present in the world,5,0,6.27.4,2025-04-27 13:27:05,bestest app for begginer to learn any language present in the world,0.0,neutral,12
Gma Mutti,Duo has made learning Fun and Interesting,5,0,6.27.4,2025-04-27 13:25:59,duo has made learning fun and interesting,0.7184,positive,7
Douglas Ngotho,good for now,4,0,6.27.4,2025-04-27 13:24:33,good for now,0.4404,positive,3
Avani Subbiah,fun,5,0,6.27.4,2025-04-27 13:24:30,fun,0.5106,positive,1
Annalisa Rose,you learn a lot of new things and languages,5,0,6.26.2,2025-04-27 13:24:22,you learn a lot of new things and languages,0.0,neutral,9
Sumit Kumar,So fun and helps a lot,5,0,6.27.4,2025-04-27 13:23:35,so fun and helps a lot,0.7548,positive,6
Esther Waweru,Best app I even used. I learn different languages. If I was to thank duolingo I would best app even 💕💖,5,0,6.27.4,2025-04-27 13:22:04,best app i even used i learn different languages if i was to thank duolingo i would best app even,0.8979,positive,20
Jyoti Sharma,i like this app so much,5,0,6.27.4,2025-04-27 13:21:55,i like this app so much,0.3612,positive,6
Sarah Cahani,Super app. Super Lingo is even better. Search a shame we can't pay monthly.,4,0,6.27.4,2025-04-27 13:21:52,super app super lingo is even better search a shame we cant pay monthly,0.8358,positive,14
Marija Mitrovska,Excellent application for learning and improving languages,5,0,6.27.4,2025-04-27 13:21:47,excellent application for learning and improving languages,0.7579,positive,7
Alaz,Just the best learning app and if you guys can add other course beside language it would be the best of all.,5,0,,2025-04-27 13:21:25,just the best learning app and if you guys can add other course beside language it would be the best of all,0.8555,positive,22
Mr Shazzu,what a nice app,5,0,6.26.2,2025-04-27 13:21:13,what a nice app,0.4215,positive,4
Nimesh Dhananjaya,best app ever,4,0,6.22.3,2025-04-27 13:21:05,best app ever,0.6369,positive,3
Ale Martinez,It let me learn but I already know the meanings! it still helps me pronounce it as we😜,5,0,6.27.4,2025-04-27 13:20:28,it let me learn but i already know the meanings it still helps me pronounce it as we,0.5267,positive,18
vishal ingle,daily only same question asking,1,0,5.141.7,2025-04-27 13:20:11,daily only same question asking,0.0,neutral,5
Andreas,"I like the app, it helped me learn a lot, but I dislike that sometimes it's repetitive and makes me learn useless stuff like ""I am not an apple"". Everyone knows that I'm not an apple. And I somehow can't change my display name anymore, so it would be nice to have the change name option back.",4,0,5.141.7,2025-04-27 13:19:46,i like the app it helped me learn a lot but i dislike that sometimes its repetitive and makes me learn useless stuff like i am not an apple everyone knows that im not an apple and i somehow cant change my display name anymore so it would be nice to have the change name option back,-0.2263,negative,57
Pronab Neog,so useful,5,0,6.25.4,2025-04-27 13:19:13,so useful,0.4927,positive,2
Rojin Majdi,"It's good job,for learn english",5,0,6.26.2,2025-04-27 13:16:57,its good jobfor learn english,0.4404,positive,5
Seshant Shreshta,awesome,5,0,6.27.4,2025-04-27 13:16:44,awesome,0.6249,positive,1
Mahnoor Ali,I think so 1st in this app simple vocabulary should added then some difficult words then go to the sentence soo I think..... you should improve this think,2,0,6.27.4,2025-04-27 13:16:33,i think so 1st in this app simple vocabulary should added then some difficult words then go to the sentence soo i think you should improve this think,0.1779,positive,28
BWall,I personally think it's really good I'm learning German duo explains my mistakes and over all it's a really good app,5,0,,2025-04-27 13:15:33,i personally think its really good im learning german duo explains my mistakes and over all its a really good app,0.5975,positive,21
Shikha Gupta,nice app,5,0,6.27.4,2025-04-27 13:15:11,nice app,0.4215,positive,2
Abdullah Rasel,this apps batter english,5,0,6.27.4,2025-04-27 13:14:37,this apps batter english,0.0,neutral,4
Jagan Dussa,wow,5,0,6.27.4,2025-04-27 13:11:47,wow,0.5859,positive,1
Sudeepto Barai,@best app ever 👍🏻👍🏻👍🏻👍🏻😁:),5,0,6.27.4,2025-04-27 13:11:25,best app ever,0.6369,positive,3
Pari Mahapatra,very nice,5,0,6.18.3,2025-04-27 13:10:36,very nice,0.4754,positive,2
Mruthula Mruthu,its true good one🤍,5,0,6.27.4,2025-04-27 13:10:03,its true good one,0.6908,positive,4
Lea Buntin,This is fun 😄,5,0,6.27.4,2025-04-27 13:09:34,this is fun,0.5106,positive,3
Sienna Reese,it's just a fun way of learning,5,0,6.27.4,2025-04-27 13:08:35,its just a fun way of learning,0.5106,positive,7
Kpamkpa MAWUSSI,Es is eine gute app zu lernen und mit den Streak macht es noch mehr spaß=),5,0,6.27.4,2025-04-27 13:07:24,es is eine gute app zu lernen und mit den streak macht es noch mehr spa,0.0,neutral,16
Dhrita Baro,beautiful. i have learn russian from this app. thank you for creating such a fun way to learn new language also it does revision so we remember what we learn,5,0,6.26.2,2025-04-27 13:07:20,beautiful i have learn russian from this app thank you for creating such a fun way to learn new language also it does revision so we remember what we learn,0.8979,positive,30
Emili Sanchez,This has helped me more with learning more Spanish than what I know Duolingo is the best!,5,0,6.26.2,2025-04-27 13:07:10,this has helped me more with learning more spanish than what i know duolingo is the best,0.6369,positive,17
Paris Peo Kgokong,𝑡𝑟𝑒𝑠 𝑏𝑖𝑒𝑛 𝑜𝑢𝑖 𝑜𝑢𝑡,5,0,6.27.4,2025-04-27 13:07:01,,0.0,neutral,0
Bishop Richard Ogol,its the best I want to inform you duolingo that I won't be there for 3 months.,5,0,5.101.9,2025-04-27 13:05:33,its the best i want to inform you duolingo that i wont be there for 3 months,0.6705,positive,17
Krish Vaghasiya,i love this bird,4,0,6.24.2,2025-04-27 13:05:09,i love this bird,0.6369,positive,4
Skye S.,"It's fun, cute, and engaging. It is a great app to use while learning a new language.",5,0,6.27.4,2025-04-27 13:05:05,its fun cute and engaging it is a great app to use while learning a new language,0.9153,positive,17
AATIF AHMED,best app for learning any language,5,0,6.27.4,2025-04-27 13:02:25,best app for learning any language,0.6369,positive,6
ben montsho,"I personally think that Duolingo is informative when it comes to learning languages, however there are more or less mistakes which occurs and they don't apologies about it you only discover the correction when the question is repeated. and when you claim that your question should have been accepted they ignore that which I don't think it's fair!!! Period Thanks.",4,0,5.65.14,2025-04-27 12:59:50,i personally think that duolingo is informative when it comes to learning languages however there are more or less mistakes which occurs and they dont apologies about it you only discover the correction when the question is repeated and when you claim that your question should have been accepted they ignore that which i dont think its fair period thanks,-0.2341,negative,60
Lisa H,Learning Irish faster on this than I have through 12 years of being thought it throughout school.,5,0,6.27.4,2025-04-27 12:59:38,learning irish faster on this than i have through 12 years of being thought it throughout school,0.0,neutral,17
Yesa Howlodhur,"amazing learning app!, this game is super good in making you learn new languages! if you're going to stay in a new country and want to learn their language then choose this app! this game helped me to learn a bit of Russian bit by bit.",5,0,6.27.4,2025-04-27 12:59:05,amazing learning app this game is super good in making you learn new languages if youre going to stay in a new country and want to learn their language then choose this app this game helped me to learn a bit of russian bit by bit,0.8979,positive,46
Jessica Caroline,awesome 💯👍,5,0,6.27.4,2025-04-27 12:58:43,awesome,0.6249,positive,1
Rani Shijo,very good at helping you to organize your study time. Duolingo is very very systematic I really love that. Also it is very fun with Duolingo,5,0,6.27.4,2025-04-27 12:58:34,very good at helping you to organize your study time duolingo is very very systematic i really love that also it is very fun with duolingo,0.9326,positive,26
VENKATESH VIJAYA,super 👌,5,0,6.27.4,2025-04-27 12:58:21,super,0.5994,positive,1
Diptismita Dash,wow,5,0,5.121.10,2025-04-27 12:57:48,wow,0.5859,positive,1
Rue Ratisai,Best language learning app ever. These guys are not joking when it comes to doing the right thing the right way. But super duo is even better! Can't afford it? They still give you free tryouts of it about once a month for three days. I love this app and I will always recommend it to people.,5,0,,2025-04-27 12:57:11,best language learning app ever these guys are not joking when it comes to doing the right thing the right way but super duo is even better cant afford it they still give you free tryouts of it about once a month for three days i love this app and i will always recommend it to people,0.9798,positive,57
Suzanne Emery,I just started the music module and it's absolutely terrible. I've been playing music for 60+ years and have never been so frustrated with an app. the timing is atrocious. now I'm questioning how good language modules are because this thing is awful.,3,0,6.27.4,2025-04-27 12:56:21,i just started the music module and its absolutely terrible ive been playing music for 60 years and have never been so frustrated with an app the timing is atrocious now im questioning how good language modules are because this thing is awful,-0.8156,negative,43
Kai Ren Ong,I enjoyed Duolingo and it helped me learn the basics of Mandarin Chinese but you've revamped the course and all of a sudden I've been moved FORWARD from section 2 to 3 and I don't know the vocab and grammar! I've been awarded 3 stars on a whole lot of timed challenges and I can't even complete the 2nd star. It's nonsense and not helping my learning. My current stage is far too difficult for me. I cannot understand how you have compared the old and new versions but you've got it badly wrong.,2,0,6.27.4,2025-04-27 12:54:43,i enjoyed duolingo and it helped me learn the basics of mandarin chinese but youve revamped the course and all of a sudden ive been moved forward from section 2 to 3 and i dont know the vocab and grammar ive been awarded 3 stars on a whole lot of timed challenges and i cant even complete the 2nd star its nonsense and not helping my learning my current stage is far too difficult for me i cannot understand how you have compared the old and new versions but youve got it badly wrong,-0.9058,negative,94
Hannah Deoman,Duolingo help me to lone,5,0,6.18.3,2025-04-27 12:53:19,duolingo help me to lone,0.1531,positive,5
Dharmik digital studio nenpur Jadav,Cool,5,0,6.26.2,2025-04-27 12:52:40,cool,0.3182,positive,1
Gayatri Sarma,super positive and helpful app,5,0,,2025-04-27 12:52:12,super positive and helpful app,0.8834,positive,5
Michiru Nagashigeh,Great app!,5,0,5.141.7,2025-04-27 12:51:46,great app,0.6249,positive,2
Anne Mbaire,ɪᴛs ɴᴏᴛ ғᴜɴ ʙᴜᴛ ғᴜɴ ᴀʟᴡᴀʏs,5,0,6.27.4,2025-04-27 12:50:48,s s,0.0,neutral,2
Ranjit Poddar,"maybe good, but I suggest you for more better 👊🙂",3,0,6.27.4,2025-04-27 12:50:27,maybe good but i suggest you for more better,0.7383,positive,9
zara Iman,This is really good app go for it,5,0,6.26.2,2025-04-27 12:49:57,this is really good app go for it,0.4927,positive,8
Marc anthony Ndong obiang,this is the best app for learning English,5,0,,2025-04-27 12:49:57,this is the best app for learning english,0.6369,positive,8
SMIT VADHIYA,Duolingo is very helpful application please try this app very useful is app,3,0,6.27.4,2025-04-27 12:49:20,duolingo is very helpful application please try this app very useful is app,0.8338,positive,13
Etun,"So easy to use, interact, learn n go",5,0,,2025-04-27 12:49:19,so easy to use interact learn n go,0.4927,positive,8
CHINNARI GADDE,good app to learn any language,4,0,6.27.4,2025-04-27 12:47:35,good app to learn any language,0.4404,positive,6
Melissa Singh,Duolingo IS i fun,5,0,6.27.4,2025-04-27 12:47:26,duolingo is i fun,0.5106,positive,4
riss ferrell,I thoroughly like the concept of this so called game ... until I paid for it.... and now I wished I hadn't. I paid and you took my trophies bc I couldn't play everyday. shame on you. and now I don't even wanna play. what a waste of a hundred bucks. booo,1,2,6.27.4,2025-04-27 12:47:23,i thoroughly like the concept of this so called game until i paid for it and now i wished i hadnt i paid and you took my trophies bc i couldnt play everyday shame on you and now i dont even wanna play what a waste of a hundred bucks booo,-0.1343,negative,51
Md Lokman,very nice,5,0,6.27.4,2025-04-27 12:46:34,very nice,0.4754,positive,2
mariana perez,i like it cus its challenging and i like it cus we get to learn things,5,0,6.27.4,2025-04-27 12:46:26,i like it cus its challenging and i like it cus we get to learn things,0.6808,positive,16
Bebe Dionicio,I can learn other languages.Its so awesome 👍,5,0,6.27.4,2025-04-27 12:46:15,i can learn other languagesits so awesome,0.7384,positive,7
Neha Chawarya,thank you,5,0,6.25.4,2025-04-27 12:45:52,thank you,0.3612,positive,2
zahra samadzadeh,this app is very good and useful 💯,5,0,6.27.4,2025-04-27 12:45:50,this app is very good and useful,0.7474,positive,7
Juliet Morton,it helps me learn how to speak Japanese 😃,5,0,6.27.4,2025-04-27 12:45:32,it helps me learn how to speak japanese,0.3818,positive,8
Sharvari Nadgire,too good ♥︎♥︎♡♡,5,0,6.26.2,2025-04-27 12:44:19,too good,0.4404,positive,2
Ryan Alishaikh,is the best app,5,0,,2025-04-27 12:43:25,is the best app,0.6369,positive,4
Nossam Mounika Reddy,superb,5,0,6.27.4,2025-04-27 12:43:10,superb,0.6249,positive,1
shlok Bhoyar,wow,5,0,6.27.4,2025-04-27 12:43:05,wow,0.5859,positive,1
Merdan Guljanow,good teacher,5,0,6.23.2,2025-04-27 12:42:32,good teacher,0.4404,positive,2
Kiersten Richards,"its a great app for any language, music, and math",5,0,6.27.4,2025-04-27 12:41:47,its a great app for any language music and math,0.6249,positive,10
MD Nirob,এটা মনে অনেক ভালো app,3,0,6.27.4,2025-04-27 12:37:31,app,0.0,neutral,1
Josh Bennett,just wanted to learn a few basic words and the app helped me become fluent,5,0,6.27.4,2025-04-27 12:37:01,just wanted to learn a few basic words and the app helped me become fluent,0.0,neutral,15
Sara Shapan,تحفة,4,0,6.27.4,2025-04-27 12:36:49,,0.0,neutral,0
Anurag Patel,it's helpful in many ways.,5,0,6.27.4,2025-04-27 12:36:17,its helpful in many ways,0.4215,positive,5
Divya Pachkale,I don't like about this app is that they do not have Thai language to i learn,3,1,6.27.4,2025-04-27 12:35:09,i dont like about this app is that they do not have thai language to i learn,-0.2755,negative,17
Shipa Akter,For leaning languages it is the best option.,4,0,6.27.4,2025-04-27 12:34:47,for leaning languages it is the best option,0.6369,positive,8
Vaishnavi Kharat,I am starting to say Russian a little bit and it has been 2days great app would recommend,5,0,6.27.4,2025-04-27 12:31:12,i am starting to say russian a little bit and it has been 2days great app would recommend,0.765,positive,18
Ravi Chandran,I like this my family completely speaks only malayalam but I didn't know malayalam so Duolingo was a great tutor for me helping me learn my future!,5,0,,2025-04-27 12:30:55,i like this my family completely speaks only malayalam but i didnt know malayalam so duolingo was a great tutor for me helping me learn my future,0.8909,positive,27
Bad Boy,wow nice app,4,0,6.27.4,2025-04-27 12:30:51,wow nice app,0.765,positive,3
Nisrine,I enjoy learning with duolingo,5,0,6.27.4,2025-04-27 12:30:42,i enjoy learning with duolingo,0.4939,positive,5
Ridoy Mahmud Pranto,good 👍,5,0,,2025-04-27 12:28:52,good,0.4404,positive,1
R Yıldırım,nice work but ai shouldn't be normalized cause it's ruining the environment.,3,2,6.27.4,2025-04-27 12:27:51,nice work but ai shouldnt be normalized cause its ruining the environment,-0.1531,negative,12
Shally,he took my soul 😔,5,0,6.27.4,2025-04-27 12:25:30,he took my soul,0.0,neutral,4
Jorge Martinez,"only portrait mode, doesnt show prices when u run out of lives",4,0,6.27.4,2025-04-27 12:25:10,only portrait mode doesnt show prices when u run out of lives,0.0,neutral,12
aryan is pro05,"Their social media is just so funny, I had to give it a try. I like how a Multimillion dollar company is willing to put modern brainrot jokes on their social media handles, I love it ❤️",5,0,6.27.4,2025-04-27 12:24:50,their social media is just so funny i had to give it a try i like how a multimillion dollar company is willing to put modern brainrot jokes on their social media handles i love it,0.9089,positive,36
Maria Hernandez,it's fun and easy,4,0,6.27.4,2025-04-27 12:24:49,its fun and easy,0.7351,positive,4
Juan José García,excelente y divertida,5,0,6.27.4,2025-04-27 12:24:47,excelente y divertida,0.0,neutral,3
aina rohana,really nice,5,0,6.27.4,2025-04-27 12:24:28,really nice,0.4754,positive,2
Karik Kumar,very good,5,0,6.27.4,2025-04-27 12:24:18,very good,0.4927,positive,2
Vishal Kumar Rawat,amazing,5,0,6.27.4,2025-04-27 12:24:16,amazing,0.5859,positive,1
Dakka Dawolf,"I had a little problem where it wouldnt let me start a new course so im deleting all my courses and uninstalling then reinstalling, hopefully that works 🤞",4,0,5.141.7,2025-04-27 12:24:03,i had a little problem where it wouldnt let me start a new course so im deleting all my courses and uninstalling then reinstalling hopefully that works,0.0754,positive,27
kimo said,"super, danke. sehr aufregend",5,0,6.27.4,2025-04-27 12:22:49,super danke sehr aufregend,0.5994,positive,4
Miriam Odei,"the app is great, i mean, i totally love it, there's a little issue for me here... the gems given are in such small quantity, something not enough to buy streak freeze and other stuffs. also, u should try setting a pace where busy people who missed their streak for three weeks like me unintentionally can pause the streak do that they can continue from where they paused,after 3weeks, i've lost all my streaks and have to begin from scratch . Above all, i love duolingo😍",5,0,5.101.9,2025-04-27 12:22:27,the app is great i mean i totally love it theres a little issue for me here the gems given are in such small quantity something not enough to buy streak freeze and other stuffs also u should try setting a pace where busy people who missed their streak for three weeks like me unintentionally can pause the streak do that they can continue from where they pausedafter 3weeks ive lost all my streaks and have to begin from scratch above all i love duolingo,0.9229,positive,85
Kanak Mishra,It helps me to learn French,4,0,6.27.4,2025-04-27 12:22:03,it helps me to learn french,0.3818,positive,6
Joel Nzewunwah,its actually good u cM Learn plenty languages,5,0,,2025-04-27 12:21:31,its actually good u cm learn plenty languages,0.4404,positive,8
Buy Malis,good for learning,5,0,6.25.4,2025-04-27 12:20:14,good for learning,0.4404,positive,3
Haiqa Ali,it's a very nice app you can learn every language easily and it is free I just love Duolingo IAM getting better in Korean and Japanese just because of Duolingo,5,0,6.27.4,2025-04-27 12:20:02,its a very nice app you can learn every language easily and it is free i just love duolingo iam getting better in korean and japanese just because of duolingo,0.9422,positive,30
Arnav Goel,"It's really a good app to learn any language and it is well structured but language like japanese can also be learnt by busuu app. ""I am not inserting this app,but it is just my one line of my feedback""",2,0,,2025-04-27 12:19:29,its really a good app to learn any language and it is well structured but language like japanese can also be learnt by busuu app i am not inserting this appbut it is just my one line of my feedback,0.7092,positive,40
Mumtaj Sayyad Sayyad,good 👍,3,0,6.27.4,2025-04-27 12:19:01,good,0.4404,positive,1
Thabsile Zkhona,"I like learning language with Duolingo ,it makes everything fun and easier to learn and competing gives me energy to go on.",5,0,6.21.3,2025-04-27 12:18:55,i like learning language with duolingo it makes everything fun and easier to learn and competing gives me energy to go on,0.8658,positive,22
Zumma Zumon,Good,5,0,6.27.4,2025-04-27 12:16:37,good,0.4404,positive,1
Ffgg Ffff,The best app for learning any language👌,5,0,6.27.4,2025-04-27 12:16:28,the best app for learning any language,0.6369,positive,7
Apu Sabbir,good,3,0,6.27.4,2025-04-27 12:16:27,good,0.4404,positive,1
Daniel Saayman,DUOLINGO IS THE BEST I LOVE LEARNING SPANISH🔥🔥🔥🔥🔥,5,0,6.26.2,2025-04-27 12:15:24,duolingo is the best i love learning spanish,0.8555,positive,8
Mevitie Hoveka,Teaching foreign languages and it is really cool trying it out yeah that's all,5,0,6.26.2,2025-04-27 12:15:05,teaching foreign languages and it is really cool trying it out yeah thats all,0.5849,positive,14
Rajesh Kumar,this is the most fun way to learn about any language 😊 also know that the duo is a little touchy and dramatic 😃 which I don't mind,5,0,6.26.2,2025-04-27 12:15:03,this is the most fun way to learn about any language also know that the duo is a little touchy and dramatic which i dont mind,0.5563,positive,26
Cindy Wanjiku,this app is awsome...............I've already learnt 2 languages and it's very helpful.And the best thing is that there are no ads to disturb and the app gives one a three-day experience with super duolingo it's the best............5 stars from me,5,0,5.121.10,2025-04-27 12:14:23,this app is awsomeive already learnt 2 languages and its very helpfuland the best thing is that there are no ads to disturb and the app gives one a threeday experience with super duolingo its the best5 stars from me,0.6666,positive,40
Gopinath Mondal,very easy to use this app... really Greatfull and very funny to learn english,3,0,6.22.3,2025-04-27 12:13:39,very easy to use this app really greatfull and very funny to learn english,0.7496,positive,14
Shweta Chauhan,Suddenly this App is not opening.,1,0,6.27.4,2025-04-27 12:11:38,suddenly this app is not opening,0.0,neutral,6
pradeep bandhe,wonder full ji,3,0,6.27.4,2025-04-27 12:11:25,wonder full ji,0.0,neutral,3
زهره چنارانی,that's perfect really I learn Chinese with Duolingo and it's great thank you 💗,5,0,6.27.4,2025-04-27 12:11:16,thats perfect really i learn chinese with duolingo and its great thank you,0.8834,positive,13
Htun Htun,5/Star,5,0,,2025-04-27 12:10:33,5star,0.0,neutral,1
Irina Andriesi,very easy to learn new languages,5,0,6.27.4,2025-04-27 12:10:09,very easy to learn new languages,0.4927,positive,6
Manjuladevi Shanmugavel,very user friendly..,5,0,6.27.4,2025-04-27 12:10:01,very user friendly,0.539,positive,3
Ryuk黒,please add thai language,4,0,6.27.4,2025-04-27 12:09:07,please add thai language,0.3182,positive,4
Amaan,"""Exellent""",5,0,6.27.4,2025-04-27 12:08:45,exellent,0.0,neutral,1
gosia pawlicka,i had 0 hearts left and it said 400 dimonds to repare i had 300. so i l to quit the lesson then i went to do the recap lesson. I could repair my hearts for like 350. so can somebody explain how thats fair,1,0,,2025-04-27 12:08:18,i had 0 hearts left and it said 400 dimonds to repare i had 300 so i l to quit the lesson then i went to do the recap lesson i could repair my hearts for like 350 so can somebody explain how thats fair,0.5859,positive,45
Sierra Troupe,Pretty awesome app. I actually feel like I am truly acquiring a new language. I am using the free version and the quality/value in the lessons are undeniable. Strongly recommend for a committed language learner!!,5,0,6.27.4,2025-04-27 12:06:20,pretty awesome app i actually feel like i am truly acquiring a new language i am using the free version and the qualityvalue in the lessons are undeniable strongly recommend for a committed language learner,0.967,positive,35
Youki Roy,this is a really good app for learning japanese ありがとduolingo❥,4,0,5.141.7,2025-04-27 12:06:08,this is a really good app for learning japanese duolingo,0.4927,positive,10
Pawan Parashar,very nice app fantastic,5,0,6.27.4,2025-04-27 12:05:40,very nice app fantastic,0.788,positive,4
Nidhi More,It is the Right app if you want to take your English to next level you can download this app This app also have Basic English and Intermidiate Course I am doing Intermidiate Course I love this app Outstanding,5,0,6.26.2,2025-04-27 12:03:06,it is the right app if you want to take your english to next level you can download this app this app also have basic english and intermidiate course i am doing intermidiate course i love this app outstanding,0.8591,positive,39
Rosemary B M,its very motivating when you lose you streak,5,0,5.121.10,2025-04-27 12:02:07,its very motivating when you lose you streak,0.2006,positive,8
Nathan Chau (Zuink),it won't update so it won't go out of the screen that says Duolingo,3,0,5.141.7,2025-04-27 12:01:40,it wont update so it wont go out of the screen that says duolingo,0.0,neutral,14
Akbar Ahmed Khan,it's a really nice app u can learn any language easily,4,0,6.27.4,2025-04-27 12:00:57,its a really nice app u can learn any language easily,0.6697,positive,11
Soniya Khadka,i am loving this app,5,0,6.27.4,2025-04-27 12:00:32,i am loving this app,0.5994,positive,5
Animesh Roy,tq so much,5,0,6.27.4,2025-04-27 12:00:15,tq so much,0.0,neutral,3
Qwedada Fraser,This platform offers an excellent environment for pursuing your interest in language acquisition.,5,0,6.27.4,2025-04-27 11:59:17,this platform offers an excellent environment for pursuing your interest in language acquisition,0.7717,positive,13
Gyanashree Nigam Parida,Best app for new language learning,5,0,6.27.4,2025-04-27 11:58:20,best app for new language learning,0.6369,positive,6
Aveer Singh,a very nice game of language,5,0,6.27.4,2025-04-27 11:57:56,a very nice game of language,0.4754,positive,6
Joaquin Gesta,whre is philipino,5,0,6.27.4,2025-04-27 11:57:12,whre is philipino,0.0,neutral,3
Fafolahan Ibitade,nice,2,0,6.27.4,2025-04-27 11:57:06,nice,0.4215,positive,1
Staci Murphy,"It's amazing, a little too fast paced on introducing new words, but other than that, it's greatly effective.",4,0,6.27.4,2025-04-27 11:56:45,its amazing a little too fast paced on introducing new words but other than that its greatly effective,0.7899,positive,18
Hitesh Agarwal,mast aap he this app is awesome,5,0,6.26.2,2025-04-27 11:55:54,mast aap he this app is awesome,0.6249,positive,7
sathiya murthy,very helpful app with different approaches.,5,0,6.26.2,2025-04-27 11:55:13,very helpful app with different approaches,0.4754,positive,6
Kumari Archana,"First of all - When I had contacted the customer service there was no response and second - the safety is good when internet is off and attempts to sign in to a account, but right now I had the internet off and did not know the username then Google Smart Lock helped me but it's still not accepting me. I don't like this app and whatever it does I am not going to use this app! Never install this app!",1,2,,2025-04-27 11:54:54,first of all when i had contacted the customer service there was no response and second the safety is good when internet is off and attempts to sign in to a account but right now i had the internet off and did not know the username then google smart lock helped me but its still not accepting me i dont like this app and whatever it does i am not going to use this app never install this app,0.0923,positive,79
Iñigo de Arístegui,easy to use... fluid... moves seamlessly,5,0,6.27.4,2025-04-27 11:53:57,easy to use fluid moves seamlessly,0.4404,positive,6
MD Zubair,Thank you Duolingo,5,0,6.26.2,2025-04-27 11:53:23,thank you duolingo,0.3612,positive,3
Santu SHARMA,very good application,5,0,6.27.4,2025-04-27 11:53:03,very good application,0.4927,positive,3
Leo,it is such a good app and you don't need to pay for anything,5,0,,2025-04-27 11:52:34,it is such a good app and you dont need to pay for anything,0.4932,positive,14
Tony Tony,I think it is the best app for learning languages.,5,0,6.27.4,2025-04-27 11:51:30,i think it is the best app for learning languages,0.6369,positive,10
Jayendra Kadao,Nice,5,0,6.25.4,2025-04-27 11:50:38,nice,0.4215,positive,1
Binta Ndiaye,Thank you so much duolingo I'm learning Spanish and it's helping me so much I love your app 5 stars,5,2,6.27.4,2025-04-27 11:49:00,thank you so much duolingo im learning spanish and its helping me so much i love your app 5 stars,0.8473,positive,20
Irsa Chawariya,Too Much Good,3,0,6.27.4,2025-04-27 11:48:47,too much good,0.4404,positive,3
Deanna Kelsey,Great app from beginners. I'm having fun learning.,5,0,6.27.4,2025-04-27 11:48:13,great app from beginners im having fun learning,0.8126,positive,8
David McMann,"I'm learning German, AND THIS APP IS PERFECT",5,0,6.27.4,2025-04-27 11:47:23,im learning german and this app is perfect,0.5719,positive,8
Tanya Bauzo,I love this app! This is helping me learn new words!,5,0,6.27.4,2025-04-27 11:46:56,i love this app this is helping me learn new words,0.7506,positive,11
Melicia Hernandez,the best ❤️,5,0,,2025-04-27 11:46:43,the best,0.6369,positive,2
Giriraj Salvi,very nice 🙂,4,0,6.27.4,2025-04-27 11:46:08,very nice,0.4754,positive,2
Toasted Toust,"I caved in, and Duolingo exceeded my expectations.",5,0,6.18.3,2025-04-27 11:44:00,i caved in and duolingo exceeded my expectations,0.0,neutral,8
Sinang Lee Noebels,so esey to learn fun and exciting things to do.,5,0,6.27.4,2025-04-27 11:43:11,so esey to learn fun and exciting things to do,0.7579,positive,10
Leo (Mrs. P0tat0),"Only had this for two days, but I absolutely love this app, I can't find anything wrong with it. Mein schwister (wants) un kaffee. that's German for my sister wants a coffee. i haven't learned ""wants"" in german, yet. Just wanted to show off what i did learn bc I'm proud of myself :3",5,0,6.27.4,2025-04-27 11:42:00,only had this for two days but i absolutely love this app i cant find anything wrong with it mein schwister wants un kaffee thats german for my sister wants a coffee i havent learned wants in german yet just wanted to show off what i did learn bc im proud of myself 3,0.9405,positive,54
Manraj Yadav,okay,5,0,6.27.4,2025-04-27 11:41:50,okay,0.2263,positive,1
Premela B,this app is so use full for me so i love the app,5,0,6.24.2,2025-04-27 11:39:15,this app is so use full for me so i love the app,0.7481,positive,13
Monika Jajoriya,nice way for english speeking,3,0,6.27.4,2025-04-27 11:38:57,nice way for english speeking,0.4215,positive,5
ISLAM TV1971,"payment system is bad,its needed update and flexible",1,0,6.27.4,2025-04-27 11:38:52,payment system is badits needed update and flexible,0.2263,positive,8
Polina Malachov,"uninstalling the app, more time spent on watching ads rather than actual learning. The last straw was that you can only earn hearts by watching them.",1,2,6.27.4,2025-04-27 11:38:46,uninstalling the app more time spent on watching ads rather than actual learning the last straw was that you can only earn hearts by watching them,0.0,neutral,26
Rishi Yadav,Noice,5,0,6.27.4,2025-04-27 11:38:27,noice,0.0,neutral,1
Anil Prajapati,This app is very helpful for english learning this is very interesting app,5,0,6.27.4,2025-04-27 11:38:03,this app is very helpful for english learning this is very interesting app,0.7258,positive,13
Narendra Barik,nice to the app,5,0,,2025-04-27 11:37:29,nice to the app,0.4215,positive,4
Md Sahan,good,5,0,5.141.7,2025-04-27 11:36:25,good,0.4404,positive,1
James Shiplette,really good if you want to learn a language,5,0,6.27.4,2025-04-27 11:35:29,really good if you want to learn a language,0.5413,positive,9
Solomon Tesfaye,"the application is good, but doesn't have all languages to learn",2,0,6.11.4,2025-04-27 11:34:39,the application is good but doesnt have all languages to learn,0.2382,positive,11
Gaelle,Duolingo is awesome. I learn at a steady and reasonable rate. I love being reminded that I need to make progress from all notifications sent to me. It helps me make progress. And I also love the fact that it's enjoyable and fun!!,5,0,6.26.2,2025-04-27 11:31:54,duolingo is awesome i learn at a steady and reasonable rate i love being reminded that i need to make progress from all notifications sent to me it helps me make progress and i also love the fact that its enjoyable and fun,0.9796,positive,43
Hsu Lae Yati,Excellent,5,0,6.27.4,2025-04-27 11:31:45,excellent,0.5719,positive,1
Melissa Torres,Second day in and I already love this app. I've been trying to refresh my German and this tool so far has given confidence in my previous learned skills. Thank you. Can't wait to keep learning!,5,0,6.27.4,2025-04-27 11:30:29,second day in and i already love this app ive been trying to refresh my german and this tool so far has given confidence in my previous learned skills thank you cant wait to keep learning,0.875,positive,36
Maria Deleon,The memes,5,0,6.27.4,2025-04-27 11:30:23,the memes,0.0,neutral,2
Jazz Blue,"Makes learning a new language easy, fun, and engaging",5,0,6.27.4,2025-04-27 11:29:10,makes learning a new language easy fun and engaging,0.8225,positive,9
Vengatsh V,this is helpful for my career,5,0,,2025-04-27 11:28:40,this is helpful for my career,0.4215,positive,6
Carlos Hernandez Garcia III,I've learned a lot and had fun doing so!,5,0,5.121.10,2025-04-27 11:28:00,ive learned a lot and had fun doing so,0.5106,positive,9
Tashya Brown,I love the app and how it helps me learn new things. I do with for the music lesson it offered more instruments.,5,0,6.27.4,2025-04-27 11:27:29,i love the app and how it helps me learn new things i do with for the music lesson it offered more instruments,0.7783,positive,23
Anamika,suru ma maja nahi aayaga lakin bad ma maja aayaga,5,0,6.27.4,2025-04-27 11:26:27,suru ma maja nahi aayaga lakin bad ma maja aayaga,-0.5423,negative,10
maneesh bharadwaj,very good,5,0,6.27.4,2025-04-27 11:25:12,very good,0.4927,positive,2
Enki murati,This app is so good I have learned gjeramn in a month!,5,0,6.27.4,2025-04-27 11:24:56,this app is so good i have learned gjeramn in a month,0.5777,positive,12
Chhotu kumar Kumar,I would like your ap,5,0,6.27.4,2025-04-27 11:24:23,i would like your ap,0.3612,positive,5
Dinusha Withanage,i dont like it beacouse its in tamil and i am english,1,0,,2025-04-27 11:24:08,i dont like it beacouse its in tamil and i am english,-0.2755,negative,12
Lakshya,it's really really useful and easy to understand I am learning much faster here thank you duo🤗,5,0,6.26.2,2025-04-27 11:24:05,its really really useful and easy to understand i am learning much faster here thank you duo,0.8456,positive,17
Alisha Colwell,"I love this app, helping me learn another language while keeping it fun",5,0,,2025-04-27 11:23:35,i love this app helping me learn another language while keeping it fun,0.8658,positive,13
Carly Hening,I'm preggo with duos kid,5,0,,2025-04-27 11:23:05,im preggo with duos kid,0.0,neutral,5
Yeimy García,"está app es muy desmotivante, tenía ya muy avanzados los cursos de inglés, francés y italiano y me los han borrado,el perfil está pero los cursos no. y además deberían poner otros idiomas como portugués de Portugal y gallego.",1,0,6.27.4,2025-04-27 11:21:48,est app es muy desmotivante tena ya muy avanzados los cursos de ingls francs y italiano y me los han borradoel perfil est pero los cursos no y adems deberan poner otros idiomas como portugus de portugal y gallego,-0.296,negative,39
Chioma Alikor,it is not even showing the pictures never is it making the sounds,2,0,6.27.4,2025-04-27 11:20:31,it is not even showing the pictures never is it making the sounds,0.0,neutral,13
toasterson,one of the best language apps I've downloaded and now they're going to new things like teaching math and music it would be better if it started teaching how to program,5,0,6.27.4,2025-04-27 11:18:38,one of the best language apps ive downloaded and now theyre going to new things like teaching math and music it would be better if it started teaching how to program,0.8625,positive,31
Sheema Syed,fantastic app must download for learning languages for free 😁🌟😍loved it not at all disappointed !! ❤️,5,0,6.26.2,2025-04-27 11:18:02,fantastic app must download for learning languages for free loved it not at all disappointed,0.9239,positive,15
Pawarin Srimongkol,easy to use. it helps you to speak and pronounce also teaching you how to use the words.,5,0,6.27.4,2025-04-27 11:17:10,easy to use it helps you to speak and pronounce also teaching you how to use the words,0.6705,positive,18
Javier Huertas,"Very nice, friendly, and stimulating application.",5,0,6.26.2,2025-04-27 11:17:06,very nice friendly and stimulating application,0.8581,positive,6
Kim,I like how you ste given the choice to listen at a slower speed,5,0,6.27.4,2025-04-27 11:16:44,i like how you ste given the choice to listen at a slower speed,0.3612,positive,14
N.K. Shiva thabas,superb app for students,5,0,6.27.4,2025-04-27 11:16:08,superb app for students,0.6249,positive,4
Junaid Khan,its helpful,5,0,6.26.2,2025-04-27 11:15:11,its helpful,0.4215,positive,2
Jane WhitLesey,I cannot get premium but please let me work on lessons to earn hearts. dont be so cruel to the poor.,4,0,6.27.4,2025-04-27 11:14:33,i cannot get premium but please let me work on lessons to earn hearts dont be so cruel to the poor,-0.875,negative,21
Rhian Espuerta,"Duolingo makes learning languages fun and interactive! I’m proud of my 163-day streak and love the characters and stories. However, I noticed my family that used the app as well; have new features like Math and Music, but I don't. My app is updated, so I'm confused why it's different. I feel envious. Albeit that I still enjoy using Duolingo and hope updates will fix these issues soon! PS: Me and my family have different phone brands but I presume that there's nothing to do with it, yes?",3,0,,2025-04-27 11:14:20,duolingo makes learning languages fun and interactive im proud of my 163day streak and love the characters and stories however i noticed my family that used the app as well have new features like math and music but i dont my app is updated so im confused why its different i feel envious albeit that i still enjoy using duolingo and hope updates will fix these issues soon ps me and my family have different phone brands but i presume that theres nothing to do with it yes,0.9298,positive,88
Razan Mobark,usefull and fun,5,0,6.27.4,2025-04-27 11:12:59,usefull and fun,0.5106,positive,3
Amberley Farino,I love learning about Spanish it is so much fun,5,0,6.27.4,2025-04-27 11:12:22,i love learning about spanish it is so much fun,0.8307,positive,10
loide ngolombe,"The app is easy to use and based on one's language level, it assists you in every aspect from grammar to speaking and listening. definitely recommend",4,0,6.27.4,2025-04-27 11:11:10,the app is easy to use and based on ones language level it assists you in every aspect from grammar to speaking and listening definitely recommend,0.7964,positive,26
Shruti Kharwar,amazing⚡🦜,5,0,6.27.4,2025-04-27 11:08:25,amazing,0.5859,positive,1
Tamilselvan Sumathy,good,5,0,6.27.4,2025-04-27 11:08:23,good,0.4404,positive,1
Graciella Adams,I love using this. It works for learning different languages and other subjects in school. The subscription does cost a bit but I feel that it is completely worth it.,4,0,6.27.4,2025-04-27 11:07:17,i love using this it works for learning different languages and other subjects in school the subscription does cost a bit but i feel that it is completely worth it,0.6586,positive,30
Zahra AS,seru banget,5,0,6.27.4,2025-04-27 11:05:47,seru banget,0.0,neutral,2
Mark C,cannot open app since the recent upgrade,2,0,6.27.4,2025-04-27 11:04:54,cannot open app since the recent upgrade,0.0,neutral,7
Alok Kumar,best app for learning new language,5,0,6.26.2,2025-04-27 11:04:44,best app for learning new language,0.6369,positive,6
Izzara Sofia,nice ig.. it kinda creeps me out,4,0,6.24.2,2025-04-27 11:04:23,nice ig it kinda creeps me out,0.4215,positive,7
Elizabeth Tembo,it's the best language learning app,5,0,6.24.2,2025-04-27 11:03:56,its the best language learning app,0.6369,positive,6
Creator,I don't have words ❤️❤️ just too good app ❤️❤️,5,0,6.26.2,2025-04-27 11:03:33,i dont have words just too good app,0.4404,positive,8
Johm Armstrong,1.duo the owl is super cute! 2.it helps you learn other languages. 3.you can make a acount and connect with others! pretty cool right?,5,0,6.27.4,2025-04-27 11:03:24,1duo the owl is super cute 2it helps you learn other languages 3you can make a acount and connect with others pretty cool right,0.9325,positive,24
mohammadjavad khademi,I really enjoyed the app. Exercises are very useful for all types of learning. Thanks a lot.,5,0,6.27.4,2025-04-27 11:03:12,i really enjoyed the app exercises are very useful for all types of learning thanks a lot,0.8653,positive,17
A Google user,Duolingo is user friendly and easy to install and you can learn a language fast!,5,0,6.27.4,2025-04-27 11:02:31,duolingo is user friendly and easy to install and you can learn a language fast,0.7269,positive,15
Yeisha,"i dontlike this app at all if you need more hearts sometimes you also have to write your cradit number which is not cool yall should not install this if its your phone , tab ,mac ,lap or any device you should uninstall it ( not forcing )",1,0,,2025-04-27 11:02:27,i dontlike this app at all if you need more hearts sometimes you also have to write your cradit number which is not cool yall should not install this if its your phone tab mac lap or any device you should uninstall it not forcing,-0.1685,negative,45
Deepesh Sonkar,the best part is Duolingo is free and beginner friendly,5,0,6.27.4,2025-04-27 11:02:01,the best part is duolingo is free and beginner friendly,0.8934,positive,10
Jan Caleb De Guzman,it does not have the language im looking for i wanted to learn tagalog/filipino,1,0,,2025-04-27 11:00:34,it does not have the language im looking for i wanted to learn tagalogfilipino,0.0,neutral,14
Bibas Chimariya,must add a chat system,1,0,6.27.4,2025-04-27 11:00:07,must add a chat system,0.0,neutral,5
Gabrielle Anna,dude don't think just Duolingo,5,0,6.27.4,2025-04-27 10:59:30,dude dont think just duolingo,0.0,neutral,5
Aneliyah Roybal,I am really good at Japanese now,5,0,6.27.4,2025-04-27 10:59:01,i am really good at japanese now,0.4927,positive,7
Vedang Uchiha,Easily the best and fun way to learn a language. Having friends is awesome and the quests are fun. The only thing I hated was the DEMOTION ZONE it was the worst. It doesn't makes any sense and its just useless and a demotivater. If you guys remove the demotion zone it would be really nice.,4,0,5.121.10,2025-04-27 10:58:38,easily the best and fun way to learn a language having friends is awesome and the quests are fun the only thing i hated was the demotion zone it was the worst it doesnt makes any sense and its just useless and a demotivater if you guys remove the demotion zone it would be really nice,0.908,positive,56
Sandra Besser,perfect try it for sure,5,0,6.27.4,2025-04-27 10:58:35,perfect try it for sure,0.7184,positive,5
Amy Boggs,"Iv wanted to learn Russian for a while now, and for only being a week in Iv learned more than I expected. It's fun, and I'm happy to have learned so much in a short amount of time! I recommend this to people who are, obviously, trying to learn a new language in a fun and easy way!",5,0,6.27.4,2025-04-27 10:57:34,iv wanted to learn russian for a while now and for only being a week in iv learned more than i expected its fun and im happy to have learned so much in a short amount of time i recommend this to people who are obviously trying to learn a new language in a fun and easy way,0.9403,positive,58
Jocelynn Sanchez,it's good to learn different languages,3,0,6.27.4,2025-04-27 10:57:18,its good to learn different languages,0.4404,positive,6
Daya Dass,wow nice application for reading,5,0,6.25.4,2025-04-27 10:56:41,wow nice application for reading,0.765,positive,5
Brent Gian,"The app advances a user's level to provide impactful learning that align's with the course's up-to-date lessons, however it hinders the progress that the user has with the current learning path. It would be best if the app were to ask permission from the user if they would like to be advanced to a higher level of learning path and study the updated course, or stay on the current learning path, and apply the updated course for later levels.",2,0,6.27.4,2025-04-27 10:55:16,the app advances a users level to provide impactful learning that aligns with the courses uptodate lessons however it hinders the progress that the user has with the current learning path it would be best if the app were to ask permission from the user if they would like to be advanced to a higher level of learning path and study the updated course or stay on the current learning path and apply the updated course for later levels,0.8885,positive,79
2madamimadam2,"after further consideration, I'm lowering my score because Android does not work as well or on par with Apple devices. Lilly AI chat app is horrible. she cuts out, she talks over you and the conversations are half the length. As an android user I score in the Obsidian league when my wife is leagues below working consistently harder and longer by 25%. the app is great and the learning mechanics are diverse and painless. Duolingo needs to get all Android features working for paid versions.",3,0,6.27.4,2025-04-27 10:54:05,after further consideration im lowering my score because android does not work as well or on par with apple devices lilly ai chat app is horrible she cuts out she talks over you and the conversations are half the length as an android user i score in the obsidian league when my wife is leagues below working consistently harder and longer by 25 the app is great and the learning mechanics are diverse and painless duolingo needs to get all android features working for paid versions,-0.2991,negative,86
Kirsten Gelevan,love it,5,0,6.27.4,2025-04-27 10:51:42,love it,0.6369,positive,2
Srisairam,this help me very much ❤‍🔥,5,0,6.27.4,2025-04-27 10:50:56,this help me very much,0.4019,positive,5
FATIN SUFIAH AZIZAH,good lesson for beginner,5,0,6.27.4,2025-04-27 10:50:54,good lesson for beginner,0.4404,positive,4
Kai Houghton,I can feel my progression slowly improving and gives me something to look forward to. would totally recommend 👌,5,0,6.27.4,2025-04-27 10:50:46,i can feel my progression slowly improving and gives me something to look forward to would totally recommend,0.6801,positive,18
Jana D,"Since the last course update about 3 days ago, my former quite positive experience of Duolingo took a nose dive. Here is what happened: + The Korean course for English speakers got improved. - The new course has a totally different vocabulary. Since you don't get a choice whether to reset your progress or not, I am at a total loss with challenges and training exercises. - The new path and lessons have missing translations and bugs.",2,0,6.27.4,2025-04-27 10:50:22,since the last course update about 3 days ago my former quite positive experience of duolingo took a nose dive here is what happened the korean course for english speakers got improved the new course has a totally different vocabulary since you dont get a choice whether to reset your progress or not i am at a total loss with challenges and training exercises the new path and lessons have missing translations and bugs,0.7645,positive,74
Shaikh Vazeer,it's too good👍,5,0,,2025-04-27 10:50:20,its too good,0.4404,positive,3
Dhanush Kondapalli,there is still some issue in voice and hints.,3,0,6.27.4,2025-04-27 10:49:22,there is still some issue in voice and hints,0.0,neutral,9
Finn Donna,very easy to understand,5,0,6.27.4,2025-04-27 10:48:53,very easy to understand,0.4927,positive,4
Ron Venerable,"Great language learning app, hope to learn Arabic soon.",5,0,6.27.4,2025-04-27 10:48:33,great language learning app hope to learn arabic soon,0.7906,positive,9
Tamara Aulia,so helpful,5,0,6.25.4,2025-04-27 10:48:14,so helpful,0.4754,positive,2
Brittany Reneau,l love how u can choose what language u want to learn it's very fun,4,0,6.27.4,2025-04-27 10:48:08,l love how u can choose what language u want to learn its very fun,0.8439,positive,15
Geetha VS Niranjani,good. it's cool to listen and learn,4,0,6.25.4,2025-04-27 10:47:53,good its cool to listen and learn,0.6369,positive,7
Hayley Chan,All seems good but the effects are a little annoying and slow.,3,0,6.27.4,2025-04-27 10:47:32,all seems good but the effects are a little annoying and slow,-0.287,negative,12
tamil video 06,please give free for all,1,0,6.27.4,2025-04-27 10:47:05,please give free for all,0.6808,positive,5
ali jalilzadeh,"Why don't you add Persian to English language learning to Duolingo? If you do this, I guarantee you that ten million Iranian users will use your software; isn't ten million more users enough for you?",3,0,5.141.7,2025-04-27 10:44:17,why dont you add persian to english language learning to duolingo if you do this i guarantee you that ten million iranian users will use your software isnt ten million more users enough for you,0.3071,positive,35
Ro Se,wow amazing app thank you so much Duolingo you for I learn English thanks a a lot,5,0,,2025-04-27 10:44:02,wow amazing app thank you so much duolingo you for i learn english thanks a a lot,0.9186,positive,17
DBDpro Player,prosím odstraňte reklamy 🙂👍,4,0,6.27.4,2025-04-27 10:43:52,prosm odstrate reklamy,0.0,neutral,3
Jian'ske Gaming,empresive,5,0,6.26.2,2025-04-27 10:43:29,empresive,0.0,neutral,1
Jennifer Lopez,ang ganda ganda nya sana mas lalo paq matuto slmt sayo duolingo,5,0,6.27.4,2025-04-27 10:42:26,ang ganda ganda nya sana mas lalo paq matuto slmt sayo duolingo,0.0,neutral,12
Nidhi Patil,It very nice application for learning more languages . It really great,5,0,6.27.4,2025-04-27 10:42:23,it very nice application for learning more languages it really great,0.8169,positive,11
Das Das,good app nice sepiken,5,0,6.27.4,2025-04-27 10:39:53,good app nice sepiken,0.6908,positive,4
San Noor,duolingo so the best one for me,5,0,6.27.4,2025-04-27 10:39:44,duolingo so the best one for me,0.6682,positive,7
Shital Koli,very nice,4,0,6.27.4,2025-04-27 10:38:21,very nice,0.4754,positive,2
L Stokes,"I've been learning Spanish so fast on only day two and one I could put together simple sentences like he eats apples is ""El comes manzanas""and even though there are a few adds ther quite cool to me so go try it out it won't you down promise!",5,0,6.27.4,2025-04-27 10:37:23,ive been learning spanish so fast on only day two and one i could put together simple sentences like he eats apples is el comes manzanasand even though there are a few adds ther quite cool to me so go try it out it wont you down promise,0.5157,positive,48
Sevara Kaxorova,the best way to learn quickly 😁,5,0,6.27.4,2025-04-27 10:36:30,the best way to learn quickly,0.6369,positive,6
Tharanut N,Free Learning More Experience,5,0,6.27.4,2025-04-27 10:35:42,free learning more experience,0.5106,positive,4
Ceballos klein,harder words please to bag in my vocabulary,5,1,6.27.4,2025-04-27 10:34:28,harder words please to bag in my vocabulary,0.3182,positive,8
Mike Conklin,Duolingo makes learning different laguges fun and easy,5,0,6.27.4,2025-04-27 10:34:06,duolingo makes learning different laguges fun and easy,0.7351,positive,8
Kevin,very good for me to keep learning Russian,5,0,6.27.4,2025-04-27 10:34:01,very good for me to keep learning russian,0.4927,positive,8
Precious Anosike,"I have learnt alot from Duolingo,I recommend it to anyone who wants to learn a language,it's very educative and reliable",1,0,6.27.4,2025-04-27 10:32:01,i have learnt alot from duolingoi recommend it to anyone who wants to learn a languageits very educative and reliable,0.3612,positive,20
Muneeswari T,it's improve my spoken skill,5,0,6.27.4,2025-04-27 10:31:12,its improve my spoken skill,0.4404,positive,5
Astyn Blocker,I love Duolingo I'm so better at Spanish and music and math they make learning very fun definitely recommended,5,0,6.27.4,2025-04-27 10:30:49,i love duolingo im so better at spanish and music and math they make learning very fun definitely recommended,0.9483,positive,19
Maryam Nafari,very useful,5,0,,2025-04-27 10:29:19,very useful,0.4927,positive,2
Natalie Mims,so awesome! the only way i can learn another language,5,0,6.27.4,2025-04-27 10:28:54,so awesome the only way i can learn another language,0.659,positive,10
Abdur Rob Master,Good,5,0,6.27.4,2025-04-27 10:28:31,good,0.4404,positive,1
Meet Christian,"Even though it's best for learning but there's a serious problem with the app. I started learning a language and completed many levels but after the recent update the app is getting stuck on the starting screen and then after 2-3 attempts when it finally opens, the course is changed completely. The progress remains the same but the levels that I previously completed are totally different and the next levels too are changed. It's like the difficulty level has been upgraded. All progress gone now.",1,10,6.27.4,2025-04-27 10:27:29,even though its best for learning but theres a serious problem with the app i started learning a language and completed many levels but after the recent update the app is getting stuck on the starting screen and then after 23 attempts when it finally opens the course is changed completely the progress remains the same but the levels that i previously completed are totally different and the next levels too are changed its like the difficulty level has been upgraded all progress gone now,0.6689,positive,85
Hunter Wise,I like to learn different languages,5,0,6.27.4,2025-04-27 10:27:13,i like to learn different languages,0.3612,positive,6
Godak Ter,I like this app this app is good 👍🏻,4,0,6.27.4,2025-04-27 10:26:17,i like this app this app is good,0.6597,positive,8
S. Hall,So far so good. Fun!,5,0,6.26.2,2025-04-27 10:25:57,so far so good fun,0.8248,positive,5
Kevin Wright,"After three months of seeing the exact same five ads after each and every lesson, you think they'd know that I already got the message about trialling super, yet I'm told over and over (and over) again. I can't afford Duo and this tactic is insulting. When I can afford it, I'll show my appreciation by going with Babel. The insistence that ""English"" is best represented by the US flag and that I wear ""pants"" instead of ""trousers"" is also shocking from a company that claims lingual expertise.",2,0,6.27.4,2025-04-27 10:25:23,after three months of seeing the exact same five ads after each and every lesson you think theyd know that i already got the message about trialling super yet im told over and over and over again i cant afford duo and this tactic is insulting when i can afford it ill show my appreciation by going with babel the insistence that english is best represented by the us flag and that i wear pants instead of trousers is also shocking from a company that claims lingual expertise,0.5719,positive,88
Komal Komal,this is very helpful Aap i am very happy thanks duo 🙏🏻🙏🏻☺☺,5,0,6.25.4,2025-04-27 10:25:05,this is very helpful aap i am very happy thanks duo,0.8824,positive,11
Alastor HM,this language learning app is great and really engaging is one of my favorites and one of the only ones that keeps me engaged there's just one small problem on the directions it's an exercise where it gives you half the word and you have to type the other half and then get it wrong. my suggestion is make the instructions clearer,4,0,6.27.4,2025-04-27 10:24:33,this language learning app is great and really engaging is one of my favorites and one of the only ones that keeps me engaged theres just one small problem on the directions its an exercise where it gives you half the word and you have to type the other half and then get it wrong my suggestion is make the instructions clearer,0.7574,positive,62
Samrawit Tesfahun S.,excellent 👍 👏 👌,5,0,6.9.5,2025-04-27 10:22:32,excellent,0.5719,positive,1
Om prakash Bajpai,very good 😊😊,5,0,6.27.4,2025-04-27 10:21:55,very good,0.4927,positive,2
Mahrosh Zaviyar,loved it,5,0,6.27.4,2025-04-27 10:21:53,loved it,0.5994,positive,2
kay thayi,Good Tool for learning language,3,0,6.27.4,2025-04-27 10:21:39,good tool for learning language,0.4404,positive,5
FERUGA AKTER,It's so good,5,0,6.27.4,2025-04-27 10:20:54,its so good,0.4927,positive,3
melo biyela,it says I'm offline but I'm not it horrible I was actually excited to learn,1,0,,2025-04-27 10:19:38,it says im offline but im not it horrible i was actually excited to learn,0.7667,positive,15
Andy King,this'll make me un predictable to people😁😁😁 appreciate 🙏 🙏,5,0,,2025-04-27 10:19:06,thisll make me un predictable to people appreciate,0.4019,positive,8
Mark Vessel,"Best Language App. (Pls don't kidnap my family, I've been good)",5,0,6.23.2,2025-04-27 10:18:35,best language app pls dont kidnap my family ive been good,0.8126,positive,11
Md Faizan,very good app for learning english and other languages you learn easy languages and advanced language Duolingo always you to learn languages better 😊😊😊🙌,5,0,6.27.4,2025-04-27 10:18:31,very good app for learning english and other languages you learn easy languages and advanced language duolingo always you to learn languages better,0.8748,positive,23
Ajeet Tiwari,i like this app,5,0,6.27.4,2025-04-27 10:16:06,i like this app,0.3612,positive,4
shabaz ahmed,"This is good! I've been learning a lot of new math. The only thing that is a problem is that it doesn't explain how to do the math. Otherwise, it's pretty good! I'll give it a 4.",4,0,6.26.2,2025-04-27 10:15:41,this is good ive been learning a lot of new math the only thing that is a problem is that it doesnt explain how to do the math otherwise its pretty good ill give it a 4,0.5423,positive,37
Keisha Chase,perfect,5,0,6.27.4,2025-04-27 10:15:36,perfect,0.5719,positive,1
Oscar Ortega,"buena herramienta me gustaría algo más inmersivo, con menos uso de la lengua materna",4,0,6.27.4,2025-04-27 10:15:07,buena herramienta me gustara algo ms inmersivo con menos uso de la lengua materna,0.0,neutral,14
Kira Emo,good,5,0,6.27.4,2025-04-27 10:13:39,good,0.4404,positive,1
Divyansh Rai,it is very useful app for english learning,5,0,6.25.4,2025-04-27 10:12:16,it is very useful app for english learning,0.4927,positive,8
Md Masum,my English class is best apps,5,0,6.27.4,2025-04-27 10:12:07,my english class is best apps,0.6369,positive,6
Sergio Castillo Torres,it is so good and fun to learn,5,0,6.27.4,2025-04-27 10:11:31,it is so good and fun to learn,0.8077,positive,8
Arya P,very helpful,5,0,6.27.4,2025-04-27 10:11:06,very helpful,0.4754,positive,2
Daf B,"It does not explain grammar at all. It just changed the entire format, so you can not review the alphabet & sound combinations. If you wear a headset/earphones while doing speaking portions, it often does not understand you. You can't have a conversation with anyone. I have played for almost 3 years now and I feel like I have mastered the Korean Vocab, that is it.",2,3,6.27.4,2025-04-27 10:11:03,it does not explain grammar at all it just changed the entire format so you can not review the alphabet sound combinations if you wear a headsetearphones while doing speaking portions it often does not understand you you cant have a conversation with anyone i have played for almost 3 years now and i feel like i have mastered the korean vocab that is it,0.5994,positive,65
Arya Abdipour,it's a perfect app,5,0,5.26.3,2025-04-27 10:09:45,its a perfect app,0.5719,positive,4
Michelle Hunter,The program is fine. I hate the interminable ads. There are a bunch of them that you can't get out of. It is incredibly annoying!!!! EDIT: the incessant self-promotion of this app and the ridiculous ad traps for games makes this ap unbearable!!!!,2,1,6.27.4,2025-04-27 10:09:38,the program is fine i hate the interminable ads there are a bunch of them that you cant get out of it is incredibly annoying edit the incessant selfpromotion of this app and the ridiculous ad traps for games makes this ap unbearable,-0.8122,negative,43
Traveler,Duo saved my streak twice! Awesome!,5,0,6.27.4,2025-04-27 10:09:32,duo saved my streak twice awesome,0.7845,positive,6
ray duffy,Enjoyable and done at your own pace but it keeps you motivated,2,0,6.27.4,2025-04-27 10:08:14,enjoyable and done at your own pace but it keeps you motivated,0.714,positive,12
Prakash Chhatoi,It is an easy way to learn English speaking online. it is very amazing and interesting.,4,0,6.27.4,2025-04-27 10:08:08,it is an easy way to learn english speaking online it is very amazing and interesting,0.8737,positive,16
A.B Heris,Woooooow,5,0,6.27.4,2025-04-27 10:07:58,woooooow,0.0,neutral,1
Munna Kumar yadav,This app is very very very very very very very very very very very very very very very very very very very very very very very very very very very very very very very very very very very very very very very very nice and beautiful nice nice nice nice nice nice nice nice nice nice nice nice nice nice nice nice nice nice nice nice nice nice nice nice nice nice nice nice nice nice nice nice nice 👍👌👌👌👌👌👌👌👌👌👌🙂👍👌🙂👍🙂👍👌🙂👍🙂👍🙂🥰🥰🥰🥰🥰🥰🥰🥰🥰🥰🥰🥰🥰🥰🥰🥰😍😍😍😍🥰😍😍😍😍😍😍😍,5,0,6.27.4,2025-04-27 10:07:43,this app is very very very very very very very very very very very very very very very very very very very very very very very very very very very very very very very very very very very very very very very very nice and beautiful nice nice nice nice nice nice nice nice nice nice nice nice nice nice nice nice nice nice nice nice nice nice nice nice nice nice nice nice nice nice nice nice nice,0.9991,positive,79
Meghan Pfleiderer,I didn't like it when I ran out of hearts And Didn't have a refill,4,0,6.27.4,2025-04-27 10:06:52,i didnt like it when i ran out of hearts and didnt have a refill,-0.2755,negative,15
Sodhi Video,nice👍,3,0,6.27.4,2025-04-27 10:03:11,nice,0.4215,positive,1
muskan mehta,i wish they could add gujrati language too,2,0,,2025-04-27 10:02:28,i wish they could add gujrati language too,0.4019,positive,8
Sarang Ms,It's pretty useful and more creative learning,4,0,6.26.2,2025-04-27 10:00:49,its pretty useful and more creative learning,0.8516,positive,7
MershlocK,Perfect App,5,0,6.26.2,2025-04-27 10:00:39,perfect app,0.5719,positive,2
Luxmikhathan,I am so happy that I can study while playing games too I didn't expect much to this but the more days I study the more I get a knowledge Finally I can go talk Chinese with other people,5,0,6.25.4,2025-04-27 10:00:25,i am so happy that i can study while playing games too i didnt expect much to this but the more days i study the more i get a knowledge finally i can go talk chinese with other people,0.4398,positive,39
Agima Ingdy,I will never skip my lessons I promise duolingo just don't kill me,5,0,5.65.14,2025-04-27 10:00:16,i will never skip my lessons i promise duolingo just dont kill me,0.7217,positive,13
"KV Pradeesh , V Bala aadhish",it is good I like this more joyful when I am take the lesson,5,0,6.27.4,2025-04-27 09:59:40,it is good i like this more joyful when i am take the lesson,0.8622,positive,14
michele Felder,THis is so FuN aND iT HeLPs me wiTH THiNg's,5,0,6.27.4,2025-04-27 09:59:26,this is so fun and it helps me with things,0.7809,positive,10
Zion Goriola,awesome 💯 to learn foreign languages and English test,5,0,5.121.10,2025-04-27 09:58:36,awesome to learn foreign languages and english test,0.6249,positive,8
Stella 23DP,"Very useful for young learners,I like this app💗💗",5,0,6.27.4,2025-04-27 09:57:45,very useful for young learnersi like this app,0.6901,positive,8
Jean Boy,"I'm surprised with this new update, I love it 🦜💪🏼",5,0,,2025-04-27 09:57:08,im surprised with this new update i love it,0.7269,positive,9
Aniq Diasyie,"good learning,,I can know about more Chinese character like Hanzi and Pinyin,,thanks",5,0,6.27.4,2025-04-27 09:55:34,good learningi can know about more chinese character like hanzi and pinyinthanks,0.6872,positive,12
qetevani Sozashvili,このアプリが大好きです！日本語や他の言語を学ぶのに本当に役立ちました。ぜひ試してみることをお勧めします!💞,5,0,6.27.4,2025-04-27 09:54:15,,0.0,neutral,0
VANESSA VA,I lost my duolingo account..,4,0,,2025-04-27 09:53:44,i lost my duolingo account,-0.3182,negative,5
Rohith R,its awesome,5,0,6.27.4,2025-04-27 09:53:26,its awesome,0.6249,positive,2
Steve Ulanecki,fun,4,0,6.27.4,2025-04-27 09:53:02,fun,0.5106,positive,1
SM EQBAL,I don't find any search box after start app newly. I want to learn bengali but seems it does not provide indian language for learn,1,0,,2025-04-27 09:53:02,i dont find any search box after start app newly i want to learn bengali but seems it does not provide indian language for learn,0.0387,neutral,25
R Amutha,Amazing,5,0,,2025-04-27 09:52:55,amazing,0.5859,positive,1
Milene Nelson,"if I could, I'd give it 100/5. this app is amazing. there are some courses that I really need them to add for English speakers, like Cantonese, but after that I have no reason to complain. And the ads aren't as frequent as I thought. And with a 97 day streak, I'm qualified to say this: Best app for learning!",5,0,6.26.2,2025-04-27 09:52:53,if i could id give it 1005 this app is amazing there are some courses that i really need them to add for english speakers like cantonese but after that i have no reason to complain and the ads arent as frequent as i thought and with a 97 day streak im qualified to say this best app for learning,0.7269,positive,60
majid ahmadi,Duolingo is very perfect and good.,5,0,6.27.4,2025-04-27 09:52:09,duolingo is very perfect and good,0.7996,positive,6
Kawtar Alaou,the best application,5,0,6.27.4,2025-04-27 09:50:32,the best application,0.6369,positive,3
poonam madhu,this app is soo good 👍🏻 for kids and adults there is no ad i love this app ❤️,5,0,6.23.2,2025-04-27 09:49:30,this app is soo good for kids and adults there is no ad i love this app,0.7096,positive,17
Md.obaidur Md.obaidur,💗💗💗👍👍,5,0,6.27.4,2025-04-27 09:48:28,,0.0,neutral,0
Arshad Izhan,is amazing,4,0,6.26.2,2025-04-27 09:48:11,is amazing,0.5859,positive,2
Daniela Cordoni,amazing it teaches you soo much,5,0,6.27.4,2025-04-27 09:47:53,amazing it teaches you soo much,0.5859,positive,6
Sofiya,this made my learning enjoyable like games❤️,5,0,6.27.4,2025-04-27 09:47:51,this made my learning enjoyable like games,0.6597,positive,7
Arghajit,DUOLINGO IS THE BEST APP FOR LEARNING ANY LANGUAGE TO EASILY AND I DONE THE EVENT EVERYDAY.,5,0,6.26.2,2025-04-27 09:46:26,duolingo is the best app for learning any language to easily and i done the event everyday,0.765,positive,17
Soniya,its verÿyyyyyÿyyyyy good learning app,5,0,6.27.4,2025-04-27 09:46:14,its veryyyyyyyyyy good learning app,0.4404,positive,5
ATIQUL ISLAM (M.X A S H I K),his app is very sweet ☺️😊,5,0,6.27.4,2025-04-27 09:45:58,his app is very sweet,0.5095,positive,5
Eanaaya Afreen,wow,5,0,6.27.4,2025-04-27 09:44:16,wow,0.5859,positive,1
Rejana Lugaj,Just fantastic 😊. I like do much Duolingo. I can speak Italian because of this game. 😊😊😊,5,0,6.27.4,2025-04-27 09:42:51,just fantastic i like do much duolingo i can speak italian because of this game,0.7269,positive,15
Kyle “Sunjay” Parker,I wish it was free,5,0,6.27.4,2025-04-27 09:41:18,i wish it was free,0.7184,positive,5
Sudeep Mahato,beautiful platform for English learning,5,0,6.21.3,2025-04-27 09:39:29,beautiful platform for english learning,0.5994,positive,5
Chrian Yu,This app is very nice,5,0,,2025-04-27 09:36:08,this app is very nice,0.4754,positive,5
Purnalal Thami,I improved my English day by day,5,0,6.27.4,2025-04-27 09:35:43,i improved my english day by day,0.4767,positive,7
Lora Lorence,it's helpful for the English beginners and those who want to improve.I love it and enjoying my session.,5,0,6.27.4,2025-04-27 09:35:16,its helpful for the english beginners and those who want to improvei love it and enjoying my session,0.8934,positive,18
Joseph Igenuma,I love it,5,0,5.121.10,2025-04-27 09:34:03,i love it,0.6369,positive,3
Márcio Mars Rodrigues,"Annoying. Not suitable for autists, it'll trigger you and make you feel bad.",1,0,6.27.4,2025-04-27 09:33:47,annoying not suitable for autists itll trigger you and make you feel bad,-0.7351,negative,13
Anaïs Koutou,it teaches well,5,0,6.27.4,2025-04-27 09:33:33,it teaches well,0.2732,positive,3
Abidi Assil,"The best language learning app, I learned a lot from it",5,0,6.27.4,2025-04-27 09:33:16,the best language learning app i learned a lot from it,0.6369,positive,11
Tuballa Avegail,nice👌,4,0,6.27.4,2025-04-27 09:31:40,nice,0.4215,positive,1
Kamal Sidik,great app.,5,0,6.27.4,2025-04-27 09:31:26,great app,0.6249,positive,2
Kelvin Koranteng,very cool,5,0,6.27.4,2025-04-27 09:30:58,very cool,0.3804,positive,2
Karina Alvarez,They put to much pressure on you other that it is ok,3,0,6.26.2,2025-04-27 09:30:53,they put to much pressure on you other that it is ok,0.0,neutral,12
Hager amir,great,5,0,6.27.4,2025-04-27 09:30:20,great,0.6249,positive,1
Chithreshan K,This app teachs us English in a game like manner. It's very interesting,5,0,6.27.4,2025-04-27 09:29:33,this app teachs us english in a game like manner its very interesting,0.6697,positive,13
Priya Shanmugasundaram,it is very useful learn english communication,4,0,6.27.4,2025-04-27 09:27:05,it is very useful learn english communication,0.4927,positive,7
Muhammad Faruk,good apps,5,0,6.27.4,2025-04-27 09:26:51,good apps,0.4404,positive,2
Inercia Virtual,slow and steady introducing new words along with words you've learned. is great. I'm learning Hatian Creole!,5,0,6.27.4,2025-04-27 09:26:00,slow and steady introducing new words along with words youve learned is great im learning hatian creole,0.6249,positive,17
Ahmet Durmaz,sonraki kısma atladım ama beni tümünü tamamlamışım gibi en sona attı.,3,0,6.19.2,2025-04-27 09:25:37,sonraki ksma atladm ama beni tmn tamamlamm gibi en sona att,0.0,neutral,11
Zoey B,Very help when learning HIGHTLY recommend,5,0,6.27.4,2025-04-27 09:23:07,very help when learning hightly recommend,0.6697,positive,6
Ankita,excellent app,5,0,6.27.4,2025-04-27 09:22:04,excellent app,0.5719,positive,2
Mahipal Singh,very good for learning different languages. It helps us stay dedicated as well,5,0,6.27.4,2025-04-27 09:20:38,very good for learning different languages it helps us stay dedicated as well,0.8718,positive,13
آدم موسى,nice but have a problem with me about a money I'm student have school I don't have any money,5,0,6.26.2,2025-04-27 09:17:44,nice but have a problem with me about a money im student have school i dont have any money,-0.3919,negative,19
charlene williams,not letting me make aco 😡,1,0,5.159.4,2025-04-27 09:17:36,not letting me make aco,0.0,neutral,5
Judith Kuykendall,this app is helping me learn France and math and music and Japanese and this app will help you do it everyday when you need help It has all the language so you can learn any of them so go get this app,5,0,6.26.2,2025-04-27 09:17:05,this app is helping me learn france and math and music and japanese and this app will help you do it everyday when you need help it has all the language so you can learn any of them so go get this app,0.765,positive,43
Dheerendra Nishad,This app is nice I can now learn japanese and in school I can show everyone I can speak japanese I gave this app 5 star rating :),5,0,6.26.2,2025-04-27 09:16:23,this app is nice i can now learn japanese and in school i can show everyone i can speak japanese i gave this app 5 star rating,0.4215,positive,27
Urielle Cinderella,so much fun and I learned so much nice app,5,0,6.27.4,2025-04-27 09:16:14,so much fun and i learned so much nice app,0.7688,positive,10
Mim 1234,best,5,0,6.27.4,2025-04-27 09:15:23,best,0.6369,positive,1
Suraja Parvin,great 👍,5,0,6.27.4,2025-04-27 09:15:18,great,0.6249,positive,1
Renata Memole,everyone should try,5,0,6.27.4,2025-04-27 09:14:47,everyone should try,0.0,neutral,3
Astha Srivastava,I love this app,5,0,6.27.4,2025-04-27 09:14:40,i love this app,0.6369,positive,4
Charity Lungu,amazing work with the designers,5,0,6.27.4,2025-04-27 09:14:28,amazing work with the designers,0.5859,positive,5
yurish baluyut,Its nice but it was kinda laggy,2,0,,2025-04-27 09:13:31,its nice but it was kinda laggy,0.2263,positive,7
Athena (theredchef),Fun learning tool with game-like progress!,5,0,6.26.2,2025-04-27 09:13:16,fun learning tool with gamelike progress,0.7269,positive,6
ritu kumawat,I'm learning Greek and it's so amazing! I'm really happy because I'm able to communicate with other Greeks :),5,0,5.121.10,2025-04-27 09:12:31,im learning greek and its so amazing im really happy because im able to communicate with other greeks,0.8708,positive,18
Abdul Sami,"It's quite useful and engaging but learning process is a bit slow for some languages but anyone willing to learn will find it very useful, only down side that Forced me to give a 4 star rating is that they use self made ads on top of sponsor ads trying to shove there subscription down your throat.......!!! forcing one to buy subscription.",4,0,6.27.4,2025-04-27 09:11:34,its quite useful and engaging but learning process is a bit slow for some languages but anyone willing to learn will find it very useful only down side that forced me to give a 4 star rating is that they use self made ads on top of sponsor ads trying to shove there subscription down your throat forcing one to buy subscription,0.6617,positive,62
齐//thomas//,app doesn't open anymore,1,0,6.27.4,2025-04-27 09:11:18,app doesnt open anymore,0.0,neutral,4
Mariem Metwaly,excellent,5,0,6.27.4,2025-04-27 09:10:12,excellent,0.5719,positive,1
Dietmar Gring,"I've a lot of fun, refreshing my Espanol with Duolingo!",5,0,6.27.4,2025-04-27 09:09:57,ive a lot of fun refreshing my espanol with duolingo,0.5106,positive,10
Sierra G,it helps me with no speaking it's the best of thank you to a lingo for doing this for us you made the best app good job Duolingo I'm doing really good on this,5,0,,2025-04-27 09:09:35,it helps me with no speaking its the best of thank you to a lingo for doing this for us you made the best app good job duolingo im doing really good on this,0.9524,positive,34
Ahmad Haha,im learning spanish,5,0,,2025-04-27 09:08:39,im learning spanish,0.0,neutral,3
Apurva,very enjoyable in learning a new language.,5,0,6.26.2,2025-04-27 09:08:25,very enjoyable in learning a new language,0.4927,positive,7
Sully H,Unfortunately the app clashes with my keyboard and makes typing an answer almost impossible. the keyboard now covers the app and I can't see what I'm writing . this is new with the update . please fix it. I am a paying subscriber for more than 2 years. I tried to update my keyboard and then I actually changed the keyboard app and the problem is still the same . this was never a problem before this new duo app update so I can only assume it has to do with Duolingo,1,2,6.27.4,2025-04-27 09:07:47,unfortunately the app clashes with my keyboard and makes typing an answer almost impossible the keyboard now covers the app and i cant see what im writing this is new with the update please fix it i am a paying subscriber for more than 2 years i tried to update my keyboard and then i actually changed the keyboard app and the problem is still the same this was never a problem before this new duo app update so i can only assume it has to do with duolingo,-0.6705,negative,89
RIZ Ahmed,I BET NO APP CAN TEACH YOU A LANGUAGE LIKE DUO!,5,0,6.27.4,2025-04-27 09:06:47,i bet no app can teach you a language like duo,0.0772,positive,11
Shree Mishra,yes it's good 👍🏻,4,0,6.27.4,2025-04-27 09:06:06,yes its good,0.6808,positive,3
Sujit Ingale,best,5,0,,2025-04-27 09:04:43,best,0.6369,positive,1
Ellen Dias Santos,very helpful,5,0,6.27.4,2025-04-27 09:01:49,very helpful,0.4754,positive,2
Md Emon Hossain,nice apps,5,0,,2025-04-27 09:01:39,nice apps,0.4215,positive,2
ranveer singh rathore,it's good for new learners I think I will give it 4.5 out of 5,4,0,6.27.4,2025-04-27 09:00:45,its good for new learners i think i will give it 45 out of 5,0.4404,positive,15
orjinta Jadesola,It is too pre mature for my liking I expected it to be more advanced than that downloading it is a waste of your MB trust me,2,0,,2025-04-27 09:00:17,it is too pre mature for my liking i expected it to be more advanced than that downloading it is a waste of your mb trust me,0.807,positive,27
Otaku Forever,"What is this recklessness that is happening in this application? I used to love it and learn from it, but now it is ruined and very bad. Whenever I finish a lesson, it takes me to the same page, it makes me repeat again and does not move me to the next lesson.",1,0,5.141.7,2025-04-27 08:59:46,what is this recklessness that is happening in this application i used to love it and learn from it but now it is ruined and very bad whenever i finish a lesson it takes me to the same page it makes me repeat again and does not move me to the next lesson,-0.8289,negative,53
Samir Ahmed,best,4,0,5.141.7,2025-04-27 08:58:51,best,0.6369,positive,1
عبدالرحمن المرشد Abdulrahman Almurshed,Very Nice,5,0,,2025-04-27 08:56:11,very nice,0.4754,positive,2
Sathya.K Kalirathinam,nice 👍,4,0,6.27.4,2025-04-27 08:55:41,nice,0.4215,positive,1
Niki Mcgehee,it was awesome,5,0,6.27.4,2025-04-27 08:55:32,it was awesome,0.6249,positive,3
Sherhossein Shahristani,Duolingo is the best app that i have experience with.,5,0,6.27.4,2025-04-27 08:54:54,duolingo is the best app that i have experience with,0.6369,positive,10
Favour Dike,"Here in this app, learning never ends. it has unlocked the amazing part of me.",5,0,6.26.2,2025-04-27 08:54:51,here in this app learning never ends it has unlocked the amazing part of me,0.5859,positive,15
Ryan Mickle,"I believe that Duolingo is great for learning new languages or if u just want to have some fun with friends! Even though there are some ads it only pops up once in a while, but that app i definitely recommend.",5,0,6.26.2,2025-04-27 08:54:47,i believe that duolingo is great for learning new languages or if u just want to have some fun with friends even though there are some ads it only pops up once in a while but that app i definitely recommend,0.9136,positive,41
Galileo's Journal,need indonesia turkey,4,0,6.27.4,2025-04-27 08:54:18,need indonesia turkey,0.0,neutral,3
Kurshana Makhar,he is a vear good app,5,0,,2025-04-27 08:53:49,he is a vear good app,0.4404,positive,6
Fyori Tesfalem,I love this app,5,0,6.27.4,2025-04-27 08:53:49,i love this app,0.6369,positive,4
Jigzan Eu Ern Camano,it's help me a lot🥰🥰,5,0,6.27.4,2025-04-27 08:53:43,its help me a lot,0.4019,positive,5
Vidhya J,help us to improve in education and a big fear is gone...,5,0,6.27.4,2025-04-27 08:53:11,help us to improve in education and a big fear is gone,0.34,positive,12
Souvik Biswas,super app i use 5 years 🩷,5,0,,2025-04-27 08:52:12,super app i use 5 years,0.5994,positive,6
Sanzida Sultana,i am expert but duo gives me more lesson that i dont know about and i learnd about so thats why i like duo are you agree with me?,5,0,6.27.4,2025-04-27 08:51:27,i am expert but duo gives me more lesson that i dont know about and i learnd about so thats why i like duo are you agree with me,0.7843,positive,29
Joca Armazia,eu amo,5,0,6.24.2,2025-04-27 08:51:27,eu amo,0.0,neutral,2
Sedwin Namba,love the way it gives you the correct answer afterwards. I would like if it also gave a review of the words of the previous session when still in the same day.,4,0,6.23.2,2025-04-27 08:51:14,love the way it gives you the correct answer afterwards i would like if it also gave a review of the words of the previous session when still in the same day,0.7717,positive,32
Hamed Thabet,شكرا لكم على هذا البرنامج,5,0,6.27.4,2025-04-27 08:51:10,,0.0,neutral,0
Jeleena Montalvo,I I'm learning so much it is helping me way more and very fun,5,0,6.27.4,2025-04-27 08:50:46,i im learning so much it is helping me way more and very fun,0.7233,positive,14
MAHESH KUMAR PANDEY,THE BEST LANGUAGE LEARNING APP,5,0,5.101.9,2025-04-27 08:50:44,the best language learning app,0.6369,positive,5
Elisha Vauhn Canlas,So good it helps me learn different types of language ⭐⭐,5,0,6.26.2,2025-04-27 08:50:20,so good it helps me learn different types of language,0.7233,positive,10
Sahadat Hossain,I think it's best way to learn,5,0,6.27.4,2025-04-27 08:45:07,i think its best way to learn,0.6369,positive,7
Petrus Byrne,Very helpful!!!,5,0,6.27.4,2025-04-27 08:44:46,very helpful,0.4754,positive,2
Aya Mrhili,this app is very good 😊,5,0,6.27.4,2025-04-27 08:41:12,this app is very good,0.4927,positive,5
Kavita Landge,it it's same as well-designed so you could get some great experience.,5,0,6.27.4,2025-04-27 08:40:55,it its same as welldesigned so you could get some great experience,0.6249,positive,12
Liam I,It kinda helps. but usually if u don't know something it will just put it anyways.,4,0,6.27.4,2025-04-27 08:38:19,it kinda helps but usually if u dont know something it will just put it anyways,0.1664,positive,16
Sadia Saleem Sadi saleem,i could like to use this app for improve my English language but i don't bcoz they only show sum country in his list which is difficult to choose our language like it has evenone Hindi but not urdu what about pakistani how they choose if you don't show ur main course list intermediate English which you show on picture...i try to many time with gap but i don't disappoint again n again...,1,0,5.121.10,2025-04-27 08:37:11,i could like to use this app for improve my english language but i dont bcoz they only show sum country in his list which is difficult to choose our language like it has evenone hindi but not urdu what about pakistani how they choose if you dont show ur main course list intermediate english which you show on picturei try to many time with gap but i dont disappoint again n again,0.6795,positive,73
Cristiano Ronaldo,Nice,5,0,6.26.2,2025-04-27 08:35:03,nice,0.4215,positive,1
Tesfay Berhe,this so fun and helpfull,5,0,6.27.4,2025-04-27 08:34:37,this so fun and helpfull,0.5563,positive,5
Gerri Dorscher,this app makes learning easier.,5,0,6.27.4,2025-04-27 08:32:15,this app makes learning easier,0.4215,positive,5
Adio Alia,I love ittt. kudos,5,0,6.26.2,2025-04-27 08:30:14,i love ittt kudos,0.8176,positive,4
Randy Power,It's been crashing almost every time I open now. I got 30 gems awarded but couldn't collect because it crashed! Fast forward.... IT STILL FREEZES! I CANT GET THROUGH 1 BOOK. IDIDNT WANT TO SUBSCRIBE BUT THEY CHARGED ME ANYWAY!!! It gave me the wrong word. I have a screen shot! It doesn't award what it says it will in points. You think. NOW it's very annoying that on my second time through the course it jumps ahead and skips important words and phrases. now I have to delete and start over.,2,20,6.27.4,2025-04-27 08:28:55,its been crashing almost every time i open now i got 30 gems awarded but couldnt collect because it crashed fast forward it still freezes i cant get through 1 book ididnt want to subscribe but they charged me anyway it gave me the wrong word i have a screen shot it doesnt award what it says it will in points you think now its very annoying that on my second time through the course it jumps ahead and skips important words and phrases now i have to delete and start over,-0.8949,negative,92
Luis and Aiden Ayohua-Hernandez,I LOVE DUO,5,0,6.27.4,2025-04-27 08:27:54,i love duo,0.6369,positive,3
Ash Vikram,"The application utilizes nonexistent vocabulary for alphabet instruction, resulting in a circuitous learning process. Superior alternatives are available.",3,0,6.27.4,2025-04-27 08:27:33,the application utilizes nonexistent vocabulary for alphabet instruction resulting in a circuitous learning process superior alternatives are available,0.5423,positive,18
Elham Ahmadi,It is very ridiculous,1,0,,2025-04-27 08:27:28,it is very ridiculous,-0.4201,negative,4
Ansh Gamerz 3.O,useful,5,0,6.27.4,2025-04-27 08:26:49,useful,0.4404,positive,1
Denise Alloway,duolingo is a fun good learning app but I can't be there every day to practice so it always resets me and I lose everything.,4,0,6.27.4,2025-04-27 08:25:39,duolingo is a fun good learning app but i cant be there every day to practice so it always resets me and i lose everything,-0.1154,negative,25
Chelsea Thornley,helps me in Spanish.,5,0,6.27.4,2025-04-27 08:25:28,helps me in spanish,0.3818,positive,4
Raul Mendoza,best app for teanslation,5,0,6.27.4,2025-04-27 08:25:06,best app for teanslation,0.6369,positive,4
karan kumar,pedaya to mast per kuch nahi aya,4,0,6.27.4,2025-04-27 08:23:47,pedaya to mast per kuch nahi aya,0.0,neutral,7
Eknoor,after completing one lesson it repeats if I skip it returns to choose the language you want to choose,2,0,5.121.10,2025-04-27 08:23:38,after completing one lesson it repeats if i skip it returns to choose the language you want to choose,0.0772,positive,19
Chris1991,"It's REALLY good! However, I wish it didn't charge me $160+ just for MAX subscription for a year and I just wish it would lower it a little or at least have a promotion for it or something.",4,0,6.27.4,2025-04-27 08:21:38,its really good however i wish it didnt charge me 160 just for max subscription for a year and i just wish it would lower it a little or at least have a promotion for it or something,0.7858,positive,38
Sankari Mahato,This app is very nice ☺️.,5,0,6.27.4,2025-04-27 08:20:41,this app is very nice,0.4754,positive,5
pradum malviya,best,5,0,6.27.4,2025-04-27 08:20:25,best,0.6369,positive,1
Dhanashree Patel,I think you should be a good learning app,1,0,6.27.4,2025-04-27 08:19:10,i think you should be a good learning app,0.4404,positive,9
Bhavesh Sanwal,Nice experience of using Duolingo from past November 2024 .It is my first app of learning new language digitally. One thing I got impressed with there user interface and Duolingo has less Advertising as compared to other language learning app. I know about this app from ted talk .,5,0,6.27.4,2025-04-27 08:19:03,nice experience of using duolingo from past november 2024 it is my first app of learning new language digitally one thing i got impressed with there user interface and duolingo has less advertising as compared to other language learning app i know about this app from ted talk,0.7096,positive,48
Amirhossein Najafi,it's the best app for learning english,5,0,6.27.4,2025-04-27 08:18:10,its the best app for learning english,0.6369,positive,7
Symone Hayles,excellent learning good job Duolingo,5,0,6.25.4,2025-04-27 08:17:46,excellent learning good job duolingo,0.765,positive,5
William Nelson,"Pretty good, sometimes the lessons would be better if they didn't give audio clues before you ask. This is unnecessary support which slows down lesrning.",4,0,6.27.4,2025-04-27 08:16:10,pretty good sometimes the lessons would be better if they didnt give audio clues before you ask this is unnecessary support which slows down lesrning,0.8934,positive,25
Bridget Oshe,As a 13 year old I have to say it's actually helpful and I have to say muchos gracias (thanks),5,0,6.27.4,2025-04-27 08:15:42,as a 13 year old i have to say its actually helpful and i have to say muchos gracias thanks,0.6908,positive,20
Hammad Raza,fabulous,5,0,6.27.4,2025-04-27 08:15:38,fabulous,0.5267,positive,1
otieno kenneth,So far great app,4,0,6.27.4,2025-04-27 08:14:18,so far great app,0.6573,positive,4
Selkie Choi,"pretty good, but it has some translation mistakes. but it taught me well enough that I could spot them",4,0,6.27.4,2025-04-27 08:14:00,pretty good but it has some translation mistakes but it taught me well enough that i could spot them,0.3506,positive,19
T Zaps,"I was surprised by how the knowledge percolated through without me even trying. It knows what I need to go over again and offers me that until I remember it. I was able to start at an Intermediate level, which it assessed fairly accurately although I'd have quite enjoyed going over some of the things I knew already. It's possible to learn a lot without paying anything but the Super Family plan is great because you can add people and they don't have to pay.",5,0,6.27.4,2025-04-27 08:12:18,i was surprised by how the knowledge percolated through without me even trying it knows what i need to go over again and offers me that until i remember it i was able to start at an intermediate level which it assessed fairly accurately although id have quite enjoyed going over some of the things i knew already its possible to learn a lot without paying anything but the super family plan is great because you can add people and they dont have to pay,0.945,positive,85
Abdu Noman,اناعبد الوهاب البرنامج قوه باالجليزي,5,0,,2025-04-27 08:10:25,,0.0,neutral,0
MD JIHADUL ISLAM,It's a great platform for learning a language even if you have zero knowledge! Recommended,5,0,6.27.4,2025-04-27 08:10:16,its a great platform for learning a language even if you have zero knowledge recommended,0.7096,positive,15
Sabiha Ferdous,good app 😀👍🏻,5,0,6.27.4,2025-04-27 08:09:27,good app,0.4404,positive,2
Najnin Sultana,nice,4,0,6.27.4,2025-04-27 08:07:28,nice,0.4215,positive,1
Oliver Brown,I am learning Spanish and it really helps me,5,0,6.27.4,2025-04-27 08:04:35,i am learning spanish and it really helps me,0.4391,positive,9
L S,"I was on the teacher plan + I had so many gems, one day I got on the app and they had deleted all my gems and I lost the teacher plan. If I run out of hearts before the end of the lesson it doesn't count towards my streak and I have hardly any gems smh. I have a 650+ streak and this happened around 620 or so, it's really annoying because this has been a fun app to use overall",1,0,6.27.4,2025-04-27 08:04:15,i was on the teacher plan i had so many gems one day i got on the app and they had deleted all my gems and i lost the teacher plan if i run out of hearts before the end of the lesson it doesnt count towards my streak and i have hardly any gems smh i have a 650 streak and this happened around 620 or so its really annoying because this has been a fun app to use overall,-0.5095,negative,81
Ekhator Destiny,I love the Lego because we can like learn different languages but the thing I hate about it is that like sometimes when you press the thing to like the characters to say something it just says that you can't really hear it that's the thing I hate but everything else I really like helping like learning Spanish but on my mum's phone but like so I'm downloading on my iPad so like that's why so like I hope that it's good on your iPad so like 2DS toodles like it,5,0,,2025-04-27 08:02:46,i love the lego because we can like learn different languages but the thing i hate about it is that like sometimes when you press the thing to like the characters to say something it just says that you cant really hear it thats the thing i hate but everything else i really like helping like learning spanish but on my mums phone but like so im downloading on my ipad so like thats why so like i hope that its good on your ipad so like 2ds toodles like it,0.9859,positive,91
Marvis Chama,"it's a very interesting and amazing app, it helps one to learn a language fast.",5,0,6.27.4,2025-04-27 08:02:45,its a very interesting and amazing app it helps one to learn a language fast,0.8643,positive,15
Irah Pledger,it so fun put sometimes you have to wake up early,5,0,6.27.4,2025-04-27 08:02:20,it so fun put sometimes you have to wake up early,0.5563,positive,11
Isabelle Detweiler,it works really well .One thing I would like to see in the future is a translate option. if would make. this app 10 times more efficient for daily use.,5,0,6.22.3,2025-04-27 08:01:55,it works really well one thing i would like to see in the future is a translate option if would make this app 10 times more efficient for daily use,0.7897,positive,30
Maica Viñeza,it always reminds you about your practice and always save your streak when you forget to do it. I love how they make the teaching easier and way more enjoyable.,5,0,6.26.2,2025-04-27 08:01:12,it always reminds you about your practice and always save your streak when you forget to do it i love how they make the teaching easier and way more enjoyable,0.9099,positive,30
Vilte Meskyte,Great app for learning I have been learning dutch for a while and I can already speak sentences,5,0,6.27.4,2025-04-27 08:00:10,great app for learning i have been learning dutch for a while and i can already speak sentences,0.6486,positive,18
Anatolii Artamonov,"Good, easy and simple tool to keep practicing some language learning in addition to proper class studying or just for fun.",5,0,6.27.4,2025-04-27 07:57:28,good easy and simple tool to keep practicing some language learning in addition to proper class studying or just for fun,0.8442,positive,21
Zivile Pratkelyte,i love duolingo,5,0,6.27.4,2025-04-27 07:57:25,i love duolingo,0.6369,positive,3
Damion Scott,nice,5,0,5.141.7,2025-04-27 07:56:59,nice,0.4215,positive,1
Arki,Best app so helpful 💯,5,0,6.27.4,2025-04-27 07:56:55,best app so helpful,0.807,positive,4
Sathana Sathana rechal,very nice 👍,4,0,6.24.2,2025-04-27 07:55:22,very nice,0.4754,positive,2
Daniel Micah,"I can't believe I can even communicate with Spanish friends abroad, complete projects, travel with ease etc. the little Spanish idea is just from a free learning app. Guys we spent the whole day on social media even at least 20-30mins learning our desired language will help alot",5,0,6.21.3,2025-04-27 07:53:26,i cant believe i can even communicate with spanish friends abroad complete projects travel with ease etc the little spanish idea is just from a free learning app guys we spent the whole day on social media even at least 2030mins learning our desired language will help alot,0.9136,positive,48
Ainee Ehsan,very good for learning 👏 super duo should be free for every one,5,0,6.27.4,2025-04-27 07:50:21,very good for learning super duo should be free for every one,0.8858,positive,12
Mansi Gaurav,Nice app,4,0,6.26.2,2025-04-27 07:49:58,nice app,0.4215,positive,2
Brynlee Layman,it is a really good learning app and teaches things really fast!,5,0,6.27.4,2025-04-27 07:49:45,it is a really good learning app and teaches things really fast,0.4927,positive,12
Cailen Scholfield,I just stared and I can rember the words I learned easily for Japanese,5,0,6.27.4,2025-04-27 07:49:39,i just stared and i can rember the words i learned easily for japanese,0.34,positive,14
Charles Nwaobasi,Duolingo is a good App!,5,0,6.27.4,2025-04-27 07:48:57,duolingo is a good app,0.4404,positive,5
Santanu Biswas,good,5,0,,2025-04-27 07:47:04,good,0.4404,positive,1
Dazeurea's Existence,I love this learning app but the writing translation feature is annoying me because it doesn't register some letters which makes me stuck in a lesson because it won't be correct. I've reported it multiple times but no change happened.,4,0,6.27.4,2025-04-27 07:44:34,i love this learning app but the writing translation feature is annoying me because it doesnt register some letters which makes me stuck in a lesson because it wont be correct ive reported it multiple times but no change happened,-0.7391,negative,40
Senthil Kumar D G,learning through fun!!,5,0,6.27.4,2025-04-27 07:42:55,learning through fun,0.5106,positive,3
Ellie Ansah,"I am on a computer and I cant touch the correct piano notes. But other wise Duolingo is a great app for your child to learn, for example Math Piano, Latin, Spanish and those are just some of the options they give you. So download Duolingo today! 4 stars.",4,0,6.27.4,2025-04-27 07:42:12,i am on a computer and i cant touch the correct piano notes but other wise duolingo is a great app for your child to learn for example math piano latin spanish and those are just some of the options they give you so download duolingo today 4 stars,0.8957,positive,49
Lucyann Njoki,wonderful leaning,5,0,6.27.4,2025-04-27 07:40:41,wonderful leaning,0.5719,positive,2
Farhan Saiyad,good,3,0,6.26.2,2025-04-27 07:39:31,good,0.4404,positive,1
Aaliyah Isaiah,thank you pipo,5,0,6.27.4,2025-04-27 07:37:56,thank you pipo,0.3612,positive,3
April Mar Bongato,"Guys to those who want to know,this is a app who can teach you the language you want to learn.Like me I did learn Korean. Try it now!😉✌️",5,0,6.27.4,2025-04-27 07:36:15,guys to those who want to knowthis is a app who can teach you the language you want to learnlike me i did learn korean try it now,0.1531,positive,28
Sheena Janardhanan Nair,good and nice please add languages for malayalam speaker's and for english speakers pls add tamil also,5,0,6.27.4,2025-04-27 07:35:56,good and nice please add languages for malayalam speakers and for english speakers pls add tamil also,0.8074,positive,17
MD Abdullah Foysal,Khoob mojadar ekti apps spoken English Shikhar Jonno khubi bao Bhumika rakhen ei apps ti,5,0,6.27.4,2025-04-27 07:35:52,khoob mojadar ekti apps spoken english shikhar jonno khubi bao bhumika rakhen ei apps ti,0.0,neutral,15
ADA SIPIONE,nice 👍,5,0,6.27.4,2025-04-27 07:35:28,nice,0.4215,positive,1
Md Juwel,Nice apps,5,0,6.27.4,2025-04-27 07:35:20,nice apps,0.4215,positive,2
Rani Bhoyar,thank you,5,0,6.27.4,2025-04-27 07:35:06,thank you,0.3612,positive,2
Zarnab Noor,i love this app.,3,0,6.27.4,2025-04-27 07:33:49,i love this app,0.6369,positive,4
David Lemonadee,The best features are all pay walled and the paid plans are absurdly over priced. The free version is chock-full of ads. They essentially make it impossible to make any serious progress without paying for one of the over priced plans.,1,0,6.27.4,2025-04-27 07:33:02,the best features are all pay walled and the paid plans are absurdly over priced the free version is chockfull of ads they essentially make it impossible to make any serious progress without paying for one of the over priced plans,0.8625,positive,41
Hudha Saleem - 47,wow you guys you should download this is very good if you want to study languages or English and maths,5,0,6.27.4,2025-04-27 07:32:15,wow you guys you should download this is very good if you want to study languages or english and maths,0.807,positive,20
Kadir Ahmed,this app is very very good 😊,5,0,6.24.2,2025-04-27 07:31:47,this app is very very good,0.5379,positive,6
L L,日本語訳のテストがアホすぎる,1,0,,2025-04-27 07:31:35,,0.0,neutral,0
Ravi Kumar,बढ़िया है भाई,2,0,6.27.4,2025-04-27 07:27:58,,0.0,neutral,0
Esteban Mateo Aybar,Excelente aplicacion para aprender Idiomas.,5,0,6.27.4,2025-04-27 07:27:41,excelente aplicacion para aprender idiomas,0.0,neutral,5
shane whelan,This helped me learn German and Korean really fast!I definitely recommend this app if you want to learn any language:33,5,0,6.27.4,2025-04-27 07:26:13,this helped me learn german and korean really fasti definitely recommend this app if you want to learn any language33,0.722,positive,20
Exo xo,muy bien,4,0,6.27.4,2025-04-27 07:25:27,muy bien,0.0,neutral,2
Abhishek Anil,sehr gut und toll,5,0,6.27.4,2025-04-27 07:25:12,sehr gut und toll,0.0,neutral,4
David Z,Nice app but sometimes really really buggy,1,0,6.27.4,2025-04-27 07:24:37,nice app but sometimes really really buggy,0.2263,positive,7
Rethabile Ndlovu,l love duolingo it is the best thing ever it helps kids learn.,5,0,6.27.4,2025-04-27 07:24:05,l love duolingo it is the best thing ever it helps kids learn,0.9001,positive,13
Vinicius Vieira,Grato!,5,0,6.27.4,2025-04-27 07:23:35,grato,0.0,neutral,1
Forshena Hasan,It's a nice app to learn any language as a beginner,4,0,6.27.4,2025-04-27 07:23:17,its a nice app to learn any language as a beginner,0.4215,positive,11
Dharmendrasinh Gohil,it's very nice to learn any language in free and very nicely we could understand and repeat our mistakes,5,0,6.27.4,2025-04-27 07:22:35,its very nice to learn any language in free and very nicely we could understand and repeat our mistakes,0.7956,positive,19
Jana Pavleska,hate it bye🤡🤣🤣you are dumb duolingo hahaha,1,0,6.27.4,2025-04-27 07:21:14,hate it byeyou are dumb duolingo hahaha,-0.5267,negative,7
tangerbVelle Tagr,انهو رائع جدا يعطيك تعالم,5,0,6.27.4,2025-04-27 07:20:54,,0.0,neutral,0
Ismail Mailanyi,"Good to start language learning journey. However, Never learning the language significantly. Not immersive enough.",4,0,,2025-04-27 07:20:49,good to start language learning journey however never learning the language significantly not immersive enough,0.4404,positive,15
R Praneeth IX A,Nice application,5,0,6.26.2,2025-04-27 07:20:46,nice application,0.4215,positive,2
Folake Odupelu,it ok but doing it everyday but ....YOU CAN DO THE TRIAL FOR 2 DAYS FREE AND THEY TELL YOU WHEN IT ENDS!!,4,0,6.25.4,2025-04-27 07:18:26,it ok but doing it everyday but you can do the trial for 2 days free and they tell you when it ends,0.7227,positive,23
Anil Yadav,nice 🙏🙏👾,1,0,6.25.4,2025-04-27 07:18:04,nice,0.4215,positive,1
Shahbaz Sattar,this app is amazing OMG I love this app,5,0,6.27.4,2025-04-27 07:15:20,this app is amazing omg i love this app,0.8402,positive,9
Ramadhan Shein,good and easy application for learning languages,5,0,6.27.4,2025-04-27 07:14:45,good and easy application for learning languages,0.7003,positive,7
Amirul,Make an option to use kanji for Japanese lesson,1,0,5.136.3,2025-04-27 07:14:41,make an option to use kanji for japanese lesson,0.0,neutral,9
Syed.Aasiya Banu,must try easy understand good for learning highly recommended,5,0,6.27.4,2025-04-27 07:14:01,must try easy understand good for learning highly recommended,0.7841,positive,9
lovely bagtasos,"I can't log in, in my old account this my 4th account by the way. Also bring back the see details when you click on the section",4,0,6.27.4,2025-04-27 07:13:55,i cant log in in my old account this my 4th account by the way also bring back the see details when you click on the section,0.0,neutral,27
ᅳliaa,The upgrade is so cute and fun to learn,4,0,6.27.4,2025-04-27 07:12:46,the upgrade is so cute and fun to learn,0.8141,positive,9
arta,I usually don't use learning apps alot except of I'm in school or I'm doing my homework but duolingo is dp fun,5,0,6.27.4,2025-04-27 07:11:35,i usually dont use learning apps alot except of im in school or im doing my homework but duolingo is dp fun,0.6652,positive,22
Marlene Sylas,I'm really enjoying this!,5,0,6.27.4,2025-04-27 07:11:20,im really enjoying this,0.5709,positive,4
Daniel Samuel,great app for learning any language,4,0,6.26.2,2025-04-27 07:07:37,great app for learning any language,0.6249,positive,6
Lee Ison,رائععع,5,0,6.27.4,2025-04-27 07:05:20,,0.0,neutral,0
Fazal Mohamed,THANK YOU,5,0,,2025-04-27 07:04:00,thank you,0.3612,positive,2
Asty Novita,easy learing!,5,0,6.27.4,2025-04-27 07:01:38,easy learing,0.4404,positive,2
Pari Chaudhary,It makes me a topper in english,5,0,6.26.2,2025-04-27 07:01:20,it makes me a topper in english,0.0,neutral,7
Reessing Ana-Maria,Good,4,0,6.27.4,2025-04-27 06:59:28,good,0.4404,positive,1
Anil Kumar,nice 👍,5,0,6.27.4,2025-04-27 06:57:48,nice,0.4215,positive,1
Sachin Nile,written sectionshould be improve,5,0,6.27.4,2025-04-27 06:56:14,written sectionshould be improve,0.4404,positive,4
Mohamed Alaa,excellent way to learn French,5,0,6.24.2,2025-04-27 06:55:36,excellent way to learn french,0.5719,positive,5
Bilkisu Musa Ibrahim,the best app to learn any language with fun,5,0,5.121.10,2025-04-27 06:55:35,the best app to learn any language with fun,0.8176,positive,9
Paige Graham,I just love it so much my high score is 147,5,0,6.27.4,2025-04-27 06:55:25,i just love it so much my high score is 147,0.6369,positive,11
Sri Ganesh Traders,nice app to learn language,5,0,6.27.4,2025-04-27 06:50:59,nice app to learn language,0.4215,positive,5
Hassan Mohammad,it helps me to learn more,5,0,6.27.4,2025-04-27 06:50:07,it helps me to learn more,0.3818,positive,6
Pooja Singh,good,5,0,,2025-04-27 06:49:15,good,0.4404,positive,1
RayRoid Productions,I hate the heart system with every fiber of my being,1,0,,2025-04-27 06:48:28,i hate the heart system with every fiber of my being,-0.5719,negative,11
Mahima Dubey,easy to learn languages in this,4,0,6.27.4,2025-04-27 06:48:17,easy to learn languages in this,0.4404,positive,6
Merita Berisha,i learn from this app so much I'm so thankful for that,5,0,6.27.4,2025-04-27 06:45:55,i learn from this app so much im so thankful for that,0.6948,positive,12
Jenn Hayde,Love Duolingo math!! Great way to help kid learn everyday math and math fundamentals,5,0,6.27.4,2025-04-27 06:45:53,love duolingo math great way to help kid learn everyday math and math fundamentals,0.9001,positive,14
Odoh Excel,"Nice app. I hope it improves on the speaking aspect though, so we could learn to speak more. Also on the writing aspect, writing words not basic letters is also important. please improve on that. thank you duolingo",4,0,6.27.4,2025-04-27 06:44:31,nice app i hope it improves on the speaking aspect though so we could learn to speak more also on the writing aspect writing words not basic letters is also important please improve on that thank you duolingo,0.9432,positive,38
Jino Jino,one time subscription super Duolingo .. continues auto pay after deleting Duolingo .. second time my bank balance 200* auto pay very worst thinks,1,0,,2025-04-27 06:44:03,one time subscription super duolingo continues auto pay after deleting duolingo second time my bank balance 200 auto pay very worst thinks,-0.3167,negative,22
CAE Argue,It is great chance to learn about other people's languages.,5,0,6.27.4,2025-04-27 06:41:28,it is great chance to learn about other peoples languages,0.7269,positive,10
Karthik B,this is exactly super useful,5,0,6.27.4,2025-04-27 06:40:12,this is exactly super useful,0.7783,positive,5
usharani ks,need more improvement,5,0,6.26.2,2025-04-27 06:40:02,need more improvement,0.5095,positive,3
Heena Yadav,very very nice and vary goo d app mind blowing,5,0,6.26.2,2025-04-27 06:39:55,very very nice and vary goo d app mind blowing,0.5222,positive,10
Faezeh Abdi,so good,5,0,6.27.4,2025-04-27 06:39:31,so good,0.4927,positive,2
Suzana Krstic,it's great but I'm just not bothered to do it,4,0,6.27.4,2025-04-27 06:39:12,its great but im just not bothered to do it,0.6115,positive,10
sabriyanah,❤️❤️,5,0,6.27.4,2025-04-27 06:39:02,,0.0,neutral,0
Candrea Muashekele,really good,4,0,6.27.4,2025-04-27 06:37:17,really good,0.4927,positive,2
Md. Sazzad,"Its really good, 1st add any kind of word meaning, person learning language how could he know what the meaning of this word so at 1st he know the words then he can go the next step he should learning this languages.",5,0,6.27.4,2025-04-27 06:36:18,its really good 1st add any kind of word meaning person learning language how could he know what the meaning of this word so at 1st he know the words then he can go the next step he should learning this languages,0.4927,positive,42
Biswajit Mahanta,please please please add BTS songs in Duolingo please 🥺🙏,5,0,6.27.4,2025-04-27 06:35:59,please please please add bts songs in duolingo please,0.802,positive,9
Bhavna Bhavna,this ap is very 👍,1,0,,2025-04-27 06:33:22,this ap is very,0.0,neutral,4
Goku,"I love this app, it's very good for learning languages. even though when you pay, you get more features like being able to have lessons that teach you about a specific thing you need to learn, it's great without paying.",5,0,6.27.4,2025-04-27 06:33:19,i love this app its very good for learning languages even though when you pay you get more features like being able to have lessons that teach you about a specific thing you need to learn its great without paying,0.9309,positive,40
Vikash Khede,good,4,0,6.26.2,2025-04-27 06:33:04,good,0.4404,positive,1
Monika Kulhari,this is not a good,1,0,6.27.4,2025-04-27 06:30:57,this is not a good,-0.3412,negative,5
Ved Vrat,Very easy to learn You can learn any language I loved it 😁,5,0,6.27.4,2025-04-27 06:29:44,very easy to learn you can learn any language i loved it,0.796,positive,12
Hussain asim,It is the worst the worstest app it just got a update and all the lessons get changed and all the progress has gone .,1,0,6.13.5,2025-04-27 06:29:40,it is the worst the worstest app it just got a update and all the lessons get changed and all the progress has gone,-0.3182,negative,24
Alex Somethingorother,pretty good app and they have a good meme account,5,0,6.27.4,2025-04-27 06:27:54,pretty good app and they have a good meme account,0.8402,positive,10
Sriram varanasi,I won the diamond league with 10000 more points but this win not added to my account. Duo lingo have been running Fake leagues.,1,0,6.27.4,2025-04-27 06:27:23,i won the diamond league with 10000 more points but this win not added to my account duo lingo have been running fake leagues,0.7311,positive,24
Ahsan Ahmed,Duolingo is the best for learning language,5,0,6.27.4,2025-04-27 06:27:08,duolingo is the best for learning language,0.6369,positive,7
Chandrakala Lokhande,amazing,5,0,5.141.7,2025-04-27 06:25:59,amazing,0.5859,positive,1
Mosina Tamboli,very good application it has many languages and go to learn other countries languages I am learning now Japanese it is very easy to learn the app is very good you can install it,5,0,6.22.3,2025-04-27 06:25:51,very good application it has many languages and go to learn other countries languages i am learning now japanese it is very easy to learn the app is very good you can install it,0.8618,positive,34
Vinod Bairwa,doulingo acha nahi lagta hai mujhe koi or badiya app banao samje,5,0,5.164.5,2025-04-27 06:25:34,doulingo acha nahi lagta hai mujhe koi or badiya app banao samje,0.0,neutral,12
Drz Lama,good app,5,0,6.27.4,2025-04-27 06:25:05,good app,0.4404,positive,2
Olya Makarenko,добавьте пожалуйста тайський язык,5,0,,2025-04-27 06:24:28,,0.0,neutral,0
Chipalo Bwalya,I the apps accuracy and that it's friendly to people of any age,5,0,6.27.4,2025-04-27 06:22:59,i the apps accuracy and that its friendly to people of any age,0.4939,positive,13
غاده القحطاني,مره حلو تعلمت الانقليزي بفضل الله ثم buolihg,5,0,6.27.4,2025-04-27 06:21:08,buolihg,0.0,neutral,1
Archana Tiwari,this is very good for learning English,5,0,6.27.4,2025-04-27 06:20:36,this is very good for learning english,0.4927,positive,7
Kuruthum pretty,I think Duolingo can help us to learn different languages a,1,0,6.26.2,2025-04-27 06:19:47,i think duolingo can help us to learn different languages a,0.4019,positive,11
kailashi gupta,VERY GOOD I WANT TO SPEAK KOREAN BUT I THINK IT NOT POSSIBLE THEN DUOLINGO MAKE IT P,5,0,6.27.4,2025-04-27 06:19:26,very good i want to speak korean but i think it not possible then duolingo make it p,0.3369,positive,18
Shanto Hassan,thank you duo,5,0,6.27.4,2025-04-27 06:18:46,thank you duo,0.3612,positive,3
Christophe A Willis,good,5,0,,2025-04-27 06:17:20,good,0.4404,positive,1
Mahdiye Abbasnezhad,the best,5,0,6.26.2,2025-04-27 06:17:08,the best,0.6369,positive,2
Moho Najafi,gooooood,5,0,6.27.4,2025-04-27 06:16:15,gooooood,0.0,neutral,1
Shadia Reza,duolingo is one of the best app to learn any language i have ever seen also we can learn music and mathematics through duolingo,5,0,6.27.4,2025-04-27 06:16:09,duolingo is one of the best app to learn any language i have ever seen also we can learn music and mathematics through duolingo,0.6369,positive,24
julyang_usr,"i love it, they changed me so well!!! my english grammar improved!!",5,0,6.27.4,2025-04-27 06:15:36,i love it they changed me so well my english grammar improved,0.8762,positive,12
Fatima Zafar,Helps e learn more English,5,0,6.27.4,2025-04-27 06:15:21,helps e learn more english,0.3818,positive,5
Lisa Kim,"I've been learning a lot from this app, it's so helpful. Love love it! 😻",5,0,6.27.4,2025-04-27 06:12:28,ive been learning a lot from this app its so helpful love love it,0.927,positive,14
Jyoti Suthar,good 👍,3,0,6.27.4,2025-04-27 06:12:21,good,0.4404,positive,1
Umme Farwa,duo are u alive?,5,0,,2025-04-27 06:11:34,duo are u alive,0.3818,positive,4
Allabaksh Khan,op supar fast,5,0,6.27.4,2025-04-27 06:10:08,op supar fast,0.0,neutral,3
Abdullah All Nahian,This. app. is. nice. and. helpful,5,0,6.27.4,2025-04-27 06:07:04,this app is nice and helpful,0.6808,positive,6
Priyanka Warwade,good,3,0,6.27.4,2025-04-27 06:06:34,good,0.4404,positive,1
Bukata,I've learned so much and it's quiet a fun learning style,5,0,6.26.2,2025-04-27 06:05:20,ive learned so much and its quiet a fun learning style,0.5106,positive,11
Jonathan Ganza M,very useful,5,0,6.27.4,2025-04-27 06:03:55,very useful,0.4927,positive,2
Poonam Nagar,very good aap for a kid thank you,5,0,6.27.4,2025-04-27 06:03:07,very good aap for a kid thank you,0.6901,positive,8
Tisha Ng,"I wanted to try this app again after a long time of not using it. I chose a language and finished the first short quiz, but after that, the app would just lead me back to the beginning. I would log in, choose a language, finish the short quiz, and then be sent back to the ""What would you like to learn?"" page again. It's an endless loop. Can someone help me with this?",1,0,5.141.7,2025-04-27 06:01:38,i wanted to try this app again after a long time of not using it i chose a language and finished the first short quiz but after that the app would just lead me back to the beginning i would log in choose a language finish the short quiz and then be sent back to the what would you like to learn page again its an endless loop can someone help me with this,0.7783,positive,74
Alicia Fernandez,installed today to lean Italian and can't even to first two min lesson. Getting error message to try again later,2,0,6.27.4,2025-04-27 06:00:18,installed today to lean italian and cant even to first two min lesson getting error message to try again later,-0.4019,negative,20
S Laurenstein,"This app is toxic. Avoid, unless you're in a desire state for getting lied to and/or manipulated.",1,0,,2025-04-27 06:00:08,this app is toxic avoid unless youre in a desire state for getting lied to andor manipulated,-0.5719,negative,17
Radhika Sahu,ये app घटिया मंहगे है,5,0,,2025-04-27 05:59:41,app,0.0,neutral,1
Suryakant Kad,A app is very good and expensive app,5,0,6.27.4,2025-04-27 05:58:08,a app is very good and expensive app,0.4927,positive,8
Julia Kusi Yeboah,Helpful so far,4,0,6.5.4,2025-04-27 05:58:05,helpful so far,0.4215,positive,3
Sun Basumatary,on some sentences we don't listen perfectly.,4,0,6.26.2,2025-04-27 05:57:00,on some sentences we dont listen perfectly,-0.4885,negative,7
Skha Bwanali,Easy way to learn,5,0,6.27.4,2025-04-27 05:54:51,easy way to learn,0.4404,positive,4
Mrs Naeem Naeem,excellent,5,0,6.27.4,2025-04-27 05:54:17,excellent,0.5719,positive,1
suii spa,good,5,0,6.27.4,2025-04-27 05:53:50,good,0.4404,positive,1
Arshad Nawaz,very good i love it can you please add a thing in it like we can talk with our friends in it,5,0,6.26.2,2025-04-27 05:53:24,very good i love it can you please add a thing in it like we can talk with our friends in it,0.939,positive,22
victor odongo,Exceptional app for learning💯📌,5,0,5.141.7,2025-04-27 05:52:56,exceptional app for learning,0.0,neutral,4
Jeethy M R,nice it's like a game,5,0,6.27.4,2025-04-27 05:51:59,nice its like a game,0.6486,positive,5
Teena RNO30,Best aap to know your potential and improve yourself,5,0,6.27.4,2025-04-27 05:51:46,best aap to know your potential and improve yourself,0.7964,positive,9
Jater Saragih,"aplikasi ini benar benar keren, karena membantu ku belajar bahasa inggris dengan menyenangkan dan mudah di pahami",5,0,6.26.2,2025-04-27 05:51:26,aplikasi ini benar benar keren karena membantu ku belajar bahasa inggris dengan menyenangkan dan mudah di pahami,0.0,neutral,17
Twara and Jagruti Patel R.,wonderful,4,0,,2025-04-27 05:49:51,wonderful,0.5719,positive,1
Shreesh Sharma,it's a really great app to learn languages and more!,5,0,,2025-04-27 05:49:18,its a really great app to learn languages and more,0.659,positive,10
Uminathi,you can learn any language,5,0,6.27.4,2025-04-27 05:48:34,you can learn any language,0.0,neutral,5
Rupali Patil,It is the best app I have no words,5,0,,2025-04-27 05:48:22,it is the best app i have no words,0.4588,positive,9
Talha Naveed,tell me tences,4,0,6.27.4,2025-04-27 05:45:51,tell me tences,0.0,neutral,3
ANIL THOMAS,excellent,5,0,6.26.2,2025-04-27 05:45:34,excellent,0.5719,positive,1
Roksana Khatun,অনেক ধন্যবাদ,5,0,6.27.4,2025-04-27 05:44:26,,0.0,neutral,0
S. G.,nice 👍 please provide conversation fluently,4,0,6.27.4,2025-04-27 05:42:21,nice please provide conversation fluently,0.6249,positive,5
Shailaja V,good i can talk very well and this used very very well,4,0,6.27.4,2025-04-27 05:41:54,good i can talk very well and this used very very well,0.7708,positive,12
Minyahil Alamirew,it is help full,5,0,6.27.4,2025-04-27 05:41:11,it is help full,0.4019,positive,4
Bhawna Dehari,mast hay Mane socha usse kafi mjedar va dilchasp hay and bolne sa sikhane me aasani lgti hay aap is best options ♥️👍👍💖💖 thankyou Duolingo,5,0,6.27.4,2025-04-27 05:39:59,mast hay mane socha usse kafi mjedar va dilchasp hay and bolne sa sikhane me aasani lgti hay aap is best options thankyou duolingo,0.6369,positive,24
DIVYA Dharshini,Worst app to learn language and it has a huge bugs.I can't able to arrange the sentence in a order.I am a english learner with help of my native language (Tamil). Even though I answer correctly.The app is insisting that I am wrong and l am losing my hearts for that.I really like the way of teaching it's really innovative but I would highly recommend to fix the bugs.,2,2,6.27.4,2025-04-27 05:39:02,worst app to learn language and it has a huge bugsi cant able to arrange the sentence in a orderi am a english learner with help of my native language tamil even though i answer correctlythe app is insisting that i am wrong and l am losing my hearts for thati really like the way of teaching its really innovative but i would highly recommend to fix the bugs,0.6037,positive,69
Marcus Shaw,"Family Plan subscriber. Becoming frustrating. It's not cheap. Good enough for absolute beginners. Daily Games make it easy to get in to. Once you have the basics it's very limited. Too much AI, pronunciation is ""strange"" and it doesn't accept English (vs American). Unfortunately instead of continuing to improve the app like their competitors, they're choosing a program of shitification, where improvements and upgrades get stuck behind a paywall. Duolingo is already over priced for what it is.",3,5,6.27.4,2025-04-27 05:38:00,family plan subscriber becoming frustrating its not cheap good enough for absolute beginners daily games make it easy to get in to once you have the basics its very limited too much ai pronunciation is strange and it doesnt accept english vs american unfortunately instead of continuing to improve the app like their competitors theyre choosing a program of shitification where improvements and upgrades get stuck behind a paywall duolingo is already over priced for what it is,-0.5078,negative,78
Arshadali Maksudali Shah,just fix you comment section I can't comment anywhere there in duo i deleted and reinstalled the app like five time still the issue is happening Over all it is a fantastic app,1,0,,2025-04-27 05:37:43,just fix you comment section i cant comment anywhere there in duo i deleted and reinstalled the app like five time still the issue is happening over all it is a fantastic app,0.7269,positive,33
Farhan wasif Tamim,good,3,0,6.27.4,2025-04-27 05:37:16,good,0.4404,positive,1
NARMATHA P,good lesson,2,0,6.27.4,2025-04-27 05:36:07,good lesson,0.4404,positive,2
Kevin,"very helpful, arghh thank youuuuuu so much",5,0,,2025-04-27 05:35:40,very helpful arghh thank youuuuuu so much,0.7056,positive,7
asitha rathnayakaxx,perfect ❤️❤️,5,0,6.27.4,2025-04-27 05:33:42,perfect,0.5719,positive,1
Aulia Ahmad Panjaitan,I can't start any lesson in different language course. it keep repeat in the first unit and first lesson...,3,0,5.141.7,2025-04-27 05:32:54,i cant start any lesson in different language course it keep repeat in the first unit and first lesson,0.0,neutral,19
Ankit Pandit ji,best hai,5,0,6.27.4,2025-04-27 05:32:18,best hai,0.6369,positive,2
Andrew Morrall,"Constant adverts after every lesson. Basically harassment, no matter how many times you say NO to super duolongo. Plus they have removed ""Practice to earn hearts"" which was an excellent feature.",1,2,6.27.4,2025-04-27 05:31:53,constant adverts after every lesson basically harassment no matter how many times you say no to super duolongo plus they have removed practice to earn hearts which was an excellent feature,0.2023,positive,31
Mehedi Hassan,"really it’s work,,",5,0,6.27.4,2025-04-27 05:29:36,really its work,0.0,neutral,3
K “kcb” B,this is okay for beginners but I don't think it's a tool for more serious Learners I haven't tried super though.,4,0,6.26.2,2025-04-27 05:28:25,this is okay for beginners but i dont think its a tool for more serious learners i havent tried super though,-0.6867,negative,21
Honey Padhu,this is verysuper learning app,5,0,,2025-04-27 05:27:25,this is verysuper learning app,0.0,neutral,5
Josh Gordon,great learning app but very hard to commit to learning without paying for super or max,4,0,6.27.4,2025-04-27 05:25:46,great learning app but very hard to commit to learning without paying for super or max,-0.1313,negative,16
Kevin Molnar,"helped me learn spanish, gracias duolingo",5,0,6.27.4,2025-04-27 05:23:25,helped me learn spanish gracias duolingo,0.0,neutral,6
Minaxi Valmiki,💩💩💩,1,0,,2025-04-27 05:21:36,,0.0,neutral,0
Mani Mani,Great language learning platform 👌👌👌,5,0,6.25.4,2025-04-27 05:19:08,great language learning platform,0.6249,positive,4
Bhart Yadav,Amazing app for learning english. thankyou,5,0,6.27.4,2025-04-27 05:16:17,amazing app for learning english thankyou,0.5859,positive,6
Asha bisht Asha bisht,duolingo help me to learn english thank you duolingo,5,0,6.27.4,2025-04-27 05:15:43,duolingo help me to learn english thank you duolingo,0.6369,positive,9
Laiba Komal,you're giving me same words I am bored by them please provide me new words,1,0,5.141.7,2025-04-27 05:15:39,youre giving me same words i am bored by them please provide me new words,0.3818,positive,15
Brandon B,"the hearts system punishing you for trying to learn is pretty lame, I enjoyed the app before they added it.",1,0,6.27.4,2025-04-27 05:15:25,the hearts system punishing you for trying to learn is pretty lame i enjoyed the app before they added it,0.0258,neutral,20
padmini harshal,It makes my Japanese understandable for my relatives I love it so much it is the best learning app,5,0,,2025-04-27 05:14:09,it makes my japanese understandable for my relatives i love it so much it is the best learning app,0.8555,positive,19
Lydia Koni,Awesome but I would like to have a stand battle with duo on a big stage,4,0,,2025-04-27 05:13:53,awesome but i would like to have a stand battle with duo on a big stage,0.34,positive,16
Ritika,"Rn I have been facing a lot of troubles like suddenly this app would change a lot of its features & interface making it tough to use(for everything you do, you'll have to make some kind of purchase through in-game currency or realtime purchase)then after a while, it comes back to original version/interface. But this time the app is stuck, not getting back to normal..not only makes app tough to use but also its running slow. i have updated the app too. idk if it's a loophole or glitch.PLZZ FIX IT",1,7,6.27.4,2025-04-27 05:13:34,rn i have been facing a lot of troubles like suddenly this app would change a lot of its features interface making it tough to usefor everything you do youll have to make some kind of purchase through ingame currency or realtime purchasethen after a while it comes back to original versioninterface but this time the app is stuck not getting back to normalnot only makes app tough to use but also its running slow i have updated the app too idk if its a loophole or glitchplzz fix it,-0.5719,negative,90
M S,really good!! super easy to follow. beginner here,5,0,6.27.4,2025-04-27 05:13:09,really good super easy to follow beginner here,0.8894,positive,8
Kidie Wubshet,simply Duo is amazing you learn and have fun at the same time,1,0,6.27.4,2025-04-27 05:12:53,simply duo is amazing you learn and have fun at the same time,0.7964,positive,13
Fiza Nadeem,amazing 😍🤩🤩🤩,5,0,6.27.4,2025-04-27 05:11:48,amazing,0.5859,positive,1
balakiyem balakiyem,I love the app because I like to learn new language,5,0,6.27.4,2025-04-27 05:11:41,i love the app because i like to learn new language,0.7717,positive,11
Nakanyike Deborah,the lessons are good but at some point Duo does not give you the power boosts even after you complete a daily goal. sometimes the app freezes at critical moments almost like someone is trying to keep you from attaining your XP. also once you reach Diamond league. it feels like the app is no longer worth it,1,0,6.27.4,2025-04-27 05:10:23,the lessons are good but at some point duo does not give you the power boosts even after you complete a daily goal sometimes the app freezes at critical moments almost like someone is trying to keep you from attaining your xp also once you reach diamond league it feels like the app is no longer worth it,0.9122,positive,58
DatoGenix,i love it,3,0,5.141.7,2025-04-27 05:08:57,i love it,0.6369,positive,3
Consolata Mwangi,I feel like a pro in only 2 days . Well designed for beginners.,5,0,6.27.4,2025-04-27 05:08:33,i feel like a pro in only 2 days well designed for beginners,0.5574,positive,13
Alexia KOEHRET PINHEIRO,c super pratique on peut apprendre bcp de langue differente et super facilement,5,0,6.27.4,2025-04-27 05:07:56,c super pratique on peut apprendre bcp de langue differente et super facilement,0.8316,positive,13
Auzhan Sahebdad nijat,best app for learning languages 😇,5,0,6.27.4,2025-04-27 05:07:15,best app for learning languages,0.6369,positive,5
Rolyana Mohammad,i learned a lot!,5,0,6.27.4,2025-04-27 05:06:28,i learned a lot,0.0,neutral,4
Peter Gidudu,"Very user friendly, and effective.",4,0,6.27.4,2025-04-27 05:03:07,very user friendly and effective,0.7635,positive,5
Andrew Stanton,Great for learning any language; totally recommend for any age.,5,0,6.27.4,2025-04-27 05:02:58,great for learning any language totally recommend for any age,0.7841,positive,10
RABIN LATHIKA,nice,5,0,6.27.4,2025-04-27 05:01:31,nice,0.4215,positive,1
Mircea Verstiuc,I loove Duolingo and my parents love it,5,0,,2025-04-27 05:00:46,i loove duolingo and my parents love it,0.6369,positive,8
Prasad,it was a usefull app,5,0,6.27.4,2025-04-27 05:00:01,it was a usefull app,0.0,neutral,5
Imtiyaz Ahmad,Duolingo is a Very best Application for to learn world's Different Languages ❤❤❤,5,0,6.26.2,2025-04-27 04:59:06,duolingo is a very best application for to learn worlds different languages,0.6697,positive,12
Amis Ross,I know how to speak German Danke,5,0,6.27.4,2025-04-27 04:58:48,i know how to speak german danke,0.0,neutral,7
Alexander Moller,Lots of fun and learning along the way!,5,0,6.27.4,2025-04-27 04:57:03,lots of fun and learning along the way,0.5106,positive,8
Gadaa Tech,the best way to master any language,5,0,,2025-04-27 04:56:48,the best way to master any language,0.6369,positive,7
Louay 47,Very good but the ads are annoying sometimes,4,0,6.27.4,2025-04-27 04:55:06,very good but the ads are annoying sometimes,-0.3514,negative,8
Sagar Kalunkhe,is easy to understand and very good experience,5,0,6.27.4,2025-04-27 04:54:36,is easy to understand and very good experience,0.7264,positive,8
Matthew Thelwel,I hav been doing this for 1 day and I know 🇵🇱,5,0,,2025-04-27 04:53:42,i hav been doing this for 1 day and i know,0.0,neutral,11
Nhyira Nkunim,You are making me always start from unit 1 lesson1 but you haven't even taught me anything,1,0,5.141.7,2025-04-27 04:52:45,you are making me always start from unit 1 lesson1 but you havent even taught me anything,0.0,neutral,17
Mina Petijevic,Its fun and i can study aniting i want ty duolingo,5,0,6.27.4,2025-04-27 04:52:28,its fun and i can study aniting i want ty duolingo,0.7351,positive,11
Kiran Ahuja,best,5,0,6.27.4,2025-04-27 04:50:03,best,0.6369,positive,1
kanchan kashyap,👍,4,0,6.27.4,2025-04-27 04:47:39,,0.0,neutral,0
Bharani,it is a joyful app. as a hindi student it doesn't say the words correctly.but it is a free language learning app.,4,0,6.27.4,2025-04-27 04:47:35,it is a joyful app as a hindi student it doesnt say the words correctlybut it is a free language learning app,0.802,positive,22
Satish Kumar Suredia,helpful and fun,5,0,6.27.4,2025-04-27 04:47:06,helpful and fun,0.7269,positive,3
dan holding,"brilliant app for learning at your own pace... listen, write, read and talk.. ai phone calls can be a bit glitchy but works well.. I've learnt over 100 words in 8 days..",5,0,6.26.2,2025-04-27 04:45:10,brilliant app for learning at your own pace listen write read and talk ai phone calls can be a bit glitchy but works well ive learnt over 100 words in 8 days,0.6187,positive,32
yudhie allessandro,omg its da best!!!!!!,5,0,6.25.4,2025-04-27 04:44:20,omg its da best,0.6369,positive,4
Syed Waqas Shah Sherazi,excellent 👌,5,0,6.27.4,2025-04-27 04:43:04,excellent,0.5719,positive,1
Maddison Buotte,it's a great way to learn your favorite language,5,0,6.27.4,2025-04-27 04:43:00,its a great way to learn your favorite language,0.7964,positive,9
Ujjwal Narayan Rai,nice 👍👍,4,0,6.27.4,2025-04-27 04:42:55,nice,0.4215,positive,1
"S,S Sakib",this is very good app and I can't find like this application this is so Wonderful 😊👍 thanks for Duolingo,5,0,6.26.2,2025-04-27 04:42:36,this is very good app and i cant find like this application this is so wonderful thanks for duolingo,0.8751,positive,19
Johanna Mary H Santos,Very helpful,5,0,6.27.4,2025-04-27 04:41:18,very helpful,0.4754,positive,2
